"","CBSA","CBSA_Name","CBSA_POP","CBSA_EMP","CBSA_WRK","TotPop","AutoOwn0","AutoOwn1","AutoOwn2p","NatWalkInd","TotEmp","E5_Ret","E5_Off","E5_Ind","E5_Svc","E5_Ent","E_LowWageWk","E_MedWageWk","E_HiWageWk"
"1",10540,"Albany-Lebanon, OR",122870,45171,53321,1771,30,186,298,10.5,1843,22,103,1415,229,74,256,470,1117
"2",10540,"Albany-Lebanon, OR",122870,45171,53321,1273,25,140,189,16.66666667,735,45,99,345,213,33,107,208,420
"3",10540,"Albany-Lebanon, OR",122870,45171,53321,2340,38,361,485,13.83333333,127,9,24,29,65,0,29,55,43
"4",10540,"Albany-Lebanon, OR",122870,45171,53321,1910,93,307,381,13,523,302,25,8,82,106,170,254,99
"5",10540,"Albany-Lebanon, OR",122870,45171,53321,1794,0,360,300,10.5,16,0,1,8,7,0,7,8,1
"6",10540,"Albany-Lebanon, OR",122870,45171,53321,818,10,102,243,4.833333333,642,13,82,483,33,31,105,259,278
"7",10540,"Albany-Lebanon, OR",122870,45171,53321,921,0,67,275,3.166666667,117,2,0,93,22,0,23,38,56
"8",10540,"Albany-Lebanon, OR",122870,45171,53321,1550,0,78,476,4.166666667,135,5,0,60,68,2,36,60,39
"9",10540,"Albany-Lebanon, OR",122870,45171,53321,1447,25,215,292,13.33333333,334,35,88,66,115,30,80,123,131
"10",10540,"Albany-Lebanon, OR",122870,45171,53321,1723,0,101,504,2.166666667,249,11,1,228,6,3,32,103,114
"11",10540,"Albany-Lebanon, OR",122870,45171,53321,1500,0,102,403,5.166666667,57,0,0,16,41,0,22,21,14
"12",10540,"Albany-Lebanon, OR",122870,45171,53321,1461,66,111,394,6.5,195,9,87,36,42,21,75,54,66
"13",10540,"Albany-Lebanon, OR",122870,45171,53321,685,0,29,248,2.833333333,144,4,8,129,3,0,50,63,31
"14",10540,"Albany-Lebanon, OR",122870,45171,53321,985,60,230,203,11.16666667,54,5,3,3,43,0,14,15,25
"15",10540,"Albany-Lebanon, OR",122870,45171,53321,1151,81,46,302,9,76,0,0,22,54,0,31,28,17
"16",10540,"Albany-Lebanon, OR",122870,45171,53321,2358,40,184,643,5.833333333,512,7,85,240,180,0,133,200,179
"17",10540,"Albany-Lebanon, OR",122870,45171,53321,964,0,63,334,4,123,0,22,78,23,0,30,44,49
"18",10540,"Albany-Lebanon, OR",122870,45171,53321,1484,29,61,340,4.166666667,422,13,0,376,33,0,53,162,207
"19",10540,"Albany-Lebanon, OR",122870,45171,53321,890,15,49,228,4,58,6,9,40,3,0,9,22,27
"20",10540,"Albany-Lebanon, OR",122870,45171,53321,1101,0,157,234,2.166666667,1467,6,7,1386,66,2,193,399,875
"21",10540,"Albany-Lebanon, OR",122870,45171,53321,1335,15,66,289,3,475,28,0,427,18,2,74,175,226
"22",10540,"Albany-Lebanon, OR",122870,45171,53321,1499,14,193,404,9.333333333,576,280,65,15,166,50,138,328,110
"23",10540,"Albany-Lebanon, OR",122870,45171,53321,2408,130,536,427,17,2613,951,522,42,585,513,947,1258,408
"24",10540,"Albany-Lebanon, OR",122870,45171,53321,847,16,149,186,12.83333333,244,75,1,24,96,48,87,107,50
"25",10540,"Albany-Lebanon, OR",122870,45171,53321,1699,0,100,397,3.166666667,433,0,2,382,27,22,77,120,236
"26",10540,"Albany-Lebanon, OR",122870,45171,53321,1280,15,41,348,4,103,0,0,17,86,0,33,59,11
"27",10540,"Albany-Lebanon, OR",122870,45171,53321,4821,35,509,1273,14.5,1881,646,147,523,317,248,449,837,595
"28",10540,"Albany-Lebanon, OR",122870,45171,53321,4015,31,256,1028,8.5,758,41,17,51,640,9,155,291,312
"29",10540,"Albany-Lebanon, OR",122870,45171,53321,1351,4,121,365,5,1274,82,91,879,210,12,257,459,558
"30",10540,"Albany-Lebanon, OR",122870,45171,53321,679,4,53,226,3.333333333,176,0,0,172,4,0,11,48,117
"31",10540,"Albany-Lebanon, OR",122870,45171,53321,1542,7,141,401,7.333333333,81,0,6,24,51,0,24,30,27
"32",10540,"Albany-Lebanon, OR",122870,45171,53321,782,11,40,246,2.5,17,0,0,16,1,0,6,5,6
"33",10540,"Albany-Lebanon, OR",122870,45171,53321,2153,19,195,643,4.333333333,2908,20,123,2268,464,33,260,830,1818
"34",10540,"Albany-Lebanon, OR",122870,45171,53321,2066,31,304,542,12,2312,43,76,1013,1134,46,688,749,875
"35",10540,"Albany-Lebanon, OR",122870,45171,53321,2044,45,171,594,6.666666667,239,31,26,82,67,33,83,107,49
"36",10540,"Albany-Lebanon, OR",122870,45171,53321,723,0,68,184,3.333333333,198,3,0,173,22,0,27,37,134
"37",10540,"Albany-Lebanon, OR",122870,45171,53321,536,0,12,182,12.83333333,127,8,0,4,115,0,65,53,9
"38",10540,"Albany-Lebanon, OR",122870,45171,53321,858,6,144,215,4.333333333,76,0,0,28,37,11,22,28,26
"39",10540,"Albany-Lebanon, OR",122870,45171,53321,2121,0,187,645,3.333333333,1121,5,10,918,178,10,118,250,753
"40",10540,"Albany-Lebanon, OR",122870,45171,53321,957,17,42,246,14.66666667,1200,0,0,4,1196,0,155,468,577
"41",10540,"Albany-Lebanon, OR",122870,45171,53321,622,110,71,149,18.83333333,190,10,5,23,113,39,46,79,65
"42",10540,"Albany-Lebanon, OR",122870,45171,53321,855,0,71,230,12,88,4,0,74,4,6,20,19,49
"43",10540,"Albany-Lebanon, OR",122870,45171,53321,870,17,90,289,18,531,71,8,66,335,51,195,218,118
"44",10540,"Albany-Lebanon, OR",122870,45171,53321,832,30,176,208,18.5,416,24,192,97,89,14,113,111,192
"45",10540,"Albany-Lebanon, OR",122870,45171,53321,1154,125,200,258,18.5,2714,123,1353,194,793,251,693,709,1312
"46",10540,"Albany-Lebanon, OR",122870,45171,53321,1150,101,198,261,18.33333333,868,125,48,264,249,182,209,413,246
"47",10540,"Albany-Lebanon, OR",122870,45171,53321,2965,102,559,543,12.33333333,250,44,1,1,204,0,81,127,42
"48",10540,"Albany-Lebanon, OR",122870,45171,53321,1082,0,112,346,2.666666667,159,0,1,142,16,0,35,59,65
"49",10540,"Albany-Lebanon, OR",122870,45171,53321,1276,0,128,348,9.666666667,532,5,67,410,41,9,107,168,257
"50",10540,"Albany-Lebanon, OR",122870,45171,53321,721,0,180,206,4.833333333,446,16,7,278,143,2,77,147,222
"51",10540,"Albany-Lebanon, OR",122870,45171,53321,1546,15,46,414,3.666666667,96,2,9,51,33,1,37,25,34
"52",10540,"Albany-Lebanon, OR",122870,45171,53321,979,7,78,284,6.333333333,546,7,31,102,390,16,80,211,255
"53",10540,"Albany-Lebanon, OR",122870,45171,53321,930,34,49,269,2.666666667,122,0,0,110,8,4,26,32,64
"54",10540,"Albany-Lebanon, OR",122870,45171,53321,1002,0,19,350,4.166666667,187,11,7,128,41,0,41,67,79
"55",10540,"Albany-Lebanon, OR",122870,45171,53321,850,0,51,276,3.833333333,74,0,0,40,31,3,13,28,33
"56",10540,"Albany-Lebanon, OR",122870,45171,53321,1036,16,83,288,5.166666667,106,14,3,67,22,0,21,40,45
"57",10540,"Albany-Lebanon, OR",122870,45171,53321,1487,0,102,465,4.166666667,340,91,0,230,19,0,69,120,151
"58",10540,"Albany-Lebanon, OR",122870,45171,53321,1605,38,296,259,16.16666667,401,9,175,5,164,48,89,140,172
"59",10540,"Albany-Lebanon, OR",122870,45171,53321,1610,26,316,340,14,137,0,3,28,106,0,35,56,46
"60",10540,"Albany-Lebanon, OR",122870,45171,53321,1454,66,349,304,15.66666667,574,156,39,13,284,82,207,237,130
"61",10540,"Albany-Lebanon, OR",122870,45171,53321,1675,44,102,381,4.833333333,175,7,2,94,62,10,42,54,79
"62",10540,"Albany-Lebanon, OR",122870,45171,53321,921,133,297,103,16.33333333,403,60,1,0,212,130,182,156,65
"63",10540,"Albany-Lebanon, OR",122870,45171,53321,1882,16,291,377,11,2022,21,8,1268,592,133,333,983,706
"64",10540,"Albany-Lebanon, OR",122870,45171,53321,1425,110,296,218,10.66666667,504,0,16,10,478,0,118,294,92
"65",10540,"Albany-Lebanon, OR",122870,45171,53321,1010,58,79,268,15.83333333,634,150,44,76,106,258,286,248,100
"66",10540,"Albany-Lebanon, OR",122870,45171,53321,2215,50,381,534,8.333333333,66,0,19,11,36,0,21,27,18
"67",10540,"Albany-Lebanon, OR",122870,45171,53321,1186,0,16,400,2.666666667,53,3,0,38,12,0,7,23,23
"68",10540,"Albany-Lebanon, OR",122870,45171,53321,1774,14,109,483,3.333333333,161,0,1,132,27,1,24,91,46
"69",10540,"Albany-Lebanon, OR",122870,45171,53321,2460,70,271,586,13.16666667,288,22,30,170,48,18,75,105,108
"70",10540,"Albany-Lebanon, OR",122870,45171,53321,2530,20,409,421,8,709,59,44,316,251,39,181,280,248
"71",10540,"Albany-Lebanon, OR",122870,45171,53321,1429,12,149,435,4,366,11,21,280,53,1,69,110,187
"72",10540,"Albany-Lebanon, OR",122870,45171,53321,1164,32,109,277,5.166666667,24,0,2,5,7,10,11,7,6
"73",10540,"Albany-Lebanon, OR",122870,45171,53321,694,20,162,147,7.333333333,135,21,4,0,106,4,39,57,39
"74",10540,"Albany-Lebanon, OR",122870,45171,53321,803,0,72,183,16.66666667,290,147,23,28,51,41,117,126,47
"75",10540,"Albany-Lebanon, OR",122870,45171,53321,496,18,153,48,12.83333333,491,58,33,70,200,130,133,220,138
"76",10540,"Albany-Lebanon, OR",122870,45171,53321,1228,10,117,333,7.333333333,379,47,27,119,186,0,99,145,135
"77",10540,"Albany-Lebanon, OR",122870,45171,53321,1979,7,219,490,9.166666667,1152,22,2,95,1016,17,155,479,518
"78",10540,"Albany-Lebanon, OR",122870,45171,53321,729,127,126,167,17.16666667,975,92,113,88,588,94,269,357,349
"79",10540,"Albany-Lebanon, OR",122870,45171,53321,1776,137,144,405,6,131,0,0,7,124,0,56,58,17
"80",10540,"Albany-Lebanon, OR",122870,45171,53321,2536,0,149,724,13.83333333,76,6,1,14,22,33,22,42,12
"81",10540,"Albany-Lebanon, OR",122870,45171,53321,868,23,135,271,15.16666667,281,0,2,24,214,41,71,97,113
"82",10540,"Albany-Lebanon, OR",122870,45171,53321,2155,0,212,531,13,93,5,0,15,73,0,25,37,31
"83",10540,"Albany-Lebanon, OR",122870,45171,53321,1501,20,192,317,6.333333333,687,0,75,231,375,6,142,267,278
"84",10540,"Albany-Lebanon, OR",122870,45171,53321,1025,72,67,355,14.16666667,290,0,2,87,182,19,87,105,98
"85",10540,"Albany-Lebanon, OR",122870,45171,53321,1541,59,151,366,15.83333333,1368,471,80,34,414,369,551,535,282
"86",11820,"Astoria, OR",38562,16588,18921,1195,22,187,286,10.83333333,245,21,13,115,88,8,57,118,70
"87",11820,"Astoria, OR",38562,16588,18921,869,0,87,248,15.16666667,212,18,23,50,100,21,71,78,63
"88",11820,"Astoria, OR",38562,16588,18921,741,23,151,140,5.333333333,209,16,0,71,32,90,69,92,48
"89",11820,"Astoria, OR",38562,16588,18921,673,88,247,92,17.66666667,658,66,33,33,235,291,247,320,91
"90",11820,"Astoria, OR",38562,16588,18921,1067,0,8,284,3.5,32,0,0,18,13,1,8,12,12
"91",11820,"Astoria, OR",38562,16588,18921,1303,34,225,326,13,178,6,40,11,87,34,58,49,71
"92",11820,"Astoria, OR",38562,16588,18921,689,11,73,198,9.333333333,257,8,4,10,195,40,108,77,72
"93",11820,"Astoria, OR",38562,16588,18921,1306,5,100,273,4.833333333,71,0,0,27,44,0,26,27,18
"94",11820,"Astoria, OR",38562,16588,18921,858,102,193,127,7.666666667,861,140,37,46,235,403,378,387,96
"95",11820,"Astoria, OR",38562,16588,18921,1389,17,70,436,9.333333333,321,16,11,152,112,30,71,99,151
"96",11820,"Astoria, OR",38562,16588,18921,1606,19,176,338,6.666666667,519,257,11,76,139,36,131,214,174
"97",11820,"Astoria, OR",38562,16588,18921,2241,120,202,479,6.833333333,560,51,8,63,303,135,119,220,221
"98",11820,"Astoria, OR",38562,16588,18921,1245,0,81,377,3.5,105,14,0,71,20,0,22,30,53
"99",11820,"Astoria, OR",38562,16588,18921,778,0,133,199,14.5,693,59,104,31,27,472,193,375,125
"100",11820,"Astoria, OR",38562,16588,18921,2759,61,258,667,11.83333333,436,16,109,32,250,29,139,141,156
"101",11820,"Astoria, OR",38562,16588,18921,0,0,0,0,1,0,0,0,0,0,0,0,0,0
"102",11820,"Astoria, OR",38562,16588,18921,1297,19,196,320,10.5,326,0,6,190,61,69,81,119,126
"103",11820,"Astoria, OR",38562,16588,18921,1469,33,138,415,7.5,255,1,50,79,63,62,66,90,99
"104",11820,"Astoria, OR",38562,16588,18921,781,21,202,112,15.5,690,76,61,214,141,198,150,305,235
"105",11820,"Astoria, OR",38562,16588,18921,508,12,162,75,18.33333333,1203,115,118,115,342,513,432,552,219
"106",11820,"Astoria, OR",38562,16588,18921,653,55,132,142,16.66666667,1473,130,107,138,967,131,253,596,624
"107",11820,"Astoria, OR",38562,16588,18921,1377,59,290,261,11,147,0,59,31,29,28,44,48,55
"108",11820,"Astoria, OR",38562,16588,18921,1043,0,91,325,5.333333333,121,31,7,62,21,0,27,51,43
"109",11820,"Astoria, OR",38562,16588,18921,853,32,105,251,9.5,289,32,24,65,45,123,70,133,86
"110",11820,"Astoria, OR",38562,16588,18921,515,40,120,124,13.33333333,135,6,0,0,9,120,48,72,15
"111",11820,"Astoria, OR",38562,16588,18921,1240,43,281,250,15.5,482,17,360,22,66,17,86,112,284
"112",11820,"Astoria, OR",38562,16588,18921,266,0,7,45,7.333333333,365,0,0,98,256,11,46,230,89
"113",11820,"Astoria, OR",38562,16588,18921,619,31,170,132,12.66666667,1411,417,39,497,273,185,388,552,471
"114",11820,"Astoria, OR",38562,16588,18921,1283,37,186,298,14.66666667,247,52,18,5,118,54,75,70,102
"115",11820,"Astoria, OR",38562,16588,18921,1170,141,206,234,13,194,5,4,82,81,22,56,55,83
"116",11820,"Astoria, OR",38562,16588,18921,1537,9,210,452,2.833333333,71,2,6,53,10,0,25,24,22
"117",11820,"Astoria, OR",38562,16588,18921,401,55,58,88,15.83333333,220,21,3,45,91,60,76,90,54
"118",11820,"Astoria, OR",38562,16588,18921,454,0,47,162,6.5,229,42,0,156,31,0,56,79,94
"119",11820,"Astoria, OR",38562,16588,18921,1247,28,318,173,16.83333333,504,143,76,9,134,142,222,199,83
"120",11820,"Astoria, OR",38562,16588,18921,846,57,150,103,17.16666667,682,209,146,35,84,208,243,314,125
"121",11820,"Astoria, OR",38562,16588,18921,563,47,145,146,16.16666667,1267,119,42,6,189,911,488,618,161
"122",11820,"Astoria, OR",38562,16588,18921,636,0,111,172,3.333333333,737,10,13,654,43,17,50,57,630
"123",11820,"Astoria, OR",38562,16588,18921,1085,7,115,301,5,183,16,2,29,60,76,60,52,71
"124",13460,"Bend, OR",180640,77721,77525,2479,19,169,716,3.666666667,171,0,8,27,124,12,34,88,49
"125",13460,"Bend, OR",180640,77721,77525,252,0,31,75,9.5,649,22,71,3,41,512,240,272,137
"126",13460,"Bend, OR",180640,77721,77525,2010,50,245,662,7.666666667,589,38,89,174,219,69,134,224,231
"127",13460,"Bend, OR",180640,77721,77525,1509,0,114,483,5.5,260,9,22,100,129,0,37,90,133
"128",13460,"Bend, OR",180640,77721,77525,2833,0,261,771,9.333333333,170,10,2,39,101,18,62,68,40
"129",13460,"Bend, OR",180640,77721,77525,3551,33,237,940,8.166666667,183,0,0,53,130,0,49,68,66
"130",13460,"Bend, OR",180640,77721,77525,2228,20,230,540,14.83333333,139,14,5,59,55,6,50,64,25
"131",13460,"Bend, OR",180640,77721,77525,2188,0,545,542,9.833333333,697,59,192,80,342,24,108,207,382
"132",13460,"Bend, OR",180640,77721,77525,1748,374,422,190,14.5,1919,69,32,32,1769,17,255,775,889
"133",13460,"Bend, OR",180640,77721,77525,1511,12,457,405,18.33333333,5467,711,739,923,2327,767,1258,1938,2271
"134",13460,"Bend, OR",180640,77721,77525,1237,0,41,512,7,608,27,26,199,303,53,101,151,356
"135",13460,"Bend, OR",180640,77721,77525,217,0,41,129,2.166666667,20,1,17,0,2,0,2,1,17
"136",13460,"Bend, OR",180640,77721,77525,1612,14,188,605,4.166666667,136,2,17,40,71,6,23,39,74
"137",13460,"Bend, OR",180640,77721,77525,1740,27,117,596,4.5,209,7,15,91,45,51,55,84,70
"138",13460,"Bend, OR",180640,77721,77525,1076,0,42,407,3.166666667,81,0,3,63,15,0,6,29,46
"139",13460,"Bend, OR",180640,77721,77525,4777,16,316,1318,7,337,1,8,103,225,0,94,130,113
"140",13460,"Bend, OR",180640,77721,77525,3237,0,325,940,9,2015,104,644,408,642,217,309,558,1148
"141",13460,"Bend, OR",180640,77721,77525,820,47,203,162,9.166666667,935,107,3,100,626,99,146,382,407
"142",13460,"Bend, OR",180640,77721,77525,1084,49,163,188,12.83333333,287,41,73,17,148,8,55,105,127
"143",13460,"Bend, OR",180640,77721,77525,684,88,63,221,12,1135,54,169,335,377,200,309,454,372
"144",13460,"Bend, OR",180640,77721,77525,1322,115,124,259,12.5,1129,34,171,486,295,143,182,383,564
"145",13460,"Bend, OR",180640,77721,77525,2179,50,204,543,16.66666667,1725,321,140,321,378,565,657,642,426
"146",13460,"Bend, OR",180640,77721,77525,5100,10,637,1512,8.5,2372,76,241,140,875,1040,981,828,563
"147",13460,"Bend, OR",180640,77721,77525,1907,0,272,629,3.333333333,41,0,5,23,8,5,13,18,10
"148",13460,"Bend, OR",180640,77721,77525,685,40,29,202,5.166666667,103,19,0,16,68,0,33,54,16
"149",13460,"Bend, OR",180640,77721,77525,6438,139,654,1696,14.16666667,1180,148,98,321,303,310,379,505,296
"150",13460,"Bend, OR",180640,77721,77525,750,0,0,259,3.833333333,135,0,4,95,34,2,14,40,81
"151",13460,"Bend, OR",180640,77721,77525,952,0,63,358,3.5,43,0,1,18,24,0,17,18,8
"152",13460,"Bend, OR",180640,77721,77525,1441,0,102,456,5.333333333,140,3,2,30,66,39,49,55,36
"153",13460,"Bend, OR",180640,77721,77525,3027,14,227,920,5.666666667,307,45,4,108,76,74,84,149,74
"154",13460,"Bend, OR",180640,77721,77525,1926,49,117,624,3.333333333,31,0,0,16,15,0,12,8,11
"155",13460,"Bend, OR",180640,77721,77525,966,0,91,289,5,272,10,6,171,63,22,84,111,77
"156",13460,"Bend, OR",180640,77721,77525,3368,0,251,1085,6.666666667,406,70,101,61,130,44,105,209,92
"157",13460,"Bend, OR",180640,77721,77525,4348,0,424,1309,4.666666667,162,6,6,87,63,0,35,79,48
"158",13460,"Bend, OR",180640,77721,77525,6662,15,530,1854,10.5,5664,948,512,2526,1072,606,1102,2138,2424
"159",13460,"Bend, OR",180640,77721,77525,1997,42,153,503,6,1298,41,18,32,1175,32,404,402,492
"160",13460,"Bend, OR",180640,77721,77525,3020,26,178,756,5.5,127,28,3,35,46,15,44,56,27
"161",13460,"Bend, OR",180640,77721,77525,2744,0,151,830,14.33333333,205,29,23,79,48,26,52,101,52
"162",13460,"Bend, OR",180640,77721,77525,2257,13,85,601,6.333333333,338,72,3,123,65,75,110,145,83
"163",13460,"Bend, OR",180640,77721,77525,1577,0,171,511,5.166666667,495,13,16,291,100,75,115,123,257
"164",13460,"Bend, OR",180640,77721,77525,3136,22,316,870,7.166666667,1536,416,16,718,218,168,310,590,636
"165",13460,"Bend, OR",180640,77721,77525,1724,0,220,393,9.833333333,166,2,0,24,140,0,48,47,71
"166",13460,"Bend, OR",180640,77721,77525,1519,21,44,475,5.333333333,316,21,9,146,136,4,117,108,91
"167",13460,"Bend, OR",180640,77721,77525,2479,21,473,595,14,1226,663,29,21,219,294,391,651,184
"168",13460,"Bend, OR",180640,77721,77525,1506,6,132,399,8,598,114,45,153,99,187,212,205,181
"169",13460,"Bend, OR",180640,77721,77525,3347,0,173,1036,7,848,31,50,439,317,11,138,336,374
"170",13460,"Bend, OR",180640,77721,77525,1323,0,143,356,5,153,0,3,73,77,0,34,52,67
"171",13460,"Bend, OR",180640,77721,77525,6375,0,546,1793,15.33333333,515,52,29,56,339,39,96,156,263
"172",13460,"Bend, OR",180640,77721,77525,716,0,149,184,6.5,171,21,3,27,54,66,52,69,50
"173",13460,"Bend, OR",180640,77721,77525,1877,10,108,417,4.833333333,160,5,2,88,58,7,43,65,52
"174",13460,"Bend, OR",180640,77721,77525,2326,0,83,682,6.166666667,1598,1006,34,101,132,325,588,739,271
"175",13460,"Bend, OR",180640,77721,77525,3652,0,307,1279,4.666666667,483,10,22,96,88,267,155,209,119
"176",13460,"Bend, OR",180640,77721,77525,874,82,199,93,15.33333333,3084,1253,151,654,690,336,804,1234,1046
"177",13460,"Bend, OR",180640,77721,77525,846,60,114,307,8.5,642,161,83,68,278,52,155,282,205
"178",13460,"Bend, OR",180640,77721,77525,1533,61,216,320,14.83333333,1401,122,54,94,974,157,426,758,217
"179",13460,"Bend, OR",180640,77721,77525,363,15,90,107,16.5,783,178,34,325,138,108,196,286,301
"180",13460,"Bend, OR",180640,77721,77525,750,38,151,232,18,824,109,209,13,71,422,258,359,207
"181",13460,"Bend, OR",180640,77721,77525,3093,35,897,525,15,153,2,18,20,113,0,50,52,51
"182",13460,"Bend, OR",180640,77721,77525,1693,0,82,599,5.166666667,29,0,5,8,16,0,12,9,8
"183",13460,"Bend, OR",180640,77721,77525,681,0,52,261,9.666666667,60,0,7,43,10,0,17,23,20
"184",13460,"Bend, OR",180640,77721,77525,1787,39,275,373,11.83333333,432,33,15,58,210,116,140,172,120
"185",13460,"Bend, OR",180640,77721,77525,1633,47,437,274,8.666666667,95,0,5,16,74,0,42,44,9
"186",13460,"Bend, OR",180640,77721,77525,5222,56,688,1411,14.33333333,939,16,81,132,568,142,231,270,438
"187",13460,"Bend, OR",180640,77721,77525,651,0,146,115,18.33333333,240,50,1,25,104,60,81,106,53
"188",13460,"Bend, OR",180640,77721,77525,1072,0,175,300,16.33333333,123,22,11,12,42,36,45,51,27
"189",13460,"Bend, OR",180640,77721,77525,524,14,91,140,17.83333333,423,141,18,5,116,143,149,200,74
"190",13460,"Bend, OR",180640,77721,77525,753,37,163,125,16.66666667,3353,157,623,837,1104,632,669,1126,1558
"191",13460,"Bend, OR",180640,77721,77525,1938,0,81,620,3.833333333,177,2,6,72,91,6,51,88,38
"192",13460,"Bend, OR",180640,77721,77525,1863,92,119,502,15.16666667,380,21,18,136,141,64,109,151,120
"193",13460,"Bend, OR",180640,77721,77525,2370,37,381,608,13.83333333,172,0,37,28,103,4,38,76,58
"194",13460,"Bend, OR",180640,77721,77525,1107,31,136,315,10.16666667,31,0,0,19,11,1,2,17,12
"195",13460,"Bend, OR",180640,77721,77525,2221,54,216,554,10,876,147,23,446,194,66,177,360,339
"196",13460,"Bend, OR",180640,77721,77525,1877,0,207,491,7.166666667,247,6,7,129,105,0,73,93,81
"197",13460,"Bend, OR",180640,77721,77525,3113,0,232,1047,14.33333333,1007,262,75,138,292,240,394,371,242
"198",13460,"Bend, OR",180640,77721,77525,2134,14,249,638,5,641,7,281,292,58,3,61,207,373
"199",13460,"Bend, OR",180640,77721,77525,4366,21,313,1436,8.833333333,715,50,66,115,249,235,176,289,250
"200",13460,"Bend, OR",180640,77721,77525,2440,38,615,446,14.66666667,1507,166,21,957,340,23,204,535,768
"201",13460,"Bend, OR",180640,77721,77525,1051,12,117,345,5.333333333,72,0,2,27,31,12,20,20,32
"202",13460,"Bend, OR",180640,77721,77525,826,0,169,219,9.666666667,601,123,87,59,40,292,222,242,137
"203",13460,"Bend, OR",180640,77721,77525,3118,89,453,727,13.16666667,5162,6,197,32,4927,0,428,1638,3096
"204",13460,"Bend, OR",180640,77721,77525,2402,25,157,760,5.166666667,414,28,1,171,80,134,99,179,136
"205",13460,"Bend, OR",180640,77721,77525,2967,61,518,491,9,5887,1019,1149,1359,1540,820,1470,2521,1896
"206",13460,"Bend, OR",180640,77721,77525,2271,89,511,379,19,6510,547,1367,666,2154,1776,1696,2284,2530
"207",13460,"Bend, OR",180640,77721,77525,1811,0,82,659,5.5,204,13,54,56,63,18,51,59,94
"208",13460,"Bend, OR",180640,77721,77525,1851,131,269,487,8.166666667,587,0,26,63,298,200,224,191,172
"209",15060,"Brookings, OR",22507,6010,6998,989,0,324,201,15.33333333,183,9,31,2,87,54,70,88,25
"210",15060,"Brookings, OR",22507,6010,6998,826,169,275,181,15.66666667,583,59,24,190,132,178,209,260,114
"211",15060,"Brookings, OR",22507,6010,6998,2585,0,201,895,3.166666667,274,5,5,187,62,15,42,73,159
"212",15060,"Brookings, OR",22507,6010,6998,1722,20,182,522,2.166666667,109,0,4,89,4,12,31,52,26
"213",15060,"Brookings, OR",22507,6010,6998,0,0,0,0,1,0,0,0,0,0,0,0,0,0
"214",15060,"Brookings, OR",22507,6010,6998,1829,13,331,423,7,457,63,26,204,107,57,126,183,148
"215",15060,"Brookings, OR",22507,6010,6998,2387,32,226,602,8.5,697,12,80,70,447,88,185,272,240
"216",15060,"Brookings, OR",22507,6010,6998,639,71,210,124,8.333333333,253,61,24,71,63,34,77,101,75
"217",15060,"Brookings, OR",22507,6010,6998,2416,67,176,684,4.833333333,170,7,7,31,58,67,50,79,41
"218",15060,"Brookings, OR",22507,6010,6998,1560,34,189,438,12,270,73,30,49,67,51,99,135,36
"219",15060,"Brookings, OR",22507,6010,6998,1426,37,202,336,8.333333333,168,5,4,38,108,13,47,67,54
"220",15060,"Brookings, OR",22507,6010,6998,721,49,70,259,5.5,176,23,8,65,70,10,78,64,34
"221",15060,"Brookings, OR",22507,6010,6998,1281,48,199,352,5.5,70,5,11,22,10,22,23,34,13
"222",15060,"Brookings, OR",22507,6010,6998,587,0,58,271,3.833333333,75,0,0,33,3,39,37,23,15
"223",15060,"Brookings, OR",22507,6010,6998,1508,108,280,404,8.5,763,134,183,56,218,172,193,326,244
"224",15060,"Brookings, OR",22507,6010,6998,867,19,248,223,7.833333333,168,16,6,70,59,17,58,84,26
"225",15060,"Brookings, OR",22507,6010,6998,1164,82,381,224,16.33333333,1594,347,90,413,447,297,386,692,516
"226",18300,"Coos Bay, OR",63308,21946,22512,685,18,101,226,3.833333333,126,3,7,87,11,18,38,52,36
"227",18300,"Coos Bay, OR",63308,21946,22512,1058,14,88,296,10,355,31,31,229,61,3,70,101,184
"228",18300,"Coos Bay, OR",63308,21946,22512,1171,85,136,295,4,501,2,4,13,482,0,68,281,152
"229",18300,"Coos Bay, OR",63308,21946,22512,657,23,158,160,6.5,247,33,13,130,23,48,71,102,74
"230",18300,"Coos Bay, OR",63308,21946,22512,699,12,101,193,3.166666667,67,0,2,34,31,0,24,28,15
"231",18300,"Coos Bay, OR",63308,21946,22512,1413,0,149,331,4.333333333,70,40,0,23,7,0,23,38,9
"232",18300,"Coos Bay, OR",63308,21946,22512,671,0,234,131,5.833333333,112,4,0,40,36,32,31,57,24
"233",18300,"Coos Bay, OR",63308,21946,22512,1153,25,189,324,3.166666667,166,10,4,125,3,24,34,88,44
"234",18300,"Coos Bay, OR",63308,21946,22512,1295,0,114,379,3.666666667,62,0,1,40,21,0,15,26,21
"235",18300,"Coos Bay, OR",63308,21946,22512,421,13,69,192,3.166666667,84,24,0,53,3,4,16,46,22
"236",18300,"Coos Bay, OR",63308,21946,22512,506,16,203,44,14.66666667,155,0,4,71,74,6,35,46,74
"237",18300,"Coos Bay, OR",63308,21946,22512,719,5,160,177,6,236,32,9,100,91,4,61,109,66
"238",18300,"Coos Bay, OR",63308,21946,22512,604,10,145,176,3.833333333,117,0,1,78,30,8,23,54,40
"239",18300,"Coos Bay, OR",63308,21946,22512,1035,17,76,317,2.666666667,51,0,1,40,10,0,6,28,17
"240",18300,"Coos Bay, OR",63308,21946,22512,1140,15,194,199,7.5,317,57,52,95,96,17,111,122,84
"241",18300,"Coos Bay, OR",63308,21946,22512,1551,80,259,288,16,634,203,25,24,275,107,180,301,153
"242",18300,"Coos Bay, OR",63308,21946,22512,1071,34,181,318,4.333333333,51,21,0,7,6,17,15,27,9
"243",18300,"Coos Bay, OR",63308,21946,22512,1571,0,138,363,7.333333333,217,21,16,116,58,6,40,100,77
"244",18300,"Coos Bay, OR",63308,21946,22512,879,87,300,152,12.5,378,41,14,121,145,57,44,164,170
"245",18300,"Coos Bay, OR",63308,21946,22512,590,9,82,170,13.16666667,19,0,4,5,4,6,6,10,3
"246",18300,"Coos Bay, OR",63308,21946,22512,325,35,57,74,14.83333333,164,3,12,20,129,0,43,66,55
"247",18300,"Coos Bay, OR",63308,21946,22512,660,81,141,185,14.66666667,173,0,16,0,149,8,78,61,34
"248",18300,"Coos Bay, OR",63308,21946,22512,580,0,113,213,14,51,3,20,7,5,16,32,12,7
"249",18300,"Coos Bay, OR",63308,21946,22512,859,0,62,307,4.666666667,15,0,3,5,5,2,5,7,3
"250",18300,"Coos Bay, OR",63308,21946,22512,467,18,47,166,3.833333333,130,0,2,104,24,0,13,57,60
"251",18300,"Coos Bay, OR",63308,21946,22512,1029,61,170,216,16.33333333,1218,73,118,128,350,549,227,668,323
"252",18300,"Coos Bay, OR",63308,21946,22512,534,0,68,158,12.5,78,3,0,2,73,0,16,26,36
"253",18300,"Coos Bay, OR",63308,21946,22512,549,24,49,149,15.5,766,294,88,12,207,165,278,341,147
"254",18300,"Coos Bay, OR",63308,21946,22512,908,48,144,251,4.666666667,100,0,0,72,28,0,29,35,36
"255",18300,"Coos Bay, OR",63308,21946,22512,1013,39,81,289,15.66666667,193,31,2,22,79,59,67,79,47
"256",18300,"Coos Bay, OR",63308,21946,22512,1046,82,88,253,15.33333333,831,56,167,237,260,111,273,260,298
"257",18300,"Coos Bay, OR",63308,21946,22512,777,0,148,131,12,151,29,1,78,42,1,36,56,59
"258",18300,"Coos Bay, OR",63308,21946,22512,1163,27,138,248,15.5,84,20,3,6,55,0,21,51,12
"259",18300,"Coos Bay, OR",63308,21946,22512,1017,123,174,71,16,160,31,0,30,61,38,71,50,39
"260",18300,"Coos Bay, OR",63308,21946,22512,679,61,76,121,10.16666667,242,16,20,124,56,26,54,70,118
"261",18300,"Coos Bay, OR",63308,21946,22512,1025,29,147,261,7.5,323,0,0,0,323,0,68,118,137
"262",18300,"Coos Bay, OR",63308,21946,22512,433,52,49,86,13.5,590,13,456,45,75,1,57,209,324
"263",18300,"Coos Bay, OR",63308,21946,22512,1005,24,210,194,12.33333333,151,19,2,38,91,1,54,49,48
"264",18300,"Coos Bay, OR",63308,21946,22512,1284,56,144,316,4.5,78,15,9,34,20,0,25,25,28
"265",18300,"Coos Bay, OR",63308,21946,22512,1285,12,71,421,5,182,11,0,106,65,0,40,57,85
"266",18300,"Coos Bay, OR",63308,21946,22512,2279,25,267,665,7.5,87,3,0,51,17,16,36,36,15
"267",18300,"Coos Bay, OR",63308,21946,22512,2243,104,367,453,11.33333333,427,17,107,200,100,3,162,163,102
"268",18300,"Coos Bay, OR",63308,21946,22512,1248,129,326,164,17.66666667,3219,751,468,680,714,606,756,1444,1019
"269",18300,"Coos Bay, OR",63308,21946,22512,1216,0,102,370,9.833333333,166,0,0,129,37,0,30,83,53
"270",18300,"Coos Bay, OR",63308,21946,22512,1605,43,155,337,4.666666667,84,38,2,28,8,8,24,47,13
"271",18300,"Coos Bay, OR",63308,21946,22512,1297,100,192,293,13.33333333,397,66,11,24,248,48,108,170,119
"272",18300,"Coos Bay, OR",63308,21946,22512,1541,10,54,492,2.5,40,0,0,23,13,4,10,25,5
"273",18300,"Coos Bay, OR",63308,21946,22512,865,0,70,227,3.5,712,10,0,12,29,661,121,438,153
"274",18300,"Coos Bay, OR",63308,21946,22512,1139,130,95,276,16.16666667,677,124,88,56,182,227,236,310,131
"275",18300,"Coos Bay, OR",63308,21946,22512,864,0,53,341,9.333333333,298,56,59,53,52,78,101,112,85
"276",18300,"Coos Bay, OR",63308,21946,22512,538,16,75,178,3.666666667,129,5,3,86,35,0,39,45,45
"277",18300,"Coos Bay, OR",63308,21946,22512,1175,0,89,384,3.333333333,80,6,53,10,6,5,18,13,49
"278",18300,"Coos Bay, OR",63308,21946,22512,531,15,18,184,3.666666667,535,8,0,527,0,0,18,88,429
"279",18300,"Coos Bay, OR",63308,21946,22512,762,8,106,183,15.83333333,99,17,6,15,34,27,38,45,16
"280",18300,"Coos Bay, OR",63308,21946,22512,0,0,0,0,1,0,0,0,0,0,0,0,0,0
"281",18300,"Coos Bay, OR",63308,21946,22512,2075,40,235,536,12.33333333,426,8,3,238,142,35,98,91,237
"282",18300,"Coos Bay, OR",63308,21946,22512,969,0,82,280,8,45,0,0,7,38,0,24,12,9
"283",18300,"Coos Bay, OR",63308,21946,22512,984,49,112,268,15.33333333,236,0,30,23,151,32,82,109,45
"284",18300,"Coos Bay, OR",63308,21946,22512,1493,8,126,401,5,14,0,0,3,11,0,5,4,5
"285",18300,"Coos Bay, OR",63308,21946,22512,1313,72,173,223,13.33333333,1144,35,46,52,1000,11,446,440,258
"286",18300,"Coos Bay, OR",63308,21946,22512,778,176,80,89,14.16666667,962,390,89,42,358,83,258,531,173
"287",18300,"Coos Bay, OR",63308,21946,22512,1012,56,139,195,13.5,111,0,8,3,86,14,31,70,10
"288",18300,"Coos Bay, OR",63308,21946,22512,875,8,144,183,10.83333333,2038,1,128,17,1892,0,270,682,1086
"289",18300,"Coos Bay, OR",63308,21946,22512,979,22,245,272,14.33333333,375,31,6,73,119,146,162,128,85
"290",18700,"Corvallis, OR",89780,38227,36796,2470,10,199,735,5.5,380,16,33,187,127,17,109,168,103
"291",18700,"Corvallis, OR",89780,38227,36796,995,7,100,286,15.16666667,478,0,28,10,304,136,110,143,225
"292",18700,"Corvallis, OR",89780,38227,36796,1098,150,290,166,17.66666667,472,198,33,0,219,22,167,210,95
"293",18700,"Corvallis, OR",89780,38227,36796,1464,18,152,414,14,93,14,1,20,58,0,30,42,21
"294",18700,"Corvallis, OR",89780,38227,36796,1534,50,449,329,12.83333333,3340,342,159,1610,1104,125,387,741,2212
"295",18700,"Corvallis, OR",89780,38227,36796,1394,72,261,254,14,320,1,58,3,146,112,177,94,49
"296",18700,"Corvallis, OR",89780,38227,36796,916,67,125,156,16.83333333,231,10,3,40,178,0,107,71,53
"297",18700,"Corvallis, OR",89780,38227,36796,1038,107,277,136,13.66666667,29,0,2,3,24,0,14,6,9
"298",18700,"Corvallis, OR",89780,38227,36796,647,9,150,97,15.83333333,310,33,59,16,147,55,93,107,110
"299",18700,"Corvallis, OR",89780,38227,36796,1726,0,0,0,9.666666667,7301,0,2,0,7293,6,698,1519,5084
"300",18700,"Corvallis, OR",89780,38227,36796,701,50,60,97,16.66666667,238,4,0,30,63,141,123,76,39
"301",18700,"Corvallis, OR",89780,38227,36796,1636,167,210,283,17,280,7,117,7,144,5,68,92,120
"302",18700,"Corvallis, OR",89780,38227,36796,3270,31,334,903,13.83333333,574,50,60,236,228,0,158,134,282
"303",18700,"Corvallis, OR",89780,38227,36796,2248,66,541,404,14.66666667,528,205,73,7,159,84,160,238,130
"304",18700,"Corvallis, OR",89780,38227,36796,2896,12,265,857,7.666666667,377,3,13,22,194,145,190,81,106
"305",18700,"Corvallis, OR",89780,38227,36796,1715,55,207,461,12.33333333,117,0,15,6,96,0,41,44,32
"306",18700,"Corvallis, OR",89780,38227,36796,912,12,68,257,12.83333333,41,11,2,8,7,13,18,15,8
"307",18700,"Corvallis, OR",89780,38227,36796,2437,107,494,481,9.666666667,45,0,30,0,15,0,9,22,14
"308",18700,"Corvallis, OR",89780,38227,36796,949,0,63,355,4.5,29,0,4,16,9,0,11,6,12
"309",18700,"Corvallis, OR",89780,38227,36796,604,0,107,213,15.5,54,0,0,7,47,0,27,21,6
"310",18700,"Corvallis, OR",89780,38227,36796,1173,13,190,331,17.83333333,420,49,31,59,143,138,153,154,113
"311",18700,"Corvallis, OR",89780,38227,36796,1486,17,165,355,15.16666667,245,82,14,20,55,74,99,103,43
"312",18700,"Corvallis, OR",89780,38227,36796,832,50,101,173,15.5,152,50,0,2,100,0,39,75,38
"313",18700,"Corvallis, OR",89780,38227,36796,1459,19,197,379,12.66666667,90,0,0,6,84,0,38,27,25
"314",18700,"Corvallis, OR",89780,38227,36796,1090,16,73,103,16.66666667,312,0,238,0,49,25,70,63,179
"315",18700,"Corvallis, OR",89780,38227,36796,901,13,146,189,17,1463,126,693,94,358,192,292,527,644
"316",18700,"Corvallis, OR",89780,38227,36796,1023,0,130,283,14.33333333,64,0,0,2,62,0,22,32,10
"317",18700,"Corvallis, OR",89780,38227,36796,909,13,23,295,5.333333333,250,3,1,142,104,0,90,81,79
"318",18700,"Corvallis, OR",89780,38227,36796,2288,14,160,650,6.5,63,0,7,10,43,3,36,16,11
"319",18700,"Corvallis, OR",89780,38227,36796,1659,0,123,457,10.5,115,2,7,23,61,22,34,50,31
"320",18700,"Corvallis, OR",89780,38227,36796,1029,6,103,274,4.333333333,200,7,6,113,74,0,42,74,84
"321",18700,"Corvallis, OR",89780,38227,36796,485,0,94,141,3.833333333,106,3,3,79,21,0,9,51,46
"322",18700,"Corvallis, OR",89780,38227,36796,1864,43,226,441,11.83333333,841,49,68,511,160,53,229,232,380
"323",18700,"Corvallis, OR",89780,38227,36796,1505,65,379,212,16.16666667,1905,680,116,68,716,325,847,815,243
"324",18700,"Corvallis, OR",89780,38227,36796,1167,90,138,250,10.16666667,3671,0,4,5,3560,102,347,1405,1919
"325",18700,"Corvallis, OR",89780,38227,36796,830,12,87,285,7.333333333,147,5,37,5,54,46,64,42,41
"326",18700,"Corvallis, OR",89780,38227,36796,1889,207,447,222,12.5,156,0,18,0,138,0,39,60,57
"327",18700,"Corvallis, OR",89780,38227,36796,1024,14,155,276,15.16666667,858,0,379,62,393,24,128,277,453
"328",18700,"Corvallis, OR",89780,38227,36796,1189,57,88,217,14.83333333,52,0,0,31,21,0,21,18,13
"329",18700,"Corvallis, OR",89780,38227,36796,968,9,56,247,4.333333333,414,0,15,334,65,0,48,122,244
"330",18700,"Corvallis, OR",89780,38227,36796,1153,0,87,363,4.5,194,13,0,106,68,7,43,57,94
"331",18700,"Corvallis, OR",89780,38227,36796,963,146,119,92,15.33333333,244,33,9,4,13,185,158,75,11
"332",18700,"Corvallis, OR",89780,38227,36796,2319,23,140,619,11.33333333,414,14,47,84,241,28,92,159,163
"333",18700,"Corvallis, OR",89780,38227,36796,1601,0,204,543,4,119,0,0,74,25,20,35,36,48
"334",18700,"Corvallis, OR",89780,38227,36796,1343,0,32,436,10.66666667,666,0,4,9,473,180,187,203,276
"335",18700,"Corvallis, OR",89780,38227,36796,2721,12,212,721,13.16666667,740,18,40,55,434,193,212,295,233
"336",18700,"Corvallis, OR",89780,38227,36796,1324,0,87,442,4.166666667,185,1,3,118,60,3,57,51,77
"337",18700,"Corvallis, OR",89780,38227,36796,1352,0,37,485,4.166666667,62,1,10,10,41,0,16,13,33
"338",18700,"Corvallis, OR",89780,38227,36796,1063,13,147,300,9.333333333,354,28,3,216,107,0,73,103,178
"339",18700,"Corvallis, OR",89780,38227,36796,584,26,150,99,13.83333333,44,0,0,0,40,4,8,14,22
"340",18700,"Corvallis, OR",89780,38227,36796,2199,7,166,767,4.5,245,0,0,146,58,41,60,109,76
"341",18700,"Corvallis, OR",89780,38227,36796,1343,0,139,375,13.66666667,250,132,12,44,49,13,101,122,27
"342",18700,"Corvallis, OR",89780,38227,36796,1960,69,393,380,14.66666667,706,86,131,109,234,146,213,198,295
"343",18700,"Corvallis, OR",89780,38227,36796,1095,0,28,397,3.166666667,95,5,7,69,14,0,27,20,48
"344",18700,"Corvallis, OR",89780,38227,36796,1207,4,73,349,3.166666667,212,0,11,174,24,3,41,60,111
"345",18700,"Corvallis, OR",89780,38227,36796,3761,166,568,1015,15.66666667,1428,230,365,273,494,66,264,547,617
"346",18700,"Corvallis, OR",89780,38227,36796,1026,64,61,250,11.5,250,14,9,19,183,25,75,80,95
"347",18700,"Corvallis, OR",89780,38227,36796,2110,0,35,22,18.66666667,574,136,11,0,159,268,316,180,78
"348",18700,"Corvallis, OR",89780,38227,36796,1114,87,205,211,13.83333333,161,0,27,11,102,21,69,56,36
"349",18700,"Corvallis, OR",89780,38227,36796,2890,43,362,752,12.83333333,541,16,31,109,385,0,168,177,196
"350",18700,"Corvallis, OR",89780,38227,36796,1232,181,386,221,19,3982,672,785,209,1169,1147,1251,1495,1236
"351",21660,"Eugene-Springfield, OR",368882,153842,154619,2569,118,424,520,15.16666667,1108,545,13,166,236,148,266,494,348
"352",21660,"Eugene-Springfield, OR",368882,153842,154619,1377,21,286,291,14.33333333,322,75,4,132,111,0,75,160,87
"353",21660,"Eugene-Springfield, OR",368882,153842,154619,2059,70,312,434,16.83333333,527,45,15,55,305,107,181,194,152
"354",21660,"Eugene-Springfield, OR",368882,153842,154619,2633,25,333,553,9,391,13,5,17,298,58,149,150,92
"355",21660,"Eugene-Springfield, OR",368882,153842,154619,1833,31,301,351,8.833333333,406,0,1,16,252,137,157,145,104
"356",21660,"Eugene-Springfield, OR",368882,153842,154619,1257,54,74,346,15.5,480,133,14,1,243,89,153,208,119
"357",21660,"Eugene-Springfield, OR",368882,153842,154619,1235,22,151,386,12.33333333,61,3,0,17,35,6,20,27,14
"358",21660,"Eugene-Springfield, OR",368882,153842,154619,1259,11,118,388,11.83333333,29,0,1,5,23,0,7,15,7
"359",21660,"Eugene-Springfield, OR",368882,153842,154619,1464,12,202,362,12.83333333,116,6,3,12,89,6,66,35,15
"360",21660,"Eugene-Springfield, OR",368882,153842,154619,862,0,57,240,7.833333333,972,10,1,913,48,0,110,364,498
"361",21660,"Eugene-Springfield, OR",368882,153842,154619,1514,46,300,402,13,70,4,39,3,24,0,31,23,16
"362",21660,"Eugene-Springfield, OR",368882,153842,154619,2408,33,295,553,13.33333333,536,202,36,186,69,43,123,219,194
"363",21660,"Eugene-Springfield, OR",368882,153842,154619,2616,177,553,479,14.16666667,1629,109,243,25,1185,67,324,675,630
"364",21660,"Eugene-Springfield, OR",368882,153842,154619,2023,229,619,326,14.33333333,628,115,112,4,274,123,128,281,219
"365",21660,"Eugene-Springfield, OR",368882,153842,154619,1502,35,359,268,15.5,1274,235,238,31,130,640,400,605,269
"366",21660,"Eugene-Springfield, OR",368882,153842,154619,1393,45,377,370,14.5,141,32,22,10,38,39,66,51,24
"367",21660,"Eugene-Springfield, OR",368882,153842,154619,776,12,27,287,14.16666667,223,0,13,0,190,20,53,85,85
"368",21660,"Eugene-Springfield, OR",368882,153842,154619,868,8,125,275,11.66666667,35,2,3,21,9,0,5,10,20
"369",21660,"Eugene-Springfield, OR",368882,153842,154619,1170,42,213,239,14.16666667,191,17,20,0,45,109,99,72,20
"370",21660,"Eugene-Springfield, OR",368882,153842,154619,1723,120,460,274,12,185,4,2,6,171,2,49,101,35
"371",21660,"Eugene-Springfield, OR",368882,153842,154619,911,0,35,224,6.333333333,47,10,0,30,7,0,10,30,7
"372",21660,"Eugene-Springfield, OR",368882,153842,154619,1654,27,127,460,14.5,211,0,3,61,115,32,77,71,63
"373",21660,"Eugene-Springfield, OR",368882,153842,154619,1065,281,244,119,15.5,4390,1549,606,42,1285,908,1351,1710,1329
"374",21660,"Eugene-Springfield, OR",368882,153842,154619,1363,9,150,490,12.5,35,0,8,8,17,2,16,10,9
"375",21660,"Eugene-Springfield, OR",368882,153842,154619,1388,9,204,427,8.5,59,12,4,16,27,0,19,29,11
"376",21660,"Eugene-Springfield, OR",368882,153842,154619,3031,174,333,709,13.83333333,582,27,48,18,353,136,204,249,129
"377",21660,"Eugene-Springfield, OR",368882,153842,154619,1661,115,351,254,14.33333333,599,7,14,19,559,0,104,235,260
"378",21660,"Eugene-Springfield, OR",368882,153842,154619,1067,23,157,316,13,92,15,14,2,48,13,43,38,11
"379",21660,"Eugene-Springfield, OR",368882,153842,154619,1155,17,186,321,6,94,1,19,2,70,2,23,43,28
"380",21660,"Eugene-Springfield, OR",368882,153842,154619,1053,29,105,261,15.33333333,40,0,4,0,30,6,11,15,14
"381",21660,"Eugene-Springfield, OR",368882,153842,154619,1056,0,194,328,13.83333333,282,55,16,10,131,70,84,158,40
"382",21660,"Eugene-Springfield, OR",368882,153842,154619,908,23,14,223,10.5,1349,55,121,988,123,62,90,450,809
"383",21660,"Eugene-Springfield, OR",368882,153842,154619,1184,20,321,252,14.16666667,287,5,34,5,223,20,72,132,83
"384",21660,"Eugene-Springfield, OR",368882,153842,154619,1078,15,94,332,12.16666667,115,8,4,16,87,0,41,55,19
"385",21660,"Eugene-Springfield, OR",368882,153842,154619,1441,0,86,491,2.166666667,46,1,0,31,2,12,16,21,9
"386",21660,"Eugene-Springfield, OR",368882,153842,154619,971,9,102,342,13.83333333,78,0,1,16,61,0,18,32,28
"387",21660,"Eugene-Springfield, OR",368882,153842,154619,2337,7,114,623,9.5,150,20,6,53,12,59,49,65,36
"388",21660,"Eugene-Springfield, OR",368882,153842,154619,4741,0,492,1086,12,163,0,8,19,131,5,44,58,61
"389",21660,"Eugene-Springfield, OR",368882,153842,154619,1270,29,92,402,5,1132,85,67,896,53,31,178,445,509
"390",21660,"Eugene-Springfield, OR",368882,153842,154619,1545,77,126,430,5,196,8,34,101,53,0,63,65,68
"391",21660,"Eugene-Springfield, OR",368882,153842,154619,1436,4,68,530,7.5,77,8,3,44,7,15,18,34,25
"392",21660,"Eugene-Springfield, OR",368882,153842,154619,1277,0,87,425,4,157,0,0,119,21,17,29,53,75
"393",21660,"Eugene-Springfield, OR",368882,153842,154619,1947,17,47,560,5.333333333,295,23,6,72,155,39,103,104,88
"394",21660,"Eugene-Springfield, OR",368882,153842,154619,792,22,55,203,11.83333333,66,17,4,6,39,0,10,35,21
"395",21660,"Eugene-Springfield, OR",368882,153842,154619,926,57,225,150,14.33333333,74,0,4,2,14,54,31,37,6
"396",21660,"Eugene-Springfield, OR",368882,153842,154619,1433,16,59,480,9,114,10,1,38,65,0,28,40,46
"397",21660,"Eugene-Springfield, OR",368882,153842,154619,1877,0,101,538,5,216,13,3,76,97,27,57,117,42
"398",21660,"Eugene-Springfield, OR",368882,153842,154619,1131,0,208,216,10.66666667,33,6,17,3,7,0,7,14,12
"399",21660,"Eugene-Springfield, OR",368882,153842,154619,2277,7,106,588,13.33333333,75,25,5,15,30,0,34,36,5
"400",21660,"Eugene-Springfield, OR",368882,153842,154619,2299,77,302,521,13.5,894,135,24,209,363,163,412,232,250
"401",21660,"Eugene-Springfield, OR",368882,153842,154619,1216,9,124,333,12.83333333,235,26,5,76,113,15,84,67,84
"402",21660,"Eugene-Springfield, OR",368882,153842,154619,0,0,0,0,1,0,0,0,0,0,0,0,0,0
"403",21660,"Eugene-Springfield, OR",368882,153842,154619,2120,271,359,284,18.66666667,1868,344,186,4,1101,233,574,815,479
"404",21660,"Eugene-Springfield, OR",368882,153842,154619,3203,173,247,286,17.33333333,1849,174,690,120,476,389,392,658,799
"405",21660,"Eugene-Springfield, OR",368882,153842,154619,1710,10,136,568,7,205,0,3,5,194,3,61,108,36
"406",21660,"Eugene-Springfield, OR",368882,153842,154619,809,17,156,209,4.833333333,604,13,39,503,23,26,53,98,453
"407",21660,"Eugene-Springfield, OR",368882,153842,154619,1452,0,191,398,5.666666667,774,11,4,620,136,3,70,310,394
"408",21660,"Eugene-Springfield, OR",368882,153842,154619,2977,116,405,680,13,381,226,19,20,103,13,117,207,57
"409",21660,"Eugene-Springfield, OR",368882,153842,154619,802,18,125,234,8.166666667,186,21,4,1,87,73,97,59,30
"410",21660,"Eugene-Springfield, OR",368882,153842,154619,1487,63,284,284,16.33333333,570,143,22,33,217,155,186,272,112
"411",21660,"Eugene-Springfield, OR",368882,153842,154619,2170,128,539,325,9.666666667,2212,66,319,915,884,28,284,801,1127
"412",21660,"Eugene-Springfield, OR",368882,153842,154619,2676,193,350,471,17.16666667,3317,773,378,56,1275,835,1370,1340,607
"413",21660,"Eugene-Springfield, OR",368882,153842,154619,1769,139,509,303,12.16666667,793,44,20,12,156,561,286,427,80
"414",21660,"Eugene-Springfield, OR",368882,153842,154619,1878,79,380,342,11.5,578,7,2,333,235,1,124,184,270
"415",21660,"Eugene-Springfield, OR",368882,153842,154619,2432,59,466,583,15.66666667,1440,740,49,36,377,238,495,734,211
"416",21660,"Eugene-Springfield, OR",368882,153842,154619,1025,0,196,292,13.66666667,132,0,1,13,89,29,42,46,44
"417",21660,"Eugene-Springfield, OR",368882,153842,154619,1802,9,211,395,12.5,277,59,15,99,87,17,73,102,102
"418",21660,"Eugene-Springfield, OR",368882,153842,154619,3062,117,515,696,14.5,3272,539,1188,421,884,240,590,1133,1549
"419",21660,"Eugene-Springfield, OR",368882,153842,154619,1479,7,229,410,3.833333333,123,0,1,34,34,54,46,52,25
"420",21660,"Eugene-Springfield, OR",368882,153842,154619,826,30,87,197,12,922,14,60,605,140,103,124,249,549
"421",21660,"Eugene-Springfield, OR",368882,153842,154619,2512,114,259,582,12,297,54,7,32,45,159,102,148,47
"422",21660,"Eugene-Springfield, OR",368882,153842,154619,2241,9,155,603,14.66666667,196,14,9,21,150,2,62,87,47
"423",21660,"Eugene-Springfield, OR",368882,153842,154619,812,0,109,194,4.666666667,385,8,3,243,131,0,106,213,66
"424",21660,"Eugene-Springfield, OR",368882,153842,154619,2593,0,207,552,11.83333333,40,4,2,16,18,0,5,17,18
"425",21660,"Eugene-Springfield, OR",368882,153842,154619,1075,11,100,350,11.33333333,31,0,0,16,15,0,7,18,6
"426",21660,"Eugene-Springfield, OR",368882,153842,154619,1915,80,277,433,15.5,354,32,55,40,173,54,149,149,56
"427",21660,"Eugene-Springfield, OR",368882,153842,154619,1413,29,195,345,10.83333333,128,0,2,19,82,25,34,56,38
"428",21660,"Eugene-Springfield, OR",368882,153842,154619,2110,18,225,583,14,230,54,2,8,148,18,84,91,55
"429",21660,"Eugene-Springfield, OR",368882,153842,154619,1275,18,78,358,6,1086,305,9,626,146,0,110,404,572
"430",21660,"Eugene-Springfield, OR",368882,153842,154619,1604,0,250,361,12,59,0,0,28,30,1,20,32,7
"431",21660,"Eugene-Springfield, OR",368882,153842,154619,193,0,45,24,13.66666667,24,0,0,2,22,0,6,12,6
"432",21660,"Eugene-Springfield, OR",368882,153842,154619,2047,28,170,515,10.16666667,434,6,5,4,419,0,92,163,179
"433",21660,"Eugene-Springfield, OR",368882,153842,154619,877,0,134,249,9.333333333,564,3,63,83,415,0,170,268,126
"434",21660,"Eugene-Springfield, OR",368882,153842,154619,1974,72,226,345,17,938,156,133,221,287,141,279,417,242
"435",21660,"Eugene-Springfield, OR",368882,153842,154619,868,44,178,171,16.66666667,575,54,41,21,404,55,103,201,271
"436",21660,"Eugene-Springfield, OR",368882,153842,154619,1163,38,261,287,11,36,0,5,13,18,0,14,17,5
"437",21660,"Eugene-Springfield, OR",368882,153842,154619,1326,20,138,330,12.66666667,2033,209,197,1317,250,60,227,820,986
"438",21660,"Eugene-Springfield, OR",368882,153842,154619,1247,41,166,301,12.66666667,81,20,4,0,52,5,26,42,13
"439",21660,"Eugene-Springfield, OR",368882,153842,154619,1096,22,162,231,16,285,31,24,4,127,99,83,129,73
"440",21660,"Eugene-Springfield, OR",368882,153842,154619,1295,79,264,269,18,1767,247,606,450,366,98,351,578,838
"441",21660,"Eugene-Springfield, OR",368882,153842,154619,999,24,136,209,13.5,124,0,1,5,118,0,31,45,48
"442",21660,"Eugene-Springfield, OR",368882,153842,154619,1665,0,240,451,11.83333333,543,454,11,56,16,6,85,248,210
"443",21660,"Eugene-Springfield, OR",368882,153842,154619,1528,41,263,445,16.66666667,389,33,16,82,234,24,100,159,130
"444",21660,"Eugene-Springfield, OR",368882,153842,154619,1033,75,196,192,14.83333333,1323,684,36,234,171,198,356,694,273
"445",21660,"Eugene-Springfield, OR",368882,153842,154619,1116,0,218,217,14.83333333,1646,107,44,11,1189,295,304,536,806
"446",21660,"Eugene-Springfield, OR",368882,153842,154619,1474,116,254,278,13.66666667,234,45,42,41,59,47,82,108,44
"447",21660,"Eugene-Springfield, OR",368882,153842,154619,1531,9,101,346,13.33333333,611,101,43,373,36,58,87,174,350
"448",21660,"Eugene-Springfield, OR",368882,153842,154619,1274,4,110,356,9,194,0,0,15,179,0,48,75,71
"449",21660,"Eugene-Springfield, OR",368882,153842,154619,1124,103,313,209,12.33333333,2580,144,110,1818,455,53,283,753,1544
"450",21660,"Eugene-Springfield, OR",368882,153842,154619,1577,0,0,0,16.33333333,199,0,111,0,9,79,149,40,10
"451",21660,"Eugene-Springfield, OR",368882,153842,154619,1168,30,159,95,16.16666667,636,14,15,57,211,339,215,282,139
"452",21660,"Eugene-Springfield, OR",368882,153842,154619,622,73,160,64,15,7648,179,721,37,6485,226,802,1990,4856
"453",21660,"Eugene-Springfield, OR",368882,153842,154619,2286,186,313,486,16.83333333,170,20,30,0,80,40,86,60,24
"454",21660,"Eugene-Springfield, OR",368882,153842,154619,2491,222,541,318,15.66666667,466,36,17,0,84,329,220,171,75
"455",21660,"Eugene-Springfield, OR",368882,153842,154619,1380,205,240,72,19.66666667,9397,478,2537,229,4335,1818,2847,3229,3321
"456",21660,"Eugene-Springfield, OR",368882,153842,154619,943,0,103,220,3.166666667,74,1,0,45,25,3,22,40,12
"457",21660,"Eugene-Springfield, OR",368882,153842,154619,1603,312,387,242,19.5,2521,271,650,25,1223,352,614,914,993
"458",21660,"Eugene-Springfield, OR",368882,153842,154619,792,331,276,60,17.33333333,914,78,68,228,452,88,252,338,324
"459",21660,"Eugene-Springfield, OR",368882,153842,154619,858,53,63,238,17,502,26,6,352,81,37,122,173,207
"460",21660,"Eugene-Springfield, OR",368882,153842,154619,739,31,140,132,12.33333333,1029,1,59,26,883,60,211,434,384
"461",21660,"Eugene-Springfield, OR",368882,153842,154619,1036,41,113,274,14,163,12,50,59,42,0,46,83,34
"462",21660,"Eugene-Springfield, OR",368882,153842,154619,1266,21,112,350,5.5,23,9,1,2,11,0,14,7,2
"463",21660,"Eugene-Springfield, OR",368882,153842,154619,1470,53,355,208,12.16666667,773,14,11,438,310,0,113,275,385
"464",21660,"Eugene-Springfield, OR",368882,153842,154619,1053,136,194,109,16.33333333,2245,331,127,1076,461,250,423,900,922
"465",21660,"Eugene-Springfield, OR",368882,153842,154619,768,59,261,95,18.66666667,853,92,50,396,133,182,200,391,262
"466",21660,"Eugene-Springfield, OR",368882,153842,154619,2578,334,368,470,15.83333333,880,97,295,83,307,98,250,374,256
"467",21660,"Eugene-Springfield, OR",368882,153842,154619,1815,35,148,429,13.66666667,8482,1320,801,4862,969,530,1395,3879,3208
"468",21660,"Eugene-Springfield, OR",368882,153842,154619,1212,18,166,285,11.66666667,591,0,0,547,44,0,32,169,390
"469",21660,"Eugene-Springfield, OR",368882,153842,154619,1690,37,104,418,16.16666667,147,22,12,7,71,35,68,67,12
"470",21660,"Eugene-Springfield, OR",368882,153842,154619,2511,90,472,438,16.16666667,691,80,31,79,401,100,147,251,293
"471",21660,"Eugene-Springfield, OR",368882,153842,154619,1414,11,188,277,15.16666667,407,61,17,189,122,18,95,169,143
"472",21660,"Eugene-Springfield, OR",368882,153842,154619,1045,268,154,111,12.83333333,281,7,0,4,265,5,86,139,56
"473",21660,"Eugene-Springfield, OR",368882,153842,154619,893,89,230,96,13.83333333,392,83,21,8,110,170,149,184,59
"474",21660,"Eugene-Springfield, OR",368882,153842,154619,2365,160,675,307,14.33333333,233,42,0,11,180,0,65,100,68
"475",21660,"Eugene-Springfield, OR",368882,153842,154619,527,102,109,139,19,1966,326,89,691,755,105,363,823,780
"476",21660,"Eugene-Springfield, OR",368882,153842,154619,1712,49,283,251,13.66666667,243,5,11,7,171,49,97,102,44
"477",21660,"Eugene-Springfield, OR",368882,153842,154619,1916,140,362,410,18,385,50,17,84,192,42,151,153,81
"478",21660,"Eugene-Springfield, OR",368882,153842,154619,686,66,212,120,15,36,0,0,22,14,0,6,15,15
"479",21660,"Eugene-Springfield, OR",368882,153842,154619,1064,19,260,193,12,5553,94,16,14,5306,123,670,1423,3460
"480",21660,"Eugene-Springfield, OR",368882,153842,154619,1278,17,258,228,15.5,126,4,8,21,93,0,34,51,41
"481",21660,"Eugene-Springfield, OR",368882,153842,154619,1079,8,260,251,9.833333333,143,44,2,7,89,1,39,44,60
"482",21660,"Eugene-Springfield, OR",368882,153842,154619,439,17,118,113,16,277,85,3,0,169,20,61,148,68
"483",21660,"Eugene-Springfield, OR",368882,153842,154619,972,64,131,161,16.66666667,396,16,8,24,312,36,79,152,165
"484",21660,"Eugene-Springfield, OR",368882,153842,154619,836,25,144,156,16.16666667,62,0,6,18,36,2,27,18,17
"485",21660,"Eugene-Springfield, OR",368882,153842,154619,1061,26,172,219,16.66666667,794,402,136,5,142,109,219,450,125
"486",21660,"Eugene-Springfield, OR",368882,153842,154619,1272,41,270,277,19.83333333,877,182,48,54,361,232,362,349,166
"487",21660,"Eugene-Springfield, OR",368882,153842,154619,1907,283,395,266,14.33333333,91,0,13,1,66,11,38,36,17
"488",21660,"Eugene-Springfield, OR",368882,153842,154619,1357,0,292,208,18.5,482,71,9,24,250,128,143,168,171
"489",21660,"Eugene-Springfield, OR",368882,153842,154619,1410,208,340,67,16.83333333,610,0,1,5,584,20,288,185,137
"490",21660,"Eugene-Springfield, OR",368882,153842,154619,1999,78,333,316,14.5,201,4,4,0,89,104,61,93,47
"491",21660,"Eugene-Springfield, OR",368882,153842,154619,1174,10,115,298,7.166666667,86,32,2,0,28,24,41,25,20
"492",21660,"Eugene-Springfield, OR",368882,153842,154619,1761,79,226,390,13.5,209,89,2,4,57,57,70,114,25
"493",21660,"Eugene-Springfield, OR",368882,153842,154619,1301,105,324,267,16.33333333,387,58,12,53,209,55,124,168,95
"494",21660,"Eugene-Springfield, OR",368882,153842,154619,1935,14,359,449,14,171,11,2,11,111,36,63,68,40
"495",21660,"Eugene-Springfield, OR",368882,153842,154619,927,27,210,205,13.66666667,198,14,0,9,149,26,55,104,39
"496",21660,"Eugene-Springfield, OR",368882,153842,154619,1364,14,161,413,8.166666667,38,1,9,4,24,0,12,17,9
"497",21660,"Eugene-Springfield, OR",368882,153842,154619,673,0,100,200,8.333333333,26,4,0,0,22,0,8,15,3
"498",21660,"Eugene-Springfield, OR",368882,153842,154619,991,0,216,315,15.5,321,94,5,18,186,18,96,139,86
"499",21660,"Eugene-Springfield, OR",368882,153842,154619,1111,17,75,370,12,53,0,4,3,40,6,21,22,10
"500",21660,"Eugene-Springfield, OR",368882,153842,154619,1687,22,169,396,8,441,73,1,190,97,80,99,190,152
"501",21660,"Eugene-Springfield, OR",368882,153842,154619,1126,18,211,229,12.16666667,19,0,2,1,11,5,9,6,4
"502",21660,"Eugene-Springfield, OR",368882,153842,154619,652,162,205,68,17.66666667,262,61,9,1,139,52,58,122,82
"503",21660,"Eugene-Springfield, OR",368882,153842,154619,1106,7,113,275,4.166666667,277,10,4,184,79,0,36,128,113
"504",21660,"Eugene-Springfield, OR",368882,153842,154619,1338,16,180,344,12,274,34,61,84,92,3,103,72,99
"505",21660,"Eugene-Springfield, OR",368882,153842,154619,940,27,86,308,3.333333333,344,2,0,276,2,64,62,175,107
"506",21660,"Eugene-Springfield, OR",368882,153842,154619,1404,26,247,329,13.5,494,55,22,144,205,68,137,259,98
"507",21660,"Eugene-Springfield, OR",368882,153842,154619,1093,0,101,305,5.5,197,38,6,92,45,16,48,94,55
"508",21660,"Eugene-Springfield, OR",368882,153842,154619,1274,20,141,442,5.166666667,234,7,1,188,38,0,45,78,111
"509",21660,"Eugene-Springfield, OR",368882,153842,154619,1344,6,105,348,6.666666667,351,156,5,4,155,31,107,198,46
"510",21660,"Eugene-Springfield, OR",368882,153842,154619,2162,24,493,524,9,2885,0,604,21,2097,163,445,1233,1207
"511",21660,"Eugene-Springfield, OR",368882,153842,154619,1771,19,183,421,6.833333333,289,0,14,28,247,0,86,131,72
"512",21660,"Eugene-Springfield, OR",368882,153842,154619,1329,0,80,432,6.833333333,64,0,2,38,24,0,15,18,31
"513",21660,"Eugene-Springfield, OR",368882,153842,154619,997,10,109,267,12.5,51,13,11,18,9,0,15,22,14
"514",21660,"Eugene-Springfield, OR",368882,153842,154619,1908,0,205,583,10.83333333,2299,10,35,2137,101,16,143,731,1425
"515",21660,"Eugene-Springfield, OR",368882,153842,154619,1728,0,136,482,13.16666667,112,9,0,8,95,0,36,61,15
"516",21660,"Eugene-Springfield, OR",368882,153842,154619,1664,27,503,269,13.66666667,405,20,180,32,143,30,114,147,144
"517",21660,"Eugene-Springfield, OR",368882,153842,154619,890,0,138,329,9.333333333,112,3,17,45,28,19,35,39,38
"518",21660,"Eugene-Springfield, OR",368882,153842,154619,2141,180,256,423,12.66666667,657,71,98,11,299,178,195,336,126
"519",21660,"Eugene-Springfield, OR",368882,153842,154619,961,10,95,314,3.5,2287,51,4,65,2151,16,786,640,861
"520",21660,"Eugene-Springfield, OR",368882,153842,154619,612,13,145,143,5.333333333,414,17,21,272,98,6,47,122,245
"521",21660,"Eugene-Springfield, OR",368882,153842,154619,1714,9,203,414,9.5,35,0,0,22,13,0,14,10,11
"522",21660,"Eugene-Springfield, OR",368882,153842,154619,1114,8,123,405,4.333333333,52,0,2,14,11,25,15,18,19
"523",21660,"Eugene-Springfield, OR",368882,153842,154619,1205,157,189,197,14.16666667,57,0,0,0,57,0,26,26,5
"524",21660,"Eugene-Springfield, OR",368882,153842,154619,1000,125,269,201,7,1715,421,11,868,281,134,294,676,745
"525",21660,"Eugene-Springfield, OR",368882,153842,154619,923,41,148,191,4.833333333,111,10,4,12,72,13,36,41,34
"526",21660,"Eugene-Springfield, OR",368882,153842,154619,759,0,110,144,4.166666667,66,5,0,35,19,7,22,16,28
"527",21660,"Eugene-Springfield, OR",368882,153842,154619,472,6,19,186,3.666666667,66,0,0,46,20,0,23,29,14
"528",21660,"Eugene-Springfield, OR",368882,153842,154619,1126,0,99,315,3.666666667,121,0,1,38,82,0,30,56,35
"529",21660,"Eugene-Springfield, OR",368882,153842,154619,911,0,68,225,3.333333333,180,9,0,148,15,8,32,52,96
"530",21660,"Eugene-Springfield, OR",368882,153842,154619,1209,19,145,366,5.666666667,462,0,11,398,24,29,63,92,307
"531",21660,"Eugene-Springfield, OR",368882,153842,154619,1351,8,82,427,4.833333333,77,4,3,26,30,14,20,28,29
"532",21660,"Eugene-Springfield, OR",368882,153842,154619,1056,41,148,279,12.5,3961,54,1260,494,1996,157,413,1516,2032
"533",21660,"Eugene-Springfield, OR",368882,153842,154619,786,38,73,183,4.166666667,43,3,0,22,18,0,15,25,3
"534",21660,"Eugene-Springfield, OR",368882,153842,154619,1218,0,218,353,9.666666667,28,0,5,8,15,0,12,5,11
"535",21660,"Eugene-Springfield, OR",368882,153842,154619,773,101,170,138,18.16666667,355,45,2,55,150,103,107,198,50
"536",21660,"Eugene-Springfield, OR",368882,153842,154619,1365,15,146,342,5.166666667,154,32,13,77,19,13,54,56,44
"537",21660,"Eugene-Springfield, OR",368882,153842,154619,945,33,45,369,2.5,37,0,2,24,11,0,14,20,3
"538",21660,"Eugene-Springfield, OR",368882,153842,154619,1053,29,43,394,2.5,16,0,6,0,5,5,6,8,2
"539",21660,"Eugene-Springfield, OR",368882,153842,154619,1022,17,146,240,4.333333333,373,33,3,269,65,3,58,198,117
"540",21660,"Eugene-Springfield, OR",368882,153842,154619,2535,241,469,455,15.83333333,1540,397,95,63,713,272,446,714,380
"541",21660,"Eugene-Springfield, OR",368882,153842,154619,601,0,25,214,3.666666667,124,0,0,91,4,29,52,51,21
"542",21660,"Eugene-Springfield, OR",368882,153842,154619,881,16,47,277,4.333333333,51,8,0,17,21,5,22,17,12
"543",21660,"Eugene-Springfield, OR",368882,153842,154619,930,50,86,241,10.33333333,214,11,3,27,173,0,49,86,79
"544",21660,"Eugene-Springfield, OR",368882,153842,154619,668,5,118,211,8.833333333,111,37,10,9,12,43,55,44,12
"545",21660,"Eugene-Springfield, OR",368882,153842,154619,451,36,58,99,2.166666667,30,0,0,28,2,0,6,17,7
"546",21660,"Eugene-Springfield, OR",368882,153842,154619,2789,31,181,747,10.33333333,160,12,6,25,113,4,65,53,42
"547",21660,"Eugene-Springfield, OR",368882,153842,154619,1571,26,57,485,5,233,4,6,60,148,15,60,85,88
"548",21660,"Eugene-Springfield, OR",368882,153842,154619,1562,6,117,422,2.666666667,136,1,1,27,106,1,35,65,36
"549",21660,"Eugene-Springfield, OR",368882,153842,154619,628,19,63,220,3.166666667,221,0,3,199,19,0,28,97,96
"550",21660,"Eugene-Springfield, OR",368882,153842,154619,1169,8,0,459,6.333333333,101,12,5,23,48,13,37,54,10
"551",21660,"Eugene-Springfield, OR",368882,153842,154619,1650,77,210,323,13,1147,519,23,79,166,360,343,594,210
"552",21660,"Eugene-Springfield, OR",368882,153842,154619,1417,0,147,355,5.333333333,113,0,0,24,89,0,20,44,49
"553",21660,"Eugene-Springfield, OR",368882,153842,154619,1173,0,269,247,10.5,174,0,0,5,169,0,43,89,42
"554",21660,"Eugene-Springfield, OR",368882,153842,154619,2423,69,227,624,4.5,153,4,115,8,26,0,36,77,40
"555",21660,"Eugene-Springfield, OR",368882,153842,154619,1726,31,188,528,5.5,633,19,69,446,80,19,78,110,445
"556",21660,"Eugene-Springfield, OR",368882,153842,154619,3083,139,300,796,13.33333333,1230,440,58,182,369,181,343,617,270
"557",21660,"Eugene-Springfield, OR",368882,153842,154619,795,14,87,290,5.333333333,120,13,9,24,58,16,43,37,40
"558",21660,"Eugene-Springfield, OR",368882,153842,154619,739,10,36,274,2.166666667,34,0,0,9,25,0,11,14,9
"559",21660,"Eugene-Springfield, OR",368882,153842,154619,1295,69,266,231,16.5,777,88,119,89,363,118,281,282,214
"560",21660,"Eugene-Springfield, OR",368882,153842,154619,1512,150,369,319,10.5,125,0,3,25,97,0,28,78,19
"561",21660,"Eugene-Springfield, OR",368882,153842,154619,1384,29,314,327,5.833333333,198,138,15,12,14,19,55,113,30
"562",21660,"Eugene-Springfield, OR",368882,153842,154619,1638,0,52,598,4.166666667,158,2,4,91,49,12,34,52,72
"563",21660,"Eugene-Springfield, OR",368882,153842,154619,1610,49,50,481,10.66666667,234,0,1,55,178,0,51,107,76
"564",21660,"Eugene-Springfield, OR",368882,153842,154619,2663,0,292,754,12.66666667,539,113,31,132,81,182,208,234,97
"565",21660,"Eugene-Springfield, OR",368882,153842,154619,1816,0,168,502,5.166666667,396,14,2,114,256,10,130,120,146
"566",21660,"Eugene-Springfield, OR",368882,153842,154619,904,49,132,205,16.83333333,392,75,71,36,87,123,136,150,106
"567",21660,"Eugene-Springfield, OR",368882,153842,154619,1061,86,97,278,12.33333333,87,0,4,19,64,0,25,58,4
"568",21660,"Eugene-Springfield, OR",368882,153842,154619,1384,114,173,248,17,341,92,47,27,87,88,123,150,68
"569",21660,"Eugene-Springfield, OR",368882,153842,154619,1423,33,204,353,5.833333333,259,21,17,113,37,71,67,97,95
"570",21660,"Eugene-Springfield, OR",368882,153842,154619,861,7,127,295,3.166666667,116,0,4,88,23,1,23,50,43
"571",21660,"Eugene-Springfield, OR",368882,153842,154619,1498,0,168,468,17.16666667,1871,461,116,26,716,552,694,756,421
"572",21660,"Eugene-Springfield, OR",368882,153842,154619,1509,38,150,367,12.33333333,251,0,2,1,243,5,57,131,63
"573",21660,"Eugene-Springfield, OR",368882,153842,154619,1060,72,168,210,14.66666667,325,50,20,1,208,46,102,118,105
"574",21660,"Eugene-Springfield, OR",368882,153842,154619,1831,0,139,487,13.66666667,501,266,62,11,148,14,175,222,104
"575",21660,"Eugene-Springfield, OR",368882,153842,154619,614,27,104,139,15.33333333,204,0,58,0,146,0,33,84,87
"576",21660,"Eugene-Springfield, OR",368882,153842,154619,2262,29,516,438,13.33333333,161,10,6,24,121,0,36,84,41
"577",21660,"Eugene-Springfield, OR",368882,153842,154619,1628,9,181,415,17,479,127,1,25,247,79,164,214,101
"578",21660,"Eugene-Springfield, OR",368882,153842,154619,1326,74,191,237,13,125,0,2,4,119,0,33,64,28
"579",21660,"Eugene-Springfield, OR",368882,153842,154619,1014,30,102,275,14.16666667,44,7,2,15,18,2,16,21,7
"580",21660,"Eugene-Springfield, OR",368882,153842,154619,2165,130,285,412,14.33333333,263,57,28,8,32,138,147,83,33
"581",21660,"Eugene-Springfield, OR",368882,153842,154619,844,0,108,155,12.33333333,455,10,0,2,46,397,263,103,89
"582",21660,"Eugene-Springfield, OR",368882,153842,154619,2324,48,404,355,12,1131,106,49,817,159,0,123,460,548
"583",21660,"Eugene-Springfield, OR",368882,153842,154619,1207,103,121,273,14.83333333,635,29,5,103,413,85,282,254,99
"584",21660,"Eugene-Springfield, OR",368882,153842,154619,2307,41,195,544,13.83333333,78,11,15,14,32,6,32,36,10
"585",21660,"Eugene-Springfield, OR",368882,153842,154619,1663,0,262,300,15.5,451,203,3,20,156,69,149,208,94
"586",21660,"Eugene-Springfield, OR",368882,153842,154619,1011,13,166,348,4.333333333,129,4,8,25,5,87,43,71,15
"587",21660,"Eugene-Springfield, OR",368882,153842,154619,1333,17,42,405,5.5,88,3,5,27,28,25,45,30,13
"588",21660,"Eugene-Springfield, OR",368882,153842,154619,737,25,94,231,3.5,138,4,2,72,60,0,38,40,60
"589",21660,"Eugene-Springfield, OR",368882,153842,154619,1759,74,143,549,5.166666667,295,0,4,117,174,0,79,123,93
"590",21660,"Eugene-Springfield, OR",368882,153842,154619,1223,32,86,385,4.5,158,8,5,64,81,0,54,73,31
"591",21660,"Eugene-Springfield, OR",368882,153842,154619,1698,0,24,599,4.5,204,0,12,99,93,0,52,97,55
"592",21660,"Eugene-Springfield, OR",368882,153842,154619,1841,36,422,397,13.16666667,441,105,28,13,203,92,104,226,111
"593",21660,"Eugene-Springfield, OR",368882,153842,154619,1078,14,45,348,4.333333333,288,8,2,196,82,0,38,148,102
"594",21660,"Eugene-Springfield, OR",368882,153842,154619,1069,10,123,326,4,84,0,3,36,45,0,20,41,23
"595",21660,"Eugene-Springfield, OR",368882,153842,154619,2543,57,430,647,10.66666667,144,1,5,21,117,0,36,63,45
"596",21660,"Eugene-Springfield, OR",368882,153842,154619,845,39,179,148,15.16666667,169,4,0,7,158,0,26,68,75
"597",21660,"Eugene-Springfield, OR",368882,153842,154619,920,130,212,179,18.33333333,832,58,43,16,542,173,414,303,115
"598",21660,"Eugene-Springfield, OR",368882,153842,154619,1322,23,85,358,2.5,48,0,2,34,12,0,17,15,16
"599",21660,"Eugene-Springfield, OR",368882,153842,154619,846,0,58,282,3.5,46,0,8,25,3,10,22,15,9
"600",21660,"Eugene-Springfield, OR",368882,153842,154619,1227,16,103,433,5.833333333,351,9,10,147,185,0,72,132,147
"601",21660,"Eugene-Springfield, OR",368882,153842,154619,1398,27,170,317,10,101,0,10,10,81,0,31,43,27
"602",21660,"Eugene-Springfield, OR",368882,153842,154619,1698,6,101,557,3.333333333,113,0,5,69,39,0,32,42,39
"603",21660,"Eugene-Springfield, OR",368882,153842,154619,1029,0,68,350,3.666666667,74,0,2,21,46,5,11,41,22
"604",21660,"Eugene-Springfield, OR",368882,153842,154619,1381,15,179,316,14.33333333,271,23,1,20,193,34,111,117,43
"605",21660,"Eugene-Springfield, OR",368882,153842,154619,1450,17,128,397,8.166666667,72,4,11,10,29,18,25,25,22
"606",21660,"Eugene-Springfield, OR",368882,153842,154619,2193,0,213,650,13.5,157,9,0,25,112,11,54,53,50
"607",21660,"Eugene-Springfield, OR",368882,153842,154619,1720,18,198,459,17.16666667,364,106,42,17,122,77,148,136,80
"608",21660,"Eugene-Springfield, OR",368882,153842,154619,1421,17,256,322,7,132,32,6,47,11,36,37,62,33
"609",24420,"Grants Pass, OR",85481,26447,29728,812,0,51,303,3.333333333,21,0,0,5,14,2,7,11,3
"610",24420,"Grants Pass, OR",85481,26447,29728,849,14,114,217,15.33333333,1880,328,184,269,481,618,570,810,500
"611",24420,"Grants Pass, OR",85481,26447,29728,600,92,140,125,13.83333333,714,65,353,0,249,47,202,311,201
"612",24420,"Grants Pass, OR",85481,26447,29728,2542,57,336,615,13.33333333,260,22,1,80,154,3,52,126,82
"613",24420,"Grants Pass, OR",85481,26447,29728,797,39,182,161,17.5,876,201,81,18,400,176,287,485,104
"614",24420,"Grants Pass, OR",85481,26447,29728,2864,37,166,968,5.666666667,238,10,12,66,135,15,55,128,55
"615",24420,"Grants Pass, OR",85481,26447,29728,1099,31,73,316,7.166666667,93,0,14,15,55,9,32,40,21
"616",24420,"Grants Pass, OR",85481,26447,29728,1305,0,53,560,2.833333333,26,0,0,11,15,0,13,7,6
"617",24420,"Grants Pass, OR",85481,26447,29728,2589,86,300,693,9.166666667,798,134,5,113,246,300,305,357,136
"618",24420,"Grants Pass, OR",85481,26447,29728,2672,9,166,895,5.666666667,481,17,67,266,126,5,127,188,166
"619",24420,"Grants Pass, OR",85481,26447,29728,1365,76,197,364,12.16666667,336,23,23,159,76,55,130,176,30
"620",24420,"Grants Pass, OR",85481,26447,29728,1642,17,185,464,4.333333333,290,45,7,203,25,10,56,144,90
"621",24420,"Grants Pass, OR",85481,26447,29728,1969,28,113,664,3.5,87,8,6,12,58,3,19,55,13
"622",24420,"Grants Pass, OR",85481,26447,29728,1972,0,96,589,4.333333333,69,0,5,11,53,0,25,30,14
"623",24420,"Grants Pass, OR",85481,26447,29728,2103,15,221,577,12.66666667,606,36,12,81,477,0,135,291,180
"624",24420,"Grants Pass, OR",85481,26447,29728,1338,15,85,516,4.166666667,69,6,5,44,11,3,14,30,25
"625",24420,"Grants Pass, OR",85481,26447,29728,985,0,98,394,3,149,9,0,122,14,4,79,47,23
"626",24420,"Grants Pass, OR",85481,26447,29728,2024,0,197,523,10.5,219,0,0,14,205,0,54,125,40
"627",24420,"Grants Pass, OR",85481,26447,29728,1933,25,87,476,3.833333333,67,2,0,36,29,0,26,28,13
"628",24420,"Grants Pass, OR",85481,26447,29728,1985,46,356,517,10.66666667,194,0,12,77,105,0,45,104,45
"629",24420,"Grants Pass, OR",85481,26447,29728,1573,0,118,493,4.5,233,9,0,164,36,24,45,132,56
"630",24420,"Grants Pass, OR",85481,26447,29728,1297,24,166,355,4.333333333,47,8,3,10,26,0,25,15,7
"631",24420,"Grants Pass, OR",85481,26447,29728,2245,42,119,743,5.333333333,104,1,8,34,37,24,31,54,19
"632",24420,"Grants Pass, OR",85481,26447,29728,2725,113,710,586,14.66666667,447,25,13,64,282,63,113,217,117
"633",24420,"Grants Pass, OR",85481,26447,29728,909,25,116,332,5,69,18,0,21,19,11,25,34,10
"634",24420,"Grants Pass, OR",85481,26447,29728,1960,53,387,389,15.66666667,499,89,95,27,155,133,142,212,145
"635",24420,"Grants Pass, OR",85481,26447,29728,1023,19,87,299,8.666666667,2590,299,60,88,1981,162,393,1048,1149
"636",24420,"Grants Pass, OR",85481,26447,29728,831,0,67,370,5.166666667,75,23,3,33,15,1,37,29,9
"637",24420,"Grants Pass, OR",85481,26447,29728,1232,9,26,504,6,504,6,5,159,109,225,228,166,110
"638",24420,"Grants Pass, OR",85481,26447,29728,2059,8,203,685,3.166666667,83,0,16,50,10,7,29,33,21
"639",24420,"Grants Pass, OR",85481,26447,29728,1562,47,154,206,17.66666667,1630,71,179,42,1300,38,486,642,502
"640",24420,"Grants Pass, OR",85481,26447,29728,1513,21,107,475,4.666666667,85,37,1,25,22,0,22,49,14
"641",24420,"Grants Pass, OR",85481,26447,29728,2074,271,387,388,15,260,17,40,15,146,42,113,100,47
"642",24420,"Grants Pass, OR",85481,26447,29728,1423,6,171,438,3,56,6,0,34,5,11,28,13,15
"643",24420,"Grants Pass, OR",85481,26447,29728,637,0,124,235,3.833333333,31,0,9,20,2,0,17,7,7
"644",24420,"Grants Pass, OR",85481,26447,29728,1393,17,153,398,7.5,1034,78,230,562,132,32,177,442,415
"645",24420,"Grants Pass, OR",85481,26447,29728,1591,32,133,409,14.66666667,4189,1443,226,1139,608,773,1108,2183,898
"646",24420,"Grants Pass, OR",85481,26447,29728,824,0,148,191,18.33333333,648,28,214,41,207,158,180,207,261
"647",24420,"Grants Pass, OR",85481,26447,29728,1837,62,154,526,5,149,17,13,97,22,0,28,55,66
"648",24420,"Grants Pass, OR",85481,26447,29728,986,59,166,148,14.66666667,1930,147,332,1077,312,62,305,883,742
"649",24420,"Grants Pass, OR",85481,26447,29728,1063,26,279,118,16.16666667,652,183,22,114,215,118,274,283,95
"650",24420,"Grants Pass, OR",85481,26447,29728,578,0,52,238,3.5,76,3,0,43,8,22,19,38,19
"651",24420,"Grants Pass, OR",85481,26447,29728,1276,11,134,382,4.833333333,425,7,6,27,376,9,142,154,129
"652",24420,"Grants Pass, OR",85481,26447,29728,2131,167,283,503,11.33333333,356,70,13,39,217,17,110,203,43
"653",24420,"Grants Pass, OR",85481,26447,29728,2289,158,551,339,14.83333333,366,87,29,28,175,47,91,194,81
"654",24420,"Grants Pass, OR",85481,26447,29728,2046,0,321,411,15.16666667,767,90,173,114,304,86,177,383,207
"655",24420,"Grants Pass, OR",85481,26447,29728,1668,40,54,578,6,480,20,13,64,374,9,128,191,161
"656",24420,"Grants Pass, OR",85481,26447,29728,1919,18,233,629,3,212,1,1,174,22,14,35,106,71
"657",24420,"Grants Pass, OR",85481,26447,29728,2553,62,162,873,4.5,138,31,0,44,54,9,46,68,24
"658",24420,"Grants Pass, OR",85481,26447,29728,1490,75,324,259,12.66666667,354,100,37,1,145,71,108,176,70
"659",24420,"Grants Pass, OR",85481,26447,29728,799,0,34,281,6.166666667,136,34,0,53,19,30,58,63,15
"660",24420,"Grants Pass, OR",85481,26447,29728,850,0,183,237,3.666666667,159,69,1,74,3,12,42,67,50
"661",24420,"Grants Pass, OR",85481,26447,29728,1070,0,123,370,5.333333333,99,1,0,40,38,20,33,47,19
"662",24420,"Grants Pass, OR",85481,26447,29728,2610,26,385,645,11.5,91,9,0,1,81,0,31,32,28
"663",25840,"Hermiston-Pendleton, OR",88113,35956,35955,704,0,57,230,6.5,293,56,1,155,69,12,76,127,90
"664",25840,"Hermiston-Pendleton, OR",88113,35956,35955,1511,0,70,400,10.16666667,1278,65,24,1105,30,54,229,657,392
"665",25840,"Hermiston-Pendleton, OR",88113,35956,35955,1196,32,247,191,14.83333333,285,34,4,20,133,94,84,117,84
"666",25840,"Hermiston-Pendleton, OR",88113,35956,35955,555,0,119,120,18,1086,87,351,122,363,163,318,395,373
"667",25840,"Hermiston-Pendleton, OR",88113,35956,35955,765,12,51,254,13,80,0,51,4,25,0,11,39,30
"668",25840,"Hermiston-Pendleton, OR",88113,35956,35955,1586,55,157,468,15.66666667,258,13,8,24,131,82,83,100,75
"669",25840,"Hermiston-Pendleton, OR",88113,35956,35955,652,0,64,165,15.83333333,879,517,26,78,80,178,264,443,172
"670",25840,"Hermiston-Pendleton, OR",88113,35956,35955,986,0,58,272,4.833333333,1158,126,25,929,77,1,330,524,304
"671",25840,"Hermiston-Pendleton, OR",88113,35956,35955,1920,30,157,428,8.5,268,42,38,18,116,54,75,111,82
"672",25840,"Hermiston-Pendleton, OR",88113,35956,35955,357,10,16,101,6.5,111,8,16,43,18,26,44,39,28
"673",25840,"Hermiston-Pendleton, OR",88113,35956,35955,3136,38,378,488,13.83333333,844,61,22,269,473,19,198,297,349
"674",25840,"Hermiston-Pendleton, OR",88113,35956,35955,844,15,67,186,6.5,523,74,3,308,122,16,96,206,221
"675",25840,"Hermiston-Pendleton, OR",88113,35956,35955,1075,18,113,283,3.5,443,0,8,394,30,11,63,213,167
"676",25840,"Hermiston-Pendleton, OR",88113,35956,35955,923,7,53,300,9.666666667,110,0,0,21,89,0,36,43,31
"677",25840,"Hermiston-Pendleton, OR",88113,35956,35955,1466,0,163,422,11.66666667,718,0,0,565,153,0,112,422,184
"678",25840,"Hermiston-Pendleton, OR",88113,35956,35955,397,103,85,71,8.5,320,0,2,12,304,2,91,204,25
"679",25840,"Hermiston-Pendleton, OR",88113,35956,35955,902,11,108,230,10.83333333,139,0,7,41,84,7,42,50,47
"680",25840,"Hermiston-Pendleton, OR",88113,35956,35955,1580,42,146,427,4.666666667,158,7,15,38,90,8,49,56,53
"681",25840,"Hermiston-Pendleton, OR",88113,35956,35955,1454,11,97,368,4.666666667,275,0,0,253,22,0,44,165,66
"682",25840,"Hermiston-Pendleton, OR",88113,35956,35955,575,0,10,179,3.833333333,285,0,0,279,6,0,41,70,174
"683",25840,"Hermiston-Pendleton, OR",88113,35956,35955,2682,13,52,850,4.666666667,250,38,0,155,57,0,44,122,84
"684",25840,"Hermiston-Pendleton, OR",88113,35956,35955,1020,110,90,206,11,192,7,0,137,13,35,29,111,52
"685",25840,"Hermiston-Pendleton, OR",88113,35956,35955,1903,31,262,317,14.33333333,387,26,15,126,112,108,117,186,84
"686",25840,"Hermiston-Pendleton, OR",88113,35956,35955,1202,37,78,330,12.5,1161,73,239,0,797,52,194,491,476
"687",25840,"Hermiston-Pendleton, OR",88113,35956,35955,570,1,22,181,5,106,0,7,53,46,0,25,34,47
"688",25840,"Hermiston-Pendleton, OR",88113,35956,35955,1543,16,46,309,17.16666667,484,116,19,12,264,73,160,226,98
"689",25840,"Hermiston-Pendleton, OR",88113,35956,35955,896,0,26,299,4,254,0,0,240,6,8,44,159,51
"690",25840,"Hermiston-Pendleton, OR",88113,35956,35955,578,0,13,249,4.5,266,0,0,96,164,6,88,90,88
"691",25840,"Hermiston-Pendleton, OR",88113,35956,35955,3427,66,144,300,6.166666667,768,12,500,167,67,22,60,96,612
"692",25840,"Hermiston-Pendleton, OR",88113,35956,35955,731,24,66,232,3.333333333,37,0,7,22,8,0,13,11,13
"693",25840,"Hermiston-Pendleton, OR",88113,35956,35955,375,0,45,94,3,611,0,4,534,45,28,65,155,391
"694",25840,"Hermiston-Pendleton, OR",88113,35956,35955,1145,11,53,348,5.166666667,165,6,12,27,113,7,53,53,59
"695",25840,"Hermiston-Pendleton, OR",88113,35956,35955,1246,56,177,226,15.33333333,903,65,43,510,234,51,240,390,273
"696",25840,"Hermiston-Pendleton, OR",88113,35956,35955,1412,57,279,348,6.833333333,487,23,25,32,182,225,177,199,111
"697",25840,"Hermiston-Pendleton, OR",88113,35956,35955,2502,16,143,657,4.333333333,81,0,1,30,49,1,29,29,23
"698",25840,"Hermiston-Pendleton, OR",88113,35956,35955,815,18,102,184,3.5,296,8,17,8,256,7,34,211,51
"699",25840,"Hermiston-Pendleton, OR",88113,35956,35955,1000,24,39,268,3.666666667,79,0,0,47,11,21,29,30,20
"700",25840,"Hermiston-Pendleton, OR",88113,35956,35955,1924,78,166,435,13,1925,47,540,145,224,969,246,974,705
"701",25840,"Hermiston-Pendleton, OR",88113,35956,35955,836,55,85,163,16.5,1520,340,201,362,216,401,504,676,340
"702",25840,"Hermiston-Pendleton, OR",88113,35956,35955,716,15,111,167,16.16666667,102,10,31,4,57,0,28,61,13
"703",25840,"Hermiston-Pendleton, OR",88113,35956,35955,2106,53,226,349,11.5,128,0,12,59,57,0,48,61,19
"704",25840,"Hermiston-Pendleton, OR",88113,35956,35955,828,87,106,129,12.83333333,205,0,7,0,198,0,51,100,54
"705",25840,"Hermiston-Pendleton, OR",88113,35956,35955,893,58,110,201,13.66666667,94,13,3,26,49,3,31,45,18
"706",25840,"Hermiston-Pendleton, OR",88113,35956,35955,614,0,116,148,18.5,361,1,119,105,126,10,44,112,205
"707",25840,"Hermiston-Pendleton, OR",88113,35956,35955,993,15,88,243,12,134,15,0,21,62,36,49,54,31
"708",25840,"Hermiston-Pendleton, OR",88113,35956,35955,884,0,269,124,10.66666667,75,2,7,0,65,1,19,40,16
"709",25840,"Hermiston-Pendleton, OR",88113,35956,35955,1047,47,214,305,12.16666667,1059,0,10,21,1028,0,129,475,455
"710",25840,"Hermiston-Pendleton, OR",88113,35956,35955,714,34,124,136,17.66666667,772,143,292,17,178,142,265,272,235
"711",25840,"Hermiston-Pendleton, OR",88113,35956,35955,564,96,134,58,19,1574,98,617,143,551,165,304,638,632
"712",25840,"Hermiston-Pendleton, OR",88113,35956,35955,979,15,174,214,12,79,0,4,7,68,0,19,43,17
"713",25840,"Hermiston-Pendleton, OR",88113,35956,35955,744,17,75,230,5.166666667,259,25,9,143,72,10,47,98,114
"714",25840,"Hermiston-Pendleton, OR",88113,35956,35955,1941,0,18,523,4.666666667,266,6,0,178,82,0,53,86,127
"715",25840,"Hermiston-Pendleton, OR",88113,35956,35955,1438,9,94,424,4,1159,74,41,971,72,1,185,357,617
"716",25840,"Hermiston-Pendleton, OR",88113,35956,35955,2280,31,137,635,12.66666667,320,27,17,177,95,4,61,116,143
"717",25840,"Hermiston-Pendleton, OR",88113,35956,35955,533,3,46,159,4.833333333,153,9,6,86,52,0,39,40,74
"718",25840,"Hermiston-Pendleton, OR",88113,35956,35955,332,0,64,112,4.833333333,296,0,102,8,186,0,68,84,144
"719",25840,"Hermiston-Pendleton, OR",88113,35956,35955,471,12,15,142,2.666666667,128,0,1,120,5,2,25,27,76
"720",25840,"Hermiston-Pendleton, OR",88113,35956,35955,381,0,45,132,7.166666667,207,52,66,23,58,8,68,83,56
"721",25840,"Hermiston-Pendleton, OR",88113,35956,35955,818,15,86,193,5.166666667,1563,12,80,1272,153,46,134,443,986
"722",25840,"Hermiston-Pendleton, OR",88113,35956,35955,1649,45,127,512,6.166666667,426,75,16,272,63,0,157,186,83
"723",25840,"Hermiston-Pendleton, OR",88113,35956,35955,1206,25,229,193,10.5,36,0,10,12,14,0,13,19,4
"724",25840,"Hermiston-Pendleton, OR",88113,35956,35955,512,10,57,153,11.33333333,24,0,2,4,17,1,11,8,5
"725",25840,"Hermiston-Pendleton, OR",88113,35956,35955,747,0,44,224,15,304,0,114,5,183,2,85,70,149
"726",25840,"Hermiston-Pendleton, OR",88113,35956,35955,3534,56,240,745,6.166666667,811,549,23,9,26,204,215,371,225
"727",25840,"Hermiston-Pendleton, OR",88113,35956,35955,1885,0,44,528,12.5,113,0,2,27,84,0,40,37,36
"728",25840,"Hermiston-Pendleton, OR",88113,35956,35955,1101,32,143,343,13,1067,243,48,450,165,161,264,413,390
"729",25840,"Hermiston-Pendleton, OR",88113,35956,35955,1246,0,93,319,4.333333333,130,1,0,13,116,0,37,43,50
"730",25840,"Hermiston-Pendleton, OR",88113,35956,35955,710,0,11,250,3.5,1374,40,0,1310,24,0,122,496,756
"731",25840,"Hermiston-Pendleton, OR",88113,35956,35955,614,18,106,141,18.33333333,388,23,50,11,198,106,145,128,115
"732",25840,"Hermiston-Pendleton, OR",88113,35956,35955,979,11,127,243,3.833333333,83,8,6,55,14,0,8,34,41
"733",25840,"Hermiston-Pendleton, OR",88113,35956,35955,2213,46,38,85,5.5,1991,77,476,1122,314,2,203,689,1099
"734",25840,"Hermiston-Pendleton, OR",88113,35956,35955,933,77,148,179,13.66666667,242,0,5,1,164,72,92,84,66
"735",25840,"Hermiston-Pendleton, OR",88113,35956,35955,1142,40,128,246,11.5,73,0,0,71,2,0,4,36,33
"736",25840,"Hermiston-Pendleton, OR",88113,35956,35955,664,0,120,194,7.5,15,0,2,5,8,0,5,7,3
"737",25840,"Hermiston-Pendleton, OR",88113,35956,35955,1311,11,47,354,16.66666667,462,46,8,35,323,50,122,274,66
"738",26220,"Hood River, OR",23131,12749,11517,1561,0,118,448,6.333333333,504,0,0,304,97,103,198,198,108
"739",26220,"Hood River, OR",23131,12749,11517,623,18,181,158,16,1249,238,303,104,247,357,414,436,399
"740",26220,"Hood River, OR",23131,12749,11517,1119,0,54,269,10.83333333,220,23,4,131,58,4,83,94,43
"741",26220,"Hood River, OR",23131,12749,11517,1167,76,60,408,16.33333333,822,156,19,0,472,175,184,307,331
"742",26220,"Hood River, OR",23131,12749,11517,1898,11,236,631,12,250,37,6,88,101,18,74,100,76
"743",26220,"Hood River, OR",23131,12749,11517,943,0,37,280,8.666666667,665,76,38,273,211,67,165,284,216
"744",26220,"Hood River, OR",23131,12749,11517,1302,13,64,303,2.833333333,244,8,0,220,7,9,123,81,40
"745",26220,"Hood River, OR",23131,12749,11517,515,12,13,139,5.666666667,260,11,0,189,37,23,106,104,50
"746",26220,"Hood River, OR",23131,12749,11517,1880,23,135,404,6.166666667,1098,87,59,629,55,268,381,452,265
"747",26220,"Hood River, OR",23131,12749,11517,1382,52,80,334,5.166666667,220,1,0,110,90,19,87,78,55
"748",26220,"Hood River, OR",23131,12749,11517,1145,12,154,305,5.5,271,28,20,121,20,82,70,119,82
"749",26220,"Hood River, OR",23131,12749,11517,1519,48,187,352,13,448,41,10,59,327,11,117,202,129
"750",26220,"Hood River, OR",23131,12749,11517,1051,12,81,378,6.666666667,307,31,4,94,175,3,88,109,110
"751",26220,"Hood River, OR",23131,12749,11517,683,21,129,180,17.83333333,401,46,17,31,153,154,169,147,85
"752",26220,"Hood River, OR",23131,12749,11517,800,58,121,214,18,776,1,61,22,617,75,161,244,371
"753",26220,"Hood River, OR",23131,12749,11517,1598,106,247,278,15.33333333,754,304,30,34,333,53,204,387,163
"754",26220,"Hood River, OR",23131,12749,11517,779,0,0,187,3.666666667,1059,0,2,461,2,594,616,325,118
"755",26220,"Hood River, OR",23131,12749,11517,1044,0,157,190,14.66666667,2013,184,155,786,670,218,281,666,1066
"756",26220,"Hood River, OR",23131,12749,11517,2122,13,39,513,9.333333333,1188,29,4,1098,48,9,292,425,471
"757",28900,"Klamath Falls, OR",66310,22396,24172,1365,21,278,313,4.833333333,105,0,13,29,57,6,31,48,26
"758",28900,"Klamath Falls, OR",66310,22396,24172,731,0,114,223,4.333333333,170,21,0,116,22,11,63,70,37
"759",28900,"Klamath Falls, OR",66310,22396,24172,1205,14,129,381,3.666666667,371,0,1,340,24,6,13,141,217
"760",28900,"Klamath Falls, OR",66310,22396,24172,586,0,131,136,7.833333333,1478,534,102,426,197,219,372,752,354
"761",28900,"Klamath Falls, OR",66310,22396,24172,857,39,110,258,13.16666667,67,0,0,10,57,0,24,26,17
"762",28900,"Klamath Falls, OR",66310,22396,24172,1208,2,204,265,4.5,232,11,2,139,76,4,44,75,113
"763",28900,"Klamath Falls, OR",66310,22396,24172,922,5,75,252,7.166666667,378,3,83,143,139,10,70,129,179
"764",28900,"Klamath Falls, OR",66310,22396,24172,506,8,54,161,2.666666667,69,0,0,68,1,0,12,40,17
"765",28900,"Klamath Falls, OR",66310,22396,24172,2442,0,175,724,12.33333333,223,33,3,62,107,18,100,95,28
"766",28900,"Klamath Falls, OR",66310,22396,24172,1104,0,101,367,4,29,2,5,12,2,8,13,9,7
"767",28900,"Klamath Falls, OR",66310,22396,24172,988,11,173,296,11.83333333,679,32,24,588,5,30,68,223,388
"768",28900,"Klamath Falls, OR",66310,22396,24172,1964,30,62,702,4.5,90,9,0,42,23,16,24,46,20
"769",28900,"Klamath Falls, OR",66310,22396,24172,1552,78,134,374,10.66666667,3445,46,71,105,3015,208,574,1418,1453
"770",28900,"Klamath Falls, OR",66310,22396,24172,769,7,71,295,4.666666667,75,1,1,34,24,15,21,31,23
"771",28900,"Klamath Falls, OR",66310,22396,24172,523,0,80,114,13.5,14,0,9,0,1,4,7,5,2
"772",28900,"Klamath Falls, OR",66310,22396,24172,571,20,24,210,2.5,59,6,0,50,3,0,10,30,19
"773",28900,"Klamath Falls, OR",66310,22396,24172,1659,9,114,511,2.666666667,164,1,4,136,15,8,34,76,54
"774",28900,"Klamath Falls, OR",66310,22396,24172,1231,0,199,230,12.5,1260,13,2,646,573,26,195,383,682
"775",28900,"Klamath Falls, OR",66310,22396,24172,316,15,20,89,10.5,13,0,1,0,5,7,7,6,0
"776",28900,"Klamath Falls, OR",66310,22396,24172,1798,47,204,552,5.833333333,340,29,167,21,20,103,56,186,98
"777",28900,"Klamath Falls, OR",66310,22396,24172,1035,4,113,266,11.83333333,140,0,0,8,108,24,38,70,32
"778",28900,"Klamath Falls, OR",66310,22396,24172,594,33,103,166,4.5,96,43,5,31,3,14,36,41,19
"779",28900,"Klamath Falls, OR",66310,22396,24172,599,7,51,157,14.66666667,394,40,10,132,143,69,124,187,83
"780",28900,"Klamath Falls, OR",66310,22396,24172,1100,49,118,329,13,183,0,50,8,125,0,52,83,48
"781",28900,"Klamath Falls, OR",66310,22396,24172,675,0,39,195,4.666666667,273,7,3,167,25,71,41,92,140
"782",28900,"Klamath Falls, OR",66310,22396,24172,1173,14,120,312,3.666666667,36,10,1,14,9,2,22,11,3
"783",28900,"Klamath Falls, OR",66310,22396,24172,561,0,120,197,3.5,61,0,7,31,4,19,19,23,19
"784",28900,"Klamath Falls, OR",66310,22396,24172,1005,9,61,273,4,29,16,3,8,2,0,14,12,3
"785",28900,"Klamath Falls, OR",66310,22396,24172,964,18,82,292,5.333333333,80,13,7,30,17,13,30,41,9
"786",28900,"Klamath Falls, OR",66310,22396,24172,1227,24,93,385,5,380,60,16,252,38,14,118,153,109
"787",28900,"Klamath Falls, OR",66310,22396,24172,1913,13,166,668,5.666666667,372,16,39,29,66,222,138,150,84
"788",28900,"Klamath Falls, OR",66310,22396,24172,722,7,125,171,3.166666667,116,1,1,90,13,11,20,39,57
"789",28900,"Klamath Falls, OR",66310,22396,24172,562,48,69,105,10.16666667,200,7,161,8,20,4,38,54,108
"790",28900,"Klamath Falls, OR",66310,22396,24172,702,23,63,181,9.666666667,46,6,1,0,37,2,20,10,16
"791",28900,"Klamath Falls, OR",66310,22396,24172,1477,23,151,413,13.33333333,22,0,0,5,17,0,6,10,6
"792",28900,"Klamath Falls, OR",66310,22396,24172,767,0,67,201,12.16666667,392,216,2,1,124,49,142,185,65
"793",28900,"Klamath Falls, OR",66310,22396,24172,1298,112,211,230,15.5,607,35,49,83,319,121,189,254,164
"794",28900,"Klamath Falls, OR",66310,22396,24172,606,37,75,120,13.33333333,133,59,6,6,52,10,28,78,27
"795",28900,"Klamath Falls, OR",66310,22396,24172,589,15,33,173,15,177,0,38,11,75,53,61,81,35
"796",28900,"Klamath Falls, OR",66310,22396,24172,628,0,143,125,14,112,6,2,11,20,73,52,46,14
"797",28900,"Klamath Falls, OR",66310,22396,24172,580,0,79,175,13.16666667,170,7,3,22,89,49,62,90,18
"798",28900,"Klamath Falls, OR",66310,22396,24172,764,26,126,168,15,252,120,45,1,72,14,85,118,49
"799",28900,"Klamath Falls, OR",66310,22396,24172,504,18,60,122,13,34,0,0,19,10,5,8,20,6
"800",28900,"Klamath Falls, OR",66310,22396,24172,818,69,186,160,17,775,260,27,51,340,97,221,409,145
"801",28900,"Klamath Falls, OR",66310,22396,24172,1668,93,192,347,10.5,26,6,3,3,14,0,12,11,3
"802",28900,"Klamath Falls, OR",66310,22396,24172,572,0,139,43,15.5,24,2,0,8,7,7,8,10,6
"803",28900,"Klamath Falls, OR",66310,22396,24172,867,83,163,166,14.83333333,441,0,51,39,351,0,131,195,115
"804",28900,"Klamath Falls, OR",66310,22396,24172,1164,91,278,136,16,1159,491,134,5,278,251,421,524,214
"805",28900,"Klamath Falls, OR",66310,22396,24172,903,85,153,219,15.5,52,6,0,4,20,22,14,16,22
"806",28900,"Klamath Falls, OR",66310,22396,24172,1678,12,80,487,5.833333333,518,23,15,317,148,15,181,234,103
"807",28900,"Klamath Falls, OR",66310,22396,24172,1703,0,265,493,10.33333333,130,0,4,104,16,6,20,58,52
"808",28900,"Klamath Falls, OR",66310,22396,24172,893,0,73,284,10.5,324,28,2,5,276,13,121,99,104
"809",28900,"Klamath Falls, OR",66310,22396,24172,1063,0,103,252,10.66666667,69,0,2,6,61,0,21,25,23
"810",28900,"Klamath Falls, OR",66310,22396,24172,1304,0,119,393,12.33333333,64,0,1,6,57,0,27,31,6
"811",28900,"Klamath Falls, OR",66310,22396,24172,1724,0,129,517,11.66666667,80,20,6,13,41,0,15,41,24
"812",28900,"Klamath Falls, OR",66310,22396,24172,692,62,186,144,14.83333333,1207,402,27,186,417,175,481,474,252
"813",28900,"Klamath Falls, OR",66310,22396,24172,619,8,155,115,13.16666667,13,0,8,0,5,0,5,5,3
"814",28900,"Klamath Falls, OR",66310,22396,24172,331,42,121,51,18.16666667,261,16,22,77,117,29,76,120,65
"815",28900,"Klamath Falls, OR",66310,22396,24172,743,76,150,106,14.16666667,4,0,0,0,4,0,2,2,0
"816",28900,"Klamath Falls, OR",66310,22396,24172,803,119,136,76,17.33333333,1907,59,395,452,789,212,520,662,725
"817",28900,"Klamath Falls, OR",66310,22396,24172,865,52,63,190,17.5,221,14,21,42,144,0,55,111,55
"818",28900,"Klamath Falls, OR",66310,22396,24172,717,53,198,116,12.66666667,55,0,29,0,6,20,10,18,27
"819",28900,"Klamath Falls, OR",66310,22396,24172,1305,68,298,155,17.16666667,373,25,180,37,113,18,64,132,177
"820",28900,"Klamath Falls, OR",66310,22396,24172,406,47,35,79,17.33333333,219,22,25,0,164,8,80,89,50
"821",28900,"Klamath Falls, OR",66310,22396,24172,1049,0,130,281,13,501,0,345,14,142,0,27,169,305
"822",28900,"Klamath Falls, OR",66310,22396,24172,683,92,94,179,12.83333333,225,0,1,0,223,1,41,122,62
"823",28900,"Klamath Falls, OR",66310,22396,24172,1398,5,138,389,3.333333333,182,0,2,134,42,4,31,63,88
"824",29260,"La Grande, OR",26028,10672,10880,875,33,183,142,17.33333333,995,161,65,127,387,255,379,395,221
"825",29260,"La Grande, OR",26028,10672,10880,733,41,157,163,13,786,80,48,426,54,178,143,206,437
"826",29260,"La Grande, OR",26028,10672,10880,465,13,68,132,9.833333333,603,32,10,446,112,3,104,157,342
"827",29260,"La Grande, OR",26028,10672,10880,647,8,83,197,17.5,486,122,48,173,138,5,83,153,250
"828",29260,"La Grande, OR",26028,10672,10880,1061,16,148,257,17.66666667,393,67,119,73,70,64,141,164,88
"829",29260,"La Grande, OR",26028,10672,10880,1260,28,123,318,15.33333333,200,18,8,10,134,30,63,62,75
"830",29260,"La Grande, OR",26028,10672,10880,888,31,140,179,17.16666667,179,0,44,31,91,13,48,67,64
"831",29260,"La Grande, OR",26028,10672,10880,593,67,66,148,14.33333333,327,2,0,3,322,0,84,114,129
"832",29260,"La Grande, OR",26028,10672,10880,861,66,229,104,19.33333333,551,60,101,13,256,121,255,226,70
"833",29260,"La Grande, OR",26028,10672,10880,1046,13,127,216,17,1039,0,311,24,647,57,187,318,534
"834",29260,"La Grande, OR",26028,10672,10880,1534,62,231,285,12.83333333,276,36,0,0,198,42,121,128,27
"835",29260,"La Grande, OR",26028,10672,10880,1124,30,108,305,12.5,628,225,138,177,69,19,208,250,170
"836",29260,"La Grande, OR",26028,10672,10880,823,10,19,307,2.5,21,0,0,15,6,0,5,7,9
"837",29260,"La Grande, OR",26028,10672,10880,1182,0,109,354,9.666666667,179,20,1,47,111,0,63,66,50
"838",29260,"La Grande, OR",26028,10672,10880,1691,17,104,511,5.166666667,174,5,14,74,73,8,69,59,46
"839",29260,"La Grande, OR",26028,10672,10880,992,0,69,321,3.5,361,0,1,339,21,0,47,163,151
"840",29260,"La Grande, OR",26028,10672,10880,1199,48,145,333,12,604,312,8,102,87,95,164,305,135
"841",29260,"La Grande, OR",26028,10672,10880,964,8,113,261,13,64,15,3,10,26,10,34,19,11
"842",29260,"La Grande, OR",26028,10672,10880,751,6,35,238,5.166666667,164,10,7,81,66,0,61,58,45
"843",29260,"La Grande, OR",26028,10672,10880,706,0,22,246,3.833333333,34,6,0,15,13,0,16,13,5
"844",29260,"La Grande, OR",26028,10672,10880,1093,22,209,276,11.66666667,73,14,24,1,21,13,42,25,6
"845",29260,"La Grande, OR",26028,10672,10880,1018,3,58,337,5.833333333,1224,168,52,807,177,20,231,370,623
"846",29260,"La Grande, OR",26028,10672,10880,1030,37,63,326,2.833333333,29,0,0,11,18,0,14,14,1
"847",29260,"La Grande, OR",26028,10672,10880,1359,20,140,371,11.5,216,19,28,58,100,11,98,46,72
"848",29260,"La Grande, OR",26028,10672,10880,909,0,105,268,5.666666667,314,18,55,178,51,12,97,138,79
"849",29260,"La Grande, OR",26028,10672,10880,1224,22,137,294,3.833333333,752,23,47,28,614,40,114,237,401
"850",32780,"Medford, OR",214267,86925,85053,1035,10,269,283,7.666666667,154,38,19,37,39,21,44,74,36
"851",32780,"Medford, OR",214267,86925,85053,1644,99,204,384,11.33333333,4461,13,151,11,4210,76,437,1502,2522
"852",32780,"Medford, OR",214267,86925,85053,2295,221,624,409,15.16666667,911,104,69,30,691,17,208,439,264
"853",32780,"Medford, OR",214267,86925,85053,1961,99,370,384,13.5,1372,21,195,39,1059,58,155,520,697
"854",32780,"Medford, OR",214267,86925,85053,1990,99,475,414,15.5,548,60,63,54,326,45,119,212,217
"855",32780,"Medford, OR",214267,86925,85053,893,79,228,203,18,2316,330,327,30,198,1431,772,842,702
"856",32780,"Medford, OR",214267,86925,85053,1026,27,38,352,4,89,0,1,45,32,11,16,53,20
"857",32780,"Medford, OR",214267,86925,85053,1969,20,141,531,5.333333333,189,36,4,54,81,14,57,89,43
"858",32780,"Medford, OR",214267,86925,85053,785,71,167,86,17.66666667,947,63,23,24,708,129,190,308,449
"859",32780,"Medford, OR",214267,86925,85053,2293,30,170,677,12,132,19,1,57,50,5,34,68,30
"860",32780,"Medford, OR",214267,86925,85053,4716,145,838,1011,15.33333333,659,53,57,57,367,125,185,246,228
"861",32780,"Medford, OR",214267,86925,85053,3786,124,594,836,14.33333333,536,11,79,342,61,43,104,218,214
"862",32780,"Medford, OR",214267,86925,85053,1441,0,233,371,10.66666667,76,5,3,24,44,0,25,39,12
"863",32780,"Medford, OR",214267,86925,85053,2704,0,296,704,14.83333333,310,88,19,16,96,91,116,154,40
"864",32780,"Medford, OR",214267,86925,85053,1432,0,113,491,4.333333333,209,13,30,123,32,11,52,74,83
"865",32780,"Medford, OR",214267,86925,85053,1215,95,164,155,17.33333333,1196,225,86,160,579,146,323,559,314
"866",32780,"Medford, OR",214267,86925,85053,2191,112,402,482,15.33333333,1109,66,237,60,500,246,294,466,349
"867",32780,"Medford, OR",214267,86925,85053,1433,68,252,263,16.66666667,715,7,54,31,574,49,224,269,222
"868",32780,"Medford, OR",214267,86925,85053,776,201,162,47,19.33333333,7092,711,2728,803,1710,1140,1815,2825,2452
"869",32780,"Medford, OR",214267,86925,85053,1199,42,204,201,17.66666667,475,15,1,164,147,148,88,180,207
"870",32780,"Medford, OR",214267,86925,85053,1109,16,275,203,16.66666667,633,6,57,88,476,6,180,301,152
"871",32780,"Medford, OR",214267,86925,85053,1606,111,161,249,16.66666667,856,14,412,20,403,7,227,242,387
"872",32780,"Medford, OR",214267,86925,85053,817,21,164,198,15.5,246,0,51,174,21,0,33,92,121
"873",32780,"Medford, OR",214267,86925,85053,2973,46,325,738,15.16666667,871,104,25,55,261,426,358,354,159
"874",32780,"Medford, OR",214267,86925,85053,2214,125,354,209,19,2617,638,305,146,940,588,884,1010,723
"875",32780,"Medford, OR",214267,86925,85053,5045,83,510,1171,5.666666667,1656,71,137,1350,82,16,221,678,757
"876",32780,"Medford, OR",214267,86925,85053,1400,30,101,445,8.833333333,299,1,37,11,162,88,98,102,99
"877",32780,"Medford, OR",214267,86925,85053,3605,148,634,759,15.16666667,2516,781,428,291,539,477,577,1300,639
"878",32780,"Medford, OR",214267,86925,85053,365,113,28,63,18.33333333,530,71,121,63,195,80,188,214,128
"879",32780,"Medford, OR",214267,86925,85053,1225,18,245,257,13.66666667,620,63,99,218,154,86,154,266,200
"880",32780,"Medford, OR",214267,86925,85053,1868,248,355,323,12.66666667,2785,1827,86,76,313,483,1228,1214,343
"881",32780,"Medford, OR",214267,86925,85053,3018,50,282,798,13.16666667,82,0,8,31,43,0,38,24,20
"882",32780,"Medford, OR",214267,86925,85053,1879,0,159,412,15.66666667,468,27,20,43,287,91,162,144,162
"883",32780,"Medford, OR",214267,86925,85053,2253,8,110,520,5.166666667,1368,125,26,1046,134,37,214,493,661
"884",32780,"Medford, OR",214267,86925,85053,2436,0,69,677,5.666666667,508,21,15,242,203,27,126,215,167
"885",32780,"Medford, OR",214267,86925,85053,1199,21,184,326,2.333333333,85,0,0,66,12,7,20,21,44
"886",32780,"Medford, OR",214267,86925,85053,734,15,0,224,6.333333333,138,6,11,37,84,0,44,57,37
"887",32780,"Medford, OR",214267,86925,85053,1398,30,124,491,5.5,266,14,26,53,165,8,94,100,72
"888",32780,"Medford, OR",214267,86925,85053,639,6,31,237,2.5,46,2,2,38,4,0,24,18,4
"889",32780,"Medford, OR",214267,86925,85053,720,0,95,214,4.166666667,57,0,0,40,17,0,20,24,13
"890",32780,"Medford, OR",214267,86925,85053,802,0,111,204,3.833333333,157,37,2,108,7,3,22,45,90
"891",32780,"Medford, OR",214267,86925,85053,977,7,154,288,15,88,0,32,46,10,0,24,31,33
"892",32780,"Medford, OR",214267,86925,85053,1214,41,194,254,16.83333333,346,0,62,29,251,4,69,146,131
"893",32780,"Medford, OR",214267,86925,85053,912,0,32,315,6.166666667,209,3,3,52,102,49,38,57,114
"894",32780,"Medford, OR",214267,86925,85053,4449,4,521,991,12,943,133,27,338,286,159,203,407,333
"895",32780,"Medford, OR",214267,86925,85053,2820,0,86,836,5.666666667,194,2,21,60,107,4,70,61,63
"896",32780,"Medford, OR",214267,86925,85053,1545,0,146,435,4.333333333,111,0,1,66,38,6,40,61,10
"897",32780,"Medford, OR",214267,86925,85053,1047,59,163,283,3,117,3,4,82,23,5,14,59,44
"898",32780,"Medford, OR",214267,86925,85053,1901,0,280,601,9.166666667,199,0,8,107,76,8,71,91,37
"899",32780,"Medford, OR",214267,86925,85053,760,38,160,215,10.33333333,137,0,55,0,7,75,49,35,53
"900",32780,"Medford, OR",214267,86925,85053,2913,21,462,898,7.333333333,329,67,48,40,78,96,128,144,57
"901",32780,"Medford, OR",214267,86925,85053,869,46,76,306,4.333333333,38,6,5,11,11,5,19,14,5
"902",32780,"Medford, OR",214267,86925,85053,2314,0,278,382,12.83333333,83,0,5,31,47,0,22,30,31
"903",32780,"Medford, OR",214267,86925,85053,1185,54,0,443,3.333333333,89,0,1,31,45,12,10,34,45
"904",32780,"Medford, OR",214267,86925,85053,584,8,66,202,5.333333333,113,2,2,22,29,58,55,39,19
"905",32780,"Medford, OR",214267,86925,85053,506,0,19,195,5,117,12,2,76,20,7,26,39,52
"906",32780,"Medford, OR",214267,86925,85053,1155,0,118,257,13.16666667,80,0,0,2,59,19,35,24,21
"907",32780,"Medford, OR",214267,86925,85053,701,0,0,331,3.833333333,51,12,3,20,16,0,13,16,22
"908",32780,"Medford, OR",214267,86925,85053,2456,8,177,679,8,62,6,2,26,14,14,21,35,6
"909",32780,"Medford, OR",214267,86925,85053,1070,15,102,404,9.333333333,77,5,0,9,60,3,43,23,11
"910",32780,"Medford, OR",214267,86925,85053,673,96,146,157,8.333333333,395,162,30,45,73,85,124,160,111
"911",32780,"Medford, OR",214267,86925,85053,812,17,63,307,9.166666667,82,0,4,11,20,47,22,11,49
"912",32780,"Medford, OR",214267,86925,85053,1013,10,43,358,2.666666667,60,1,0,42,17,0,17,27,16
"913",32780,"Medford, OR",214267,86925,85053,1289,74,289,308,11.33333333,57,0,15,17,11,14,22,19,16
"914",32780,"Medford, OR",214267,86925,85053,1858,89,291,319,16,741,135,13,26,398,169,292,271,178
"915",32780,"Medford, OR",214267,86925,85053,1637,0,149,558,4.166666667,103,19,0,46,38,0,27,41,35
"916",32780,"Medford, OR",214267,86925,85053,1892,16,110,592,2.666666667,57,0,4,29,24,0,25,16,16
"917",32780,"Medford, OR",214267,86925,85053,1869,16,87,701,3.333333333,52,0,3,32,17,0,21,16,15
"918",32780,"Medford, OR",214267,86925,85053,1418,25,209,304,13.5,65,0,0,6,57,2,22,19,24
"919",32780,"Medford, OR",214267,86925,85053,878,0,43,271,11.16666667,33,0,3,18,12,0,2,21,10
"920",32780,"Medford, OR",214267,86925,85053,1431,97,399,311,10.83333333,1120,8,14,54,791,253,291,619,210
"921",32780,"Medford, OR",214267,86925,85053,1956,0,179,604,7.666666667,414,38,35,121,111,109,158,122,134
"922",32780,"Medford, OR",214267,86925,85053,3954,48,243,1378,7.666666667,712,263,40,141,143,125,190,361,161
"923",32780,"Medford, OR",214267,86925,85053,1579,66,332,282,15.33333333,221,89,35,30,24,43,57,101,63
"924",32780,"Medford, OR",214267,86925,85053,2438,236,616,326,12.83333333,2394,59,82,73,2123,57,411,844,1139
"925",32780,"Medford, OR",214267,86925,85053,2894,16,194,779,13,310,0,0,115,195,0,85,81,144
"926",32780,"Medford, OR",214267,86925,85053,2442,95,330,583,9.5,346,0,63,113,169,1,109,154,83
"927",32780,"Medford, OR",214267,86925,85053,1717,16,300,342,6.333333333,2243,1711,4,172,333,23,547,1027,669
"928",32780,"Medford, OR",214267,86925,85053,2577,15,168,712,10.66666667,26,0,0,23,3,0,1,8,17
"929",32780,"Medford, OR",214267,86925,85053,1247,0,75,363,10.83333333,25,0,6,11,8,0,12,10,3
"930",32780,"Medford, OR",214267,86925,85053,728,0,16,252,3.5,56,0,0,22,34,0,27,22,7
"931",32780,"Medford, OR",214267,86925,85053,1094,0,74,347,3.333333333,39,0,4,22,13,0,14,12,13
"932",32780,"Medford, OR",214267,86925,85053,1597,14,254,445,11.83333333,293,26,3,123,105,36,87,118,88
"933",32780,"Medford, OR",214267,86925,85053,2521,77,534,544,9.5,734,21,87,262,326,38,165,303,266
"934",32780,"Medford, OR",214267,86925,85053,1915,159,386,385,15.33333333,375,57,51,31,108,128,178,142,55
"935",32780,"Medford, OR",214267,86925,85053,984,30,116,146,13.16666667,1276,14,29,6,1016,211,348,389,539
"936",32780,"Medford, OR",214267,86925,85053,1189,51,351,260,18.16666667,1099,340,180,72,297,210,338,439,322
"937",32780,"Medford, OR",214267,86925,85053,2689,44,568,643,16.5,1867,456,63,531,397,420,518,824,525
"938",32780,"Medford, OR",214267,86925,85053,1793,77,276,510,9.166666667,535,9,9,18,472,27,127,224,184
"939",32780,"Medford, OR",214267,86925,85053,941,5,113,255,5,390,256,3,87,22,22,121,192,77
"940",32780,"Medford, OR",214267,86925,85053,593,26,12,190,3.166666667,83,2,1,19,61,0,20,40,23
"941",32780,"Medford, OR",214267,86925,85053,1797,74,95,320,14.5,37,0,0,8,29,0,18,15,4
"942",32780,"Medford, OR",214267,86925,85053,1010,39,277,206,15,549,1,7,281,213,47,146,175,228
"943",32780,"Medford, OR",214267,86925,85053,1421,0,115,448,14.16666667,39,14,0,15,9,1,9,25,5
"944",32780,"Medford, OR",214267,86925,85053,2967,74,157,716,14.5,624,109,183,84,180,68,130,324,170
"945",32780,"Medford, OR",214267,86925,85053,815,7,261,173,16.66666667,172,17,3,11,122,19,54,89,29
"946",32780,"Medford, OR",214267,86925,85053,1375,13,301,324,13.33333333,36,0,7,3,21,5,8,5,23
"947",32780,"Medford, OR",214267,86925,85053,902,0,80,294,6.5,523,28,18,168,39,270,264,158,101
"948",32780,"Medford, OR",214267,86925,85053,3212,189,800,482,16.5,1681,336,226,425,506,188,440,710,531
"949",32780,"Medford, OR",214267,86925,85053,3242,67,312,900,12.16666667,328,25,29,46,212,16,90,141,97
"950",32780,"Medford, OR",214267,86925,85053,3935,47,642,869,13.83333333,1606,285,96,835,223,167,374,604,628
"951",32780,"Medford, OR",214267,86925,85053,1612,20,277,443,15.16666667,742,16,124,23,444,135,296,274,172
"952",32780,"Medford, OR",214267,86925,85053,1863,0,60,586,6.5,82,9,2,26,23,22,36,27,19
"953",32780,"Medford, OR",214267,86925,85053,934,15,65,300,3.666666667,663,13,0,625,24,1,58,93,512
"954",32780,"Medford, OR",214267,86925,85053,1710,30,287,446,12.33333333,353,5,23,42,283,0,75,169,109
"955",32780,"Medford, OR",214267,86925,85053,1143,0,100,435,3.833333333,154,0,4,89,56,5,37,56,61
"956",32780,"Medford, OR",214267,86925,85053,1475,31,138,435,5.833333333,220,11,0,89,81,39,72,86,62
"957",32780,"Medford, OR",214267,86925,85053,2353,20,180,700,6.333333333,316,53,9,106,96,52,106,104,106
"958",32780,"Medford, OR",214267,86925,85053,2713,29,151,758,14.83333333,716,10,132,197,371,6,188,214,314
"959",32780,"Medford, OR",214267,86925,85053,1625,22,135,437,4.5,137,3,3,33,89,9,46,46,45
"960",32780,"Medford, OR",214267,86925,85053,1333,27,281,378,7.333333333,211,41,18,10,107,35,65,88,58
"961",32780,"Medford, OR",214267,86925,85053,984,0,15,326,4.666666667,83,1,10,40,22,10,25,28,30
"962",32780,"Medford, OR",214267,86925,85053,1496,12,181,477,5.166666667,136,13,12,44,40,27,57,53,26
"963",32780,"Medford, OR",214267,86925,85053,638,0,50,230,4,105,0,3,43,53,6,14,50,41
"964",32780,"Medford, OR",214267,86925,85053,2289,99,220,676,7.666666667,598,204,34,114,64,182,192,293,113
"965",32780,"Medford, OR",214267,86925,85053,1280,74,254,259,7.5,589,107,38,269,121,54,150,219,220
"966",32780,"Medford, OR",214267,86925,85053,767,22,55,249,3.833333333,100,0,5,63,32,0,29,47,24
"967",32780,"Medford, OR",214267,86925,85053,1409,39,105,479,5.166666667,416,9,2,211,162,32,93,148,175
"968",32780,"Medford, OR",214267,86925,85053,89,0,0,51,15.33333333,6899,1832,574,2193,1668,632,1344,3078,2477
"969",32780,"Medford, OR",214267,86925,85053,1433,9,56,427,5.166666667,5368,324,250,4208,257,329,574,2246,2548
"970",32780,"Medford, OR",214267,86925,85053,642,0,8,74,13,1027,54,19,678,215,61,136,465,426
"971",32780,"Medford, OR",214267,86925,85053,3043,45,335,708,12,1126,125,43,654,107,197,227,431,468
"972",32780,"Medford, OR",214267,86925,85053,1201,17,87,451,5.666666667,140,13,12,29,51,35,57,40,43
"973",32780,"Medford, OR",214267,86925,85053,1433,275,270,306,15.5,631,84,77,67,233,170,214,253,164
"974",32780,"Medford, OR",214267,86925,85053,1296,65,280,352,13.5,282,149,18,0,38,77,74,152,56
"975",32780,"Medford, OR",214267,86925,85053,1464,15,184,303,13.66666667,64,0,2,9,53,0,33,23,8
"976",32780,"Medford, OR",214267,86925,85053,2281,38,321,393,15.66666667,286,14,31,16,204,21,94,103,89
"977",35440,"Newport, OR",47881,16725,19755,1370,25,207,280,16,586,214,49,21,136,166,207,286,93
"978",35440,"Newport, OR",47881,16725,19755,934,53,160,183,15.83333333,298,41,27,48,63,119,92,146,60
"979",35440,"Newport, OR",47881,16725,19755,1488,57,305,205,18.66666667,1506,153,329,32,471,521,467,565,474
"980",35440,"Newport, OR",47881,16725,19755,842,19,101,196,18.16666667,334,67,38,56,139,34,88,132,114
"981",35440,"Newport, OR",47881,16725,19755,1676,9,227,489,5,222,28,0,18,63,113,56,123,43
"982",35440,"Newport, OR",47881,16725,19755,783,20,15,265,6.5,380,11,12,178,177,2,72,94,214
"983",35440,"Newport, OR",47881,16725,19755,844,40,140,197,17.83333333,2009,122,190,276,1037,384,478,775,756
"984",35440,"Newport, OR",47881,16725,19755,1336,13,161,353,8.666666667,108,16,12,1,67,12,40,44,24
"985",35440,"Newport, OR",47881,16725,19755,1338,72,136,341,12.33333333,305,31,7,140,37,90,109,148,48
"986",35440,"Newport, OR",47881,16725,19755,1198,0,166,418,3.833333333,58,0,0,26,12,20,23,22,13
"987",35440,"Newport, OR",47881,16725,19755,1127,26,213,357,5.833333333,669,5,5,0,628,31,90,301,278
"988",35440,"Newport, OR",47881,16725,19755,1058,4,64,390,5.666666667,408,11,29,193,132,43,108,162,138
"989",35440,"Newport, OR",47881,16725,19755,1273,122,174,289,14.83333333,319,83,42,22,86,86,99,157,63
"990",35440,"Newport, OR",47881,16725,19755,2192,14,304,518,3.666666667,139,19,5,77,6,32,45,50,44
"991",35440,"Newport, OR",47881,16725,19755,0,0,0,0,1,0,0,0,0,0,0,0,0,0
"992",35440,"Newport, OR",47881,16725,19755,2051,87,215,620,4.666666667,68,7,7,27,14,13,26,23,19
"993",35440,"Newport, OR",47881,16725,19755,1656,114,538,259,11,275,11,29,112,58,65,63,78,134
"994",35440,"Newport, OR",47881,16725,19755,1186,26,214,306,14.83333333,173,48,55,38,32,0,42,68,63
"995",35440,"Newport, OR",47881,16725,19755,923,30,169,201,13.33333333,280,4,88,49,70,69,55,138,87
"996",35440,"Newport, OR",47881,16725,19755,1200,39,216,280,7.333333333,74,36,1,29,7,1,20,44,10
"997",35440,"Newport, OR",47881,16725,19755,1837,45,234,403,3.666666667,258,5,197,22,34,0,64,70,124
"998",35440,"Newport, OR",47881,16725,19755,1094,80,179,262,3.833333333,97,2,0,55,12,28,39,36,22
"999",35440,"Newport, OR",47881,16725,19755,1928,152,397,306,13.16666667,1449,522,71,100,260,496,574,595,280
"1000",35440,"Newport, OR",47881,16725,19755,1999,15,82,529,8,474,0,1,390,83,0,28,47,399
"1001",35440,"Newport, OR",47881,16725,19755,765,0,56,251,4.666666667,125,0,0,69,43,13,35,51,39
"1002",35440,"Newport, OR",47881,16725,19755,1772,22,328,479,12.83333333,425,54,41,38,102,190,145,191,89
"1003",35440,"Newport, OR",47881,16725,19755,861,9,256,234,14.16666667,182,5,30,47,54,46,52,89,41
"1004",35440,"Newport, OR",47881,16725,19755,364,9,132,51,11.16666667,80,43,0,7,8,22,18,37,25
"1005",35440,"Newport, OR",47881,16725,19755,1492,69,321,263,16.66666667,540,67,17,11,192,253,225,257,58
"1006",35440,"Newport, OR",47881,16725,19755,536,8,88,157,16.66666667,156,9,79,24,25,19,34,77,45
"1007",35440,"Newport, OR",47881,16725,19755,967,22,151,201,16.66666667,624,260,61,112,85,106,156,284,184
"1008",35440,"Newport, OR",47881,16725,19755,538,28,176,120,17.83333333,324,61,45,5,120,93,99,145,80
"1009",35440,"Newport, OR",47881,16725,19755,844,7,110,295,6.166666667,93,19,1,23,42,8,33,37,23
"1010",35440,"Newport, OR",47881,16725,19755,1054,0,181,307,3,214,0,1,10,18,185,53,110,51
"1011",35440,"Newport, OR",47881,16725,19755,644,36,264,73,14.16666667,111,22,19,8,14,48,52,54,5
"1012",35440,"Newport, OR",47881,16725,19755,1932,112,465,313,16.33333333,1021,166,184,70,113,488,325,450,246
"1013",35440,"Newport, OR",47881,16725,19755,986,19,158,286,5.5,979,156,27,4,36,756,139,547,293
"1014",35440,"Newport, OR",47881,16725,19755,863,31,125,269,15,693,35,87,151,227,193,99,300,294
"1015",35440,"Newport, OR",47881,16725,19755,895,8,186,200,4.333333333,89,9,2,40,18,20,40,26,23
"1016",35440,"Newport, OR",47881,16725,19755,2035,42,359,507,4.833333333,580,11,47,70,65,387,229,261,90
"1017",36620,"Ontario, OR-ID",53472,21039,20814,1178,0,106,415,6.666666667,336,11,0,102,223,0,108,118,110
"1018",36620,"Ontario, OR-ID",53472,21039,20814,2407,39,289,540,5.666666667,276,5,9,135,98,29,65,120,91
"1019",36620,"Ontario, OR-ID",53472,21039,20814,1951,0,201,592,5.5,155,0,12,74,69,0,56,47,52
"1020",36620,"Ontario, OR-ID",53472,21039,20814,1806,0,193,452,5.833333333,59,0,0,12,46,1,28,21,10
"1021",36620,"Ontario, OR-ID",53472,21039,20814,959,59,128,233,10.33333333,696,89,32,203,239,133,200,319,177
"1022",36620,"Ontario, OR-ID",53472,21039,20814,3142,14,268,788,8.666666667,1677,51,209,689,663,65,433,712,532
"1023",36620,"Ontario, OR-ID",53472,21039,20814,1894,23,184,502,8.166666667,500,54,50,251,138,7,154,201,145
"1024",36620,"Ontario, OR-ID",53472,21039,20814,2412,19,108,670,4,178,15,1,114,30,18,54,98,26
"1025",36620,"Ontario, OR-ID",53472,21039,20814,961,0,167,170,5.666666667,134,14,13,95,12,0,73,42,19
"1026",36620,"Ontario, OR-ID",53472,21039,20814,1171,0,84,310,3.333333333,348,0,1,330,17,0,46,101,201
"1027",36620,"Ontario, OR-ID",53472,21039,20814,485,28,61,94,2.333333333,49,0,1,45,3,0,7,35,7
"1028",36620,"Ontario, OR-ID",53472,21039,20814,871,0,85,243,4.833333333,286,27,14,214,31,0,57,115,114
"1029",36620,"Ontario, OR-ID",53472,21039,20814,556,13,123,114,12.5,602,46,245,42,239,30,166,270,166
"1030",36620,"Ontario, OR-ID",53472,21039,20814,2562,48,393,641,14.33333333,801,37,80,366,304,14,265,405,131
"1031",36620,"Ontario, OR-ID",53472,21039,20814,686,0,118,253,5.333333333,262,77,1,138,46,0,40,122,100
"1032",36620,"Ontario, OR-ID",53472,21039,20814,1168,201,72,192,13.83333333,452,159,29,9,255,0,161,213,78
"1033",36620,"Ontario, OR-ID",53472,21039,20814,700,6,65,153,7.166666667,513,24,0,190,269,30,187,181,145
"1034",36620,"Ontario, OR-ID",53472,21039,20814,174,0,23,56,3.166666667,29,0,0,27,2,0,5,10,14
"1035",36620,"Ontario, OR-ID",53472,21039,20814,1662,12,140,508,4.666666667,274,6,7,165,77,19,77,117,80
"1036",36620,"Ontario, OR-ID",53472,21039,20814,713,8,65,231,5.833333333,161,23,2,63,57,16,71,55,35
"1037",36620,"Ontario, OR-ID",53472,21039,20814,3883,12,47,253,3,1349,4,1148,119,70,8,61,114,1174
"1038",36620,"Ontario, OR-ID",53472,21039,20814,717,34,136,111,13.5,1032,14,2,6,958,52,188,432,412
"1039",36620,"Ontario, OR-ID",53472,21039,20814,633,19,98,138,18.66666667,394,90,104,100,97,3,128,134,132
"1040",36620,"Ontario, OR-ID",53472,21039,20814,1659,71,315,183,15.33333333,186,37,8,65,76,0,27,92,67
"1041",36620,"Ontario, OR-ID",53472,21039,20814,646,25,137,92,15.33333333,3968,1410,151,1221,528,658,999,2054,915
"1042",36620,"Ontario, OR-ID",53472,21039,20814,459,19,118,75,19.66666667,1162,176,264,64,481,177,355,515,292
"1043",36620,"Ontario, OR-ID",53472,21039,20814,0,0,0,0,1,0,0,0,0,0,0,0,0,0
"1044",36620,"Ontario, OR-ID",53472,21039,20814,937,0,118,258,5.166666667,121,0,4,104,13,0,20,26,75
"1045",36620,"Ontario, OR-ID",53472,21039,20814,1751,154,201,359,16.33333333,781,185,24,107,373,92,251,402,128
"1046",36620,"Ontario, OR-ID",53472,21039,20814,752,19,133,165,17.5,663,92,8,18,476,69,274,231,158
"1047",36620,"Ontario, OR-ID",53472,21039,20814,1222,38,149,220,12.83333333,183,5,0,6,172,0,72,75,36
"1048",36620,"Ontario, OR-ID",53472,21039,20814,930,14,95,147,14.16666667,385,20,169,154,42,0,52,216,117
"1049",36620,"Ontario, OR-ID",53472,21039,20814,1016,3,83,307,3.166666667,62,0,4,51,7,0,15,26,21
"1050",36620,"Ontario, OR-ID",53472,21039,20814,896,37,112,141,14.83333333,104,0,19,45,32,8,57,35,12
"1051",36620,"Ontario, OR-ID",53472,21039,20814,556,9,63,146,13.16666667,452,0,38,330,40,44,169,138,145
"1052",36620,"Ontario, OR-ID",53472,21039,20814,802,9,44,191,17.16666667,130,49,20,48,13,0,37,61,32
"1053",36620,"Ontario, OR-ID",53472,21039,20814,1022,8,30,355,3.833333333,258,0,0,257,1,0,43,173,42
"1054",36620,"Ontario, OR-ID",53472,21039,20814,687,1,56,184,5,96,0,0,53,22,21,29,28,39
"1055",36620,"Ontario, OR-ID",53472,21039,20814,902,33,67,234,14.16666667,248,0,0,68,180,0,90,82,76
"1056",36620,"Ontario, OR-ID",53472,21039,20814,1004,17,102,223,12.5,304,17,55,175,38,19,59,140,105
"1057",36620,"Ontario, OR-ID",53472,21039,20814,1183,9,99,222,5.666666667,119,50,0,51,18,0,26,64,29
"1058",36620,"Ontario, OR-ID",53472,21039,20814,1146,7,161,274,7.333333333,526,89,182,165,62,28,159,176,191
"1059",36620,"Ontario, OR-ID",53472,21039,20814,935,0,38,283,3.833333333,191,0,0,169,22,0,45,64,82
"1060",36620,"Ontario, OR-ID",53472,21039,20814,868,30,118,219,6.833333333,296,143,14,64,64,11,68,155,73
"1061",36620,"Ontario, OR-ID",53472,21039,20814,733,13,60,252,3.666666667,182,0,16,148,18,0,49,87,46
"1062",36620,"Ontario, OR-ID",53472,21039,20814,675,8,16,189,3.833333333,59,0,7,39,13,0,16,24,19
"1063",38900,"Portland-Vancouver-Hillsboro, OR-WA",2417931,1165042,1140463,1032,25,131,263,14.83333333,361,30,10,187,134,0,53,148,160
"1064",38900,"Portland-Vancouver-Hillsboro, OR-WA",2417931,1165042,1140463,1804,102,308,394,12.83333333,1001,0,3,1,958,39,97,237,667
"1065",38900,"Portland-Vancouver-Hillsboro, OR-WA",2417931,1165042,1140463,2586,119,248,678,11.5,2051,13,5,1775,258,0,116,339,1596
"1066",38900,"Portland-Vancouver-Hillsboro, OR-WA",2417931,1165042,1140463,1562,55,300,377,15,893,113,15,221,342,202,267,362,264
"1067",38900,"Portland-Vancouver-Hillsboro, OR-WA",2417931,1165042,1140463,2322,86,244,509,14.66666667,520,24,71,58,339,28,122,147,251
"1068",38900,"Portland-Vancouver-Hillsboro, OR-WA",2417931,1165042,1140463,1986,42,156,455,15.33333333,740,96,106,425,77,36,105,282,353
"1069",38900,"Portland-Vancouver-Hillsboro, OR-WA",2417931,1165042,1140463,1324,14,15,327,8.333333333,199,46,27,48,52,26,76,77,46
"1070",38900,"Portland-Vancouver-Hillsboro, OR-WA",2417931,1165042,1140463,1153,86,237,226,11.66666667,68,0,2,9,57,0,15,27,26
"1071",38900,"Portland-Vancouver-Hillsboro, OR-WA",2417931,1165042,1140463,972,11,187,221,16.66666667,130,13,57,9,47,4,32,37,61
"1072",38900,"Portland-Vancouver-Hillsboro, OR-WA",2417931,1165042,1140463,778,0,104,179,13.66666667,24,0,5,8,10,1,9,12,3
"1073",38900,"Portland-Vancouver-Hillsboro, OR-WA",2417931,1165042,1140463,2266,22,439,585,16.5,607,134,41,68,214,150,215,251,141
"1074",38900,"Portland-Vancouver-Hillsboro, OR-WA",2417931,1165042,1140463,2311,6,73,720,4.166666667,135,2,7,80,46,0,51,41,43
"1075",38900,"Portland-Vancouver-Hillsboro, OR-WA",2417931,1165042,1140463,1670,9,76,484,7,772,76,21,372,297,6,165,311,296
"1076",38900,"Portland-Vancouver-Hillsboro, OR-WA",2417931,1165042,1140463,1922,10,81,528,4.166666667,210,2,3,146,39,20,33,86,91
"1077",38900,"Portland-Vancouver-Hillsboro, OR-WA",2417931,1165042,1140463,1401,0,155,373,14.33333333,804,195,21,130,268,190,266,323,215
"1078",38900,"Portland-Vancouver-Hillsboro, OR-WA",2417931,1165042,1140463,1411,62,86,357,14.16666667,235,4,90,1,110,30,69,89,77
"1079",38900,"Portland-Vancouver-Hillsboro, OR-WA",2417931,1165042,1140463,2002,14,161,648,14.33333333,464,0,4,139,307,14,167,179,118
"1080",38900,"Portland-Vancouver-Hillsboro, OR-WA",2417931,1165042,1140463,1359,17,96,392,13.83333333,124,0,1,48,68,7,22,36,66
"1081",38900,"Portland-Vancouver-Hillsboro, OR-WA",2417931,1165042,1140463,3076,37,185,930,7,200,10,6,51,125,8,57,87,56
"1082",38900,"Portland-Vancouver-Hillsboro, OR-WA",2417931,1165042,1140463,1047,116,91,162,16.66666667,958,633,63,49,151,62,277,476,205
"1083",38900,"Portland-Vancouver-Hillsboro, OR-WA",2417931,1165042,1140463,2161,38,359,452,15.66666667,697,172,15,221,198,91,152,265,280
"1084",38900,"Portland-Vancouver-Hillsboro, OR-WA",2417931,1165042,1140463,1545,39,183,345,15.66666667,769,127,130,154,241,117,214,294,261
"1085",38900,"Portland-Vancouver-Hillsboro, OR-WA",2417931,1165042,1140463,1399,69,371,192,16.5,460,306,10,37,87,20,73,256,131
"1086",38900,"Portland-Vancouver-Hillsboro, OR-WA",2417931,1165042,1140463,1020,28,115,273,16.33333333,335,1,10,33,246,45,83,103,149
"1087",38900,"Portland-Vancouver-Hillsboro, OR-WA",2417931,1165042,1140463,2432,8,170,664,6.5,255,0,9,114,77,55,71,90,94
"1088",38900,"Portland-Vancouver-Hillsboro, OR-WA",2417931,1165042,1140463,700,12,26,177,11.83333333,590,53,7,394,117,19,126,220,244
"1089",38900,"Portland-Vancouver-Hillsboro, OR-WA",2417931,1165042,1140463,1209,0,77,452,3.833333333,177,4,3,116,31,23,38,89,50
"1090",38900,"Portland-Vancouver-Hillsboro, OR-WA",2417931,1165042,1140463,5026,47,271,1220,11,302,8,7,103,155,29,87,105,110
"1091",38900,"Portland-Vancouver-Hillsboro, OR-WA",2417931,1165042,1140463,1262,0,15,425,2.833333333,42,0,0,37,5,0,10,11,21
"1092",38900,"Portland-Vancouver-Hillsboro, OR-WA",2417931,1165042,1140463,889,0,33,210,6,118,6,1,47,34,30,38,35,45
"1093",38900,"Portland-Vancouver-Hillsboro, OR-WA",2417931,1165042,1140463,998,13,150,240,5.5,395,15,5,225,60,90,129,166,100
"1094",38900,"Portland-Vancouver-Hillsboro, OR-WA",2417931,1165042,1140463,1676,45,214,459,3.833333333,83,0,9,23,38,13,41,27,15
"1095",38900,"Portland-Vancouver-Hillsboro, OR-WA",2417931,1165042,1140463,1790,86,395,338,13.5,729,31,39,48,289,322,318,272,139
"1096",38900,"Portland-Vancouver-Hillsboro, OR-WA",2417931,1165042,1140463,1819,22,159,584,11.16666667,114,1,2,22,87,2,29,30,55
"1097",38900,"Portland-Vancouver-Hillsboro, OR-WA",2417931,1165042,1140463,1512,261,310,80,13.83333333,413,27,2,0,322,62,151,200,62
"1098",38900,"Portland-Vancouver-Hillsboro, OR-WA",2417931,1165042,1140463,1446,44,248,252,16.66666667,473,13,47,12,136,265,148,223,102
"1099",38900,"Portland-Vancouver-Hillsboro, OR-WA",2417931,1165042,1140463,3202,34,303,858,5.833333333,705,1,1,456,145,102,172,262,271
"1100",38900,"Portland-Vancouver-Hillsboro, OR-WA",2417931,1165042,1140463,996,0,107,267,15.66666667,1993,20,597,739,585,52,172,167,1654
"1101",38900,"Portland-Vancouver-Hillsboro, OR-WA",2417931,1165042,1140463,1906,10,150,637,5.333333333,249,5,7,83,107,47,50,99,100
"1102",38900,"Portland-Vancouver-Hillsboro, OR-WA",2417931,1165042,1140463,1331,0,211,338,12.16666667,7067,43,1760,4327,813,124,1080,2590,3397
"1103",38900,"Portland-Vancouver-Hillsboro, OR-WA",2417931,1165042,1140463,1337,175,144,315,17.16666667,544,46,50,142,227,79,111,224,209
"1104",38900,"Portland-Vancouver-Hillsboro, OR-WA",2417931,1165042,1140463,1937,0,249,490,14.16666667,155,0,5,17,133,0,40,55,60
"1105",38900,"Portland-Vancouver-Hillsboro, OR-WA",2417931,1165042,1140463,881,135,277,125,18.66666667,2701,35,830,368,1425,43,468,515,1718
"1106",38900,"Portland-Vancouver-Hillsboro, OR-WA",2417931,1165042,1140463,742,52,359,101,19.16666667,912,0,167,23,360,362,143,311,458
"1107",38900,"Portland-Vancouver-Hillsboro, OR-WA",2417931,1165042,1140463,1601,231,443,167,19.33333333,1309,118,38,218,701,234,308,552,449
"1108",38900,"Portland-Vancouver-Hillsboro, OR-WA",2417931,1165042,1140463,1944,11,250,487,12.33333333,71,18,1,3,49,0,25,23,23
"1109",38900,"Portland-Vancouver-Hillsboro, OR-WA",2417931,1165042,1140463,1166,0,126,299,13.83333333,153,13,0,46,48,46,34,70,49
"1110",38900,"Portland-Vancouver-Hillsboro, OR-WA",2417931,1165042,1140463,1930,14,272,576,14.66666667,317,0,52,38,216,11,74,124,119
"1111",38900,"Portland-Vancouver-Hillsboro, OR-WA",2417931,1165042,1140463,2685,21,331,629,13,237,0,11,80,146,0,54,79,104
"1112",38900,"Portland-Vancouver-Hillsboro, OR-WA",2417931,1165042,1140463,1120,17,126,261,13.66666667,84,0,0,23,61,0,28,42,14
"1113",38900,"Portland-Vancouver-Hillsboro, OR-WA",2417931,1165042,1140463,1588,82,120,248,6.833333333,66,0,0,17,45,4,27,31,8
"1114",38900,"Portland-Vancouver-Hillsboro, OR-WA",2417931,1165042,1140463,1339,15,177,362,16,198,5,4,36,103,50,53,85,60
"1115",38900,"Portland-Vancouver-Hillsboro, OR-WA",2417931,1165042,1140463,1069,55,251,152,19,2587,89,193,1002,828,475,459,971,1157
"1116",38900,"Portland-Vancouver-Hillsboro, OR-WA",2417931,1165042,1140463,1638,56,370,279,19.83333333,3749,144,519,1471,1157,458,741,1511,1497
"1117",38900,"Portland-Vancouver-Hillsboro, OR-WA",2417931,1165042,1140463,1851,119,493,189,13.83333333,5615,9,71,31,5399,105,456,1315,3844
"1118",38900,"Portland-Vancouver-Hillsboro, OR-WA",2417931,1165042,1140463,1456,32,149,341,14.16666667,607,9,8,53,497,40,49,120,438
"1119",38900,"Portland-Vancouver-Hillsboro, OR-WA",2417931,1165042,1140463,1064,150,470,93,18.5,3330,18,1533,62,1446,271,239,794,2297
"1120",38900,"Portland-Vancouver-Hillsboro, OR-WA",2417931,1165042,1140463,1556,58,213,352,17.66666667,728,109,3,386,161,69,78,247,403
"1121",38900,"Portland-Vancouver-Hillsboro, OR-WA",2417931,1165042,1140463,2780,180,359,419,18.33333333,802,196,116,92,330,68,169,293,340
"1122",38900,"Portland-Vancouver-Hillsboro, OR-WA",2417931,1165042,1140463,1806,92,157,225,18,157,26,3,8,83,37,58,66,33
"1123",38900,"Portland-Vancouver-Hillsboro, OR-WA",2417931,1165042,1140463,2348,85,323,553,16.5,761,112,36,51,335,227,206,307,248
"1124",38900,"Portland-Vancouver-Hillsboro, OR-WA",2417931,1165042,1140463,1741,54,402,356,18.83333333,666,86,30,43,281,226,178,226,262
"1125",38900,"Portland-Vancouver-Hillsboro, OR-WA",2417931,1165042,1140463,1717,111,229,271,12.33333333,1559,12,1,5,1530,11,489,499,571
"1126",38900,"Portland-Vancouver-Hillsboro, OR-WA",2417931,1165042,1140463,2533,0,145,835,6.5,6301,178,247,3933,1890,53,564,2529,3208
"1127",38900,"Portland-Vancouver-Hillsboro, OR-WA",2417931,1165042,1140463,1621,344,669,102,17.33333333,1815,175,116,32,213,1279,685,521,609
"1128",38900,"Portland-Vancouver-Hillsboro, OR-WA",2417931,1165042,1140463,1570,417,317,68,15.66666667,298,18,103,1,115,61,69,128,101
"1129",38900,"Portland-Vancouver-Hillsboro, OR-WA",2417931,1165042,1140463,1006,0,46,293,4.666666667,101,4,6,66,25,0,22,41,38
"1130",38900,"Portland-Vancouver-Hillsboro, OR-WA",2417931,1165042,1140463,2458,11,127,688,10.83333333,551,32,25,301,137,56,152,204,195
"1131",38900,"Portland-Vancouver-Hillsboro, OR-WA",2417931,1165042,1140463,820,19,180,252,15,860,325,13,12,319,191,390,300,170
"1132",38900,"Portland-Vancouver-Hillsboro, OR-WA",2417931,1165042,1140463,1150,27,212,124,18,2745,688,977,314,575,191,532,794,1419
"1133",38900,"Portland-Vancouver-Hillsboro, OR-WA",2417931,1165042,1140463,449,0,34,118,5.166666667,600,52,2,417,88,41,140,227,233
"1134",38900,"Portland-Vancouver-Hillsboro, OR-WA",2417931,1165042,1140463,3220,51,152,660,12.33333333,618,13,30,247,275,53,161,186,271
"1135",38900,"Portland-Vancouver-Hillsboro, OR-WA",2417931,1165042,1140463,1094,7,116,251,8,231,17,51,64,75,24,71,95,65
"1136",38900,"Portland-Vancouver-Hillsboro, OR-WA",2417931,1165042,1140463,865,0,31,309,2.666666667,350,4,5,323,7,11,29,227,94
"1137",38900,"Portland-Vancouver-Hillsboro, OR-WA",2417931,1165042,1140463,2969,13,248,847,11.33333333,1268,406,19,456,339,48,319,648,301
"1138",38900,"Portland-Vancouver-Hillsboro, OR-WA",2417931,1165042,1140463,2194,33,142,593,9.166666667,696,12,1,648,34,1,151,259,286
"1139",38900,"Portland-Vancouver-Hillsboro, OR-WA",2417931,1165042,1140463,4104,70,671,889,11.33333333,438,2,1,14,381,40,153,210,75
"1140",38900,"Portland-Vancouver-Hillsboro, OR-WA",2417931,1165042,1140463,1112,4,108,350,2.666666667,258,2,5,238,13,0,55,121,82
"1141",38900,"Portland-Vancouver-Hillsboro, OR-WA",2417931,1165042,1140463,1438,441,275,169,13.33333333,98,0,9,6,83,0,31,43,24
"1142",38900,"Portland-Vancouver-Hillsboro, OR-WA",2417931,1165042,1140463,3396,71,305,725,12.66666667,87,0,10,27,50,0,25,42,20
"1143",38900,"Portland-Vancouver-Hillsboro, OR-WA",2417931,1165042,1140463,2707,41,465,475,16.33333333,2299,597,56,929,292,425,610,1012,677
"1144",38900,"Portland-Vancouver-Hillsboro, OR-WA",2417931,1165042,1140463,3856,24,403,1037,15.66666667,177,4,22,20,116,15,65,68,44
"1145",38900,"Portland-Vancouver-Hillsboro, OR-WA",2417931,1165042,1140463,2328,29,251,552,13.83333333,299,56,3,38,179,23,112,114,73
"1146",38900,"Portland-Vancouver-Hillsboro, OR-WA",2417931,1165042,1140463,2583,71,322,438,14.66666667,287,9,9,74,184,11,83,118,86
"1147",38900,"Portland-Vancouver-Hillsboro, OR-WA",2417931,1165042,1140463,1884,25,343,367,12.5,37,0,11,12,14,0,16,13,8
"1148",38900,"Portland-Vancouver-Hillsboro, OR-WA",2417931,1165042,1140463,2081,28,262,487,13.5,155,11,2,7,135,0,43,63,49
"1149",38900,"Portland-Vancouver-Hillsboro, OR-WA",2417931,1165042,1140463,1485,18,152,257,14.83333333,950,218,10,533,110,79,184,552,214
"1150",38900,"Portland-Vancouver-Hillsboro, OR-WA",2417931,1165042,1140463,1712,182,353,210,18.16666667,816,230,37,101,179,269,307,344,165
"1151",38900,"Portland-Vancouver-Hillsboro, OR-WA",2417931,1165042,1140463,1283,15,260,246,14.16666667,99,0,2,62,35,0,27,55,17
"1152",38900,"Portland-Vancouver-Hillsboro, OR-WA",2417931,1165042,1140463,1475,132,381,318,11.83333333,89,0,2,0,87,0,13,60,16
"1153",38900,"Portland-Vancouver-Hillsboro, OR-WA",2417931,1165042,1140463,1982,0,42,664,13.33333333,153,0,44,21,88,0,22,57,74
"1154",38900,"Portland-Vancouver-Hillsboro, OR-WA",2417931,1165042,1140463,1729,37,300,306,14,469,16,84,49,320,0,106,245,118
"1155",38900,"Portland-Vancouver-Hillsboro, OR-WA",2417931,1165042,1140463,2108,205,314,323,16.16666667,404,53,1,46,180,124,151,200,53
"1156",38900,"Portland-Vancouver-Hillsboro, OR-WA",2417931,1165042,1140463,4401,1028,1711,263,19.33333333,2644,214,761,147,1151,371,415,774,1455
"1157",38900,"Portland-Vancouver-Hillsboro, OR-WA",2417931,1165042,1140463,0,0,0,0,11.16666667,12076,50,2074,8170,1616,166,1212,2652,8212
"1158",38900,"Portland-Vancouver-Hillsboro, OR-WA",2417931,1165042,1140463,1206,483,359,27,17,475,6,22,14,254,179,228,165,82
"1159",38900,"Portland-Vancouver-Hillsboro, OR-WA",2417931,1165042,1140463,1444,285,461,131,17.66666667,555,22,57,37,297,142,116,166,273
"1160",38900,"Portland-Vancouver-Hillsboro, OR-WA",2417931,1165042,1140463,1121,204,433,127,17.66666667,124,20,26,6,46,26,18,54,52
"1161",38900,"Portland-Vancouver-Hillsboro, OR-WA",2417931,1165042,1140463,803,260,247,64,17.83333333,349,87,33,17,51,161,90,154,105
"1162",38900,"Portland-Vancouver-Hillsboro, OR-WA",2417931,1165042,1140463,1501,11,64,411,13.16666667,327,11,19,97,163,37,106,98,123
"1163",38900,"Portland-Vancouver-Hillsboro, OR-WA",2417931,1165042,1140463,910,9,41,304,13.66666667,812,147,20,306,339,0,140,269,403
"1164",38900,"Portland-Vancouver-Hillsboro, OR-WA",2417931,1165042,1140463,963,0,85,232,10.66666667,37,0,4,11,21,1,11,9,17
"1165",38900,"Portland-Vancouver-Hillsboro, OR-WA",2417931,1165042,1140463,1988,6,108,541,4,279,3,0,195,77,4,68,112,99
"1166",38900,"Portland-Vancouver-Hillsboro, OR-WA",2417931,1165042,1140463,1424,0,181,342,10.16666667,2618,68,61,1877,612,0,240,931,1447
"1167",38900,"Portland-Vancouver-Hillsboro, OR-WA",2417931,1165042,1140463,1418,38,164,321,12.16666667,287,53,35,27,164,8,98,94,95
"1168",38900,"Portland-Vancouver-Hillsboro, OR-WA",2417931,1165042,1140463,885,0,166,196,11.33333333,204,0,3,188,13,0,25,88,91
"1169",38900,"Portland-Vancouver-Hillsboro, OR-WA",2417931,1165042,1140463,4208,42,176,1115,7.333333333,282,31,11,154,78,8,73,117,92
"1170",38900,"Portland-Vancouver-Hillsboro, OR-WA",2417931,1165042,1140463,1710,69,33,472,4,268,2,1,159,75,31,82,117,69
"1171",38900,"Portland-Vancouver-Hillsboro, OR-WA",2417931,1165042,1140463,991,8,23,308,12.66666667,313,0,11,244,53,5,42,136,135
"1172",38900,"Portland-Vancouver-Hillsboro, OR-WA",2417931,1165042,1140463,1987,62,169,512,7.166666667,990,14,117,682,177,0,104,182,704
"1173",38900,"Portland-Vancouver-Hillsboro, OR-WA",2417931,1165042,1140463,3894,17,209,1147,6,225,2,37,102,81,3,54,66,105
"1174",38900,"Portland-Vancouver-Hillsboro, OR-WA",2417931,1165042,1140463,2716,24,184,748,6.333333333,57,0,2,24,31,0,9,28,20
"1175",38900,"Portland-Vancouver-Hillsboro, OR-WA",2417931,1165042,1140463,1334,0,109,325,12.5,14,0,1,3,10,0,6,1,7
"1176",38900,"Portland-Vancouver-Hillsboro, OR-WA",2417931,1165042,1140463,966,10,135,298,13.83333333,210,19,16,93,82,0,52,81,77
"1177",38900,"Portland-Vancouver-Hillsboro, OR-WA",2417931,1165042,1140463,1396,0,65,418,4.333333333,483,0,1,322,136,24,96,198,189
"1178",38900,"Portland-Vancouver-Hillsboro, OR-WA",2417931,1165042,1140463,4020,222,650,720,17,3458,678,183,969,926,702,1001,1380,1077
"1179",38900,"Portland-Vancouver-Hillsboro, OR-WA",2417931,1165042,1140463,963,0,28,0,14.66666667,476,0,0,5,444,27,108,144,224
"1180",38900,"Portland-Vancouver-Hillsboro, OR-WA",2417931,1165042,1140463,1175,90,105,215,6.166666667,315,8,2,89,199,17,76,137,102
"1181",38900,"Portland-Vancouver-Hillsboro, OR-WA",2417931,1165042,1140463,1491,9,154,472,11.83333333,2234,38,113,152,1819,112,415,1135,684
"1182",38900,"Portland-Vancouver-Hillsboro, OR-WA",2417931,1165042,1140463,1474,44,206,277,13.83333333,541,0,8,56,467,10,119,164,258
"1183",38900,"Portland-Vancouver-Hillsboro, OR-WA",2417931,1165042,1140463,1717,25,65,476,16.66666667,836,125,54,10,358,289,327,367,142
"1184",38900,"Portland-Vancouver-Hillsboro, OR-WA",2417931,1165042,1140463,1069,0,76,325,15.33333333,252,88,2,105,30,27,75,105,72
"1185",38900,"Portland-Vancouver-Hillsboro, OR-WA",2417931,1165042,1140463,2687,136,285,183,19,2490,139,267,116,1548,420,752,773,965
"1186",38900,"Portland-Vancouver-Hillsboro, OR-WA",2417931,1165042,1140463,2137,0,306,559,14.5,283,0,9,15,252,7,43,85,155
"1187",38900,"Portland-Vancouver-Hillsboro, OR-WA",2417931,1165042,1140463,833,0,95,203,2.833333333,296,5,4,278,9,0,15,31,250
"1188",38900,"Portland-Vancouver-Hillsboro, OR-WA",2417931,1165042,1140463,1248,18,149,312,2.666666667,103,0,0,91,12,0,14,27,62
"1189",38900,"Portland-Vancouver-Hillsboro, OR-WA",2417931,1165042,1140463,695,45,121,85,16.66666667,136,42,8,19,55,12,26,70,40
"1190",38900,"Portland-Vancouver-Hillsboro, OR-WA",2417931,1165042,1140463,1625,24,140,340,12,119,0,0,17,102,0,46,25,48
"1191",38900,"Portland-Vancouver-Hillsboro, OR-WA",2417931,1165042,1140463,1791,0,118,355,14.33333333,91,0,0,60,31,0,14,35,42
"1192",38900,"Portland-Vancouver-Hillsboro, OR-WA",2417931,1165042,1140463,872,22,208,136,17.5,215,56,10,21,63,65,67,104,44
"1193",38900,"Portland-Vancouver-Hillsboro, OR-WA",2417931,1165042,1140463,1819,0,225,369,15.66666667,413,257,10,35,63,48,102,237,74
"1194",38900,"Portland-Vancouver-Hillsboro, OR-WA",2417931,1165042,1140463,2140,17,216,497,5.833333333,110,0,2,21,77,10,36,48,26
"1195",38900,"Portland-Vancouver-Hillsboro, OR-WA",2417931,1165042,1140463,2264,0,104,655,7,99,2,2,25,65,5,25,41,33
"1196",38900,"Portland-Vancouver-Hillsboro, OR-WA",2417931,1165042,1140463,2263,8,170,615,12.16666667,132,14,8,28,82,0,34,46,52
"1197",38900,"Portland-Vancouver-Hillsboro, OR-WA",2417931,1165042,1140463,1145,406,212,53,17,395,8,13,61,288,25,72,180,143
"1198",38900,"Portland-Vancouver-Hillsboro, OR-WA",2417931,1165042,1140463,1208,124,51,242,16.83333333,1029,387,37,115,108,382,314,445,270
"1199",38900,"Portland-Vancouver-Hillsboro, OR-WA",2417931,1165042,1140463,1434,46,301,169,13.66666667,157,78,4,6,69,0,33,71,53
"1200",38900,"Portland-Vancouver-Hillsboro, OR-WA",2417931,1165042,1140463,1024,0,112,304,11.33333333,25,0,3,13,9,0,5,7,13
"1201",38900,"Portland-Vancouver-Hillsboro, OR-WA",2417931,1165042,1140463,1915,30,281,389,15.5,271,53,9,6,116,87,101,96,74
"1202",38900,"Portland-Vancouver-Hillsboro, OR-WA",2417931,1165042,1140463,1293,160,317,170,17.5,743,172,25,114,273,159,234,306,203
"1203",38900,"Portland-Vancouver-Hillsboro, OR-WA",2417931,1165042,1140463,1662,176,448,314,14.33333333,713,4,9,129,556,15,127,329,257
"1204",38900,"Portland-Vancouver-Hillsboro, OR-WA",2417931,1165042,1140463,1468,125,194,332,18,761,60,100,39,444,118,198,289,274
"1205",38900,"Portland-Vancouver-Hillsboro, OR-WA",2417931,1165042,1140463,1052,8,168,230,18.83333333,227,11,50,70,62,34,72,71,84
"1206",38900,"Portland-Vancouver-Hillsboro, OR-WA",2417931,1165042,1140463,1935,20,142,504,4,83,14,3,36,24,6,20,23,40
"1207",38900,"Portland-Vancouver-Hillsboro, OR-WA",2417931,1165042,1140463,1160,0,54,267,2.166666667,20,0,0,1,19,0,4,2,14
"1208",38900,"Portland-Vancouver-Hillsboro, OR-WA",2417931,1165042,1140463,884,23,119,292,3.333333333,352,0,2,335,15,0,16,130,206
"1209",38900,"Portland-Vancouver-Hillsboro, OR-WA",2417931,1165042,1140463,1171,42,162,216,17.66666667,241,58,36,6,108,33,78,110,53
"1210",38900,"Portland-Vancouver-Hillsboro, OR-WA",2417931,1165042,1140463,3540,122,423,765,8.666666667,744,3,99,106,494,42,141,262,341
"1211",38900,"Portland-Vancouver-Hillsboro, OR-WA",2417931,1165042,1140463,907,21,93,309,5.333333333,157,5,7,78,63,4,28,66,63
"1212",38900,"Portland-Vancouver-Hillsboro, OR-WA",2417931,1165042,1140463,1457,34,88,474,8.5,1775,647,56,532,275,265,485,677,613
"1213",38900,"Portland-Vancouver-Hillsboro, OR-WA",2417931,1165042,1140463,3097,523,617,418,15.16666667,1533,854,18,6,459,196,562,722,249
"1214",38900,"Portland-Vancouver-Hillsboro, OR-WA",2417931,1165042,1140463,947,0,95,258,11,40,0,0,3,37,0,11,20,9
"1215",38900,"Portland-Vancouver-Hillsboro, OR-WA",2417931,1165042,1140463,1042,32,317,279,18,620,62,65,74,314,105,161,254,205
"1216",38900,"Portland-Vancouver-Hillsboro, OR-WA",2417931,1165042,1140463,1963,16,207,591,12,371,4,28,11,85,243,180,96,95
"1217",38900,"Portland-Vancouver-Hillsboro, OR-WA",2417931,1165042,1140463,2045,20,273,586,13.33333333,335,1,41,28,254,11,79,61,195
"1218",38900,"Portland-Vancouver-Hillsboro, OR-WA",2417931,1165042,1140463,2513,16,583,581,12,186,0,19,1,132,34,79,44,63
"1219",38900,"Portland-Vancouver-Hillsboro, OR-WA",2417931,1165042,1140463,1221,0,261,336,7.5,159,2,9,6,141,1,31,56,72
"1220",38900,"Portland-Vancouver-Hillsboro, OR-WA",2417931,1165042,1140463,2241,113,390,535,15.16666667,968,0,154,274,530,10,160,264,544
"1221",38900,"Portland-Vancouver-Hillsboro, OR-WA",2417931,1165042,1140463,1542,80,284,265,10.5,641,247,68,41,245,40,145,229,267
"1222",38900,"Portland-Vancouver-Hillsboro, OR-WA",2417931,1165042,1140463,2076,81,320,527,16.5,3391,1655,187,233,592,724,1008,1516,867
"1223",38900,"Portland-Vancouver-Hillsboro, OR-WA",2417931,1165042,1140463,1574,53,435,280,14.66666667,620,333,23,54,180,30,167,219,234
"1224",38900,"Portland-Vancouver-Hillsboro, OR-WA",2417931,1165042,1140463,2139,36,277,467,13.16666667,250,2,15,52,154,27,63,111,76
"1225",38900,"Portland-Vancouver-Hillsboro, OR-WA",2417931,1165042,1140463,2616,0,354,661,12.66666667,207,1,0,31,175,0,51,60,96
"1226",38900,"Portland-Vancouver-Hillsboro, OR-WA",2417931,1165042,1140463,2137,0,65,597,6.166666667,52,1,1,32,12,6,12,14,26
"1227",38900,"Portland-Vancouver-Hillsboro, OR-WA",2417931,1165042,1140463,786,120,269,155,17.16666667,620,260,47,35,203,75,187,304,129
"1228",38900,"Portland-Vancouver-Hillsboro, OR-WA",2417931,1165042,1140463,2484,47,351,557,13.33333333,105,46,10,11,38,0,17,44,44
"1229",38900,"Portland-Vancouver-Hillsboro, OR-WA",2417931,1165042,1140463,1244,139,346,177,18.33333333,1317,276,178,14,508,341,354,519,444
"1230",38900,"Portland-Vancouver-Hillsboro, OR-WA",2417931,1165042,1140463,929,17,214,257,16.83333333,619,280,87,7,170,75,112,298,209
"1231",38900,"Portland-Vancouver-Hillsboro, OR-WA",2417931,1165042,1140463,2656,11,109,824,12,193,2,31,42,118,0,40,43,110
"1232",38900,"Portland-Vancouver-Hillsboro, OR-WA",2417931,1165042,1140463,1081,9,56,340,15.16666667,94,10,1,50,26,7,26,35,33
"1233",38900,"Portland-Vancouver-Hillsboro, OR-WA",2417931,1165042,1140463,2143,0,276,504,16.5,454,27,54,84,189,100,132,146,176
"1234",38900,"Portland-Vancouver-Hillsboro, OR-WA",2417931,1165042,1140463,2783,18,146,871,10.33333333,467,67,54,83,171,92,152,195,120
"1235",38900,"Portland-Vancouver-Hillsboro, OR-WA",2417931,1165042,1140463,2335,48,345,620,11.83333333,993,31,176,73,528,185,227,281,485
"1236",38900,"Portland-Vancouver-Hillsboro, OR-WA",2417931,1165042,1140463,2614,142,254,713,15.33333333,1102,428,114,96,182,282,298,512,292
"1237",38900,"Portland-Vancouver-Hillsboro, OR-WA",2417931,1165042,1140463,1649,68,457,309,11.66666667,109,31,4,34,40,0,24,47,38
"1238",38900,"Portland-Vancouver-Hillsboro, OR-WA",2417931,1165042,1140463,544,11,194,139,9,15,0,0,2,13,0,5,9,1
"1239",38900,"Portland-Vancouver-Hillsboro, OR-WA",2417931,1165042,1140463,2368,176,513,419,16.83333333,785,336,28,13,165,243,272,366,147
"1240",38900,"Portland-Vancouver-Hillsboro, OR-WA",2417931,1165042,1140463,675,0,336,33,14.83333333,114,0,25,65,10,14,7,26,81
"1241",38900,"Portland-Vancouver-Hillsboro, OR-WA",2417931,1165042,1140463,1183,33,339,209,14.83333333,5369,248,1113,1470,1968,570,508,1309,3552
"1242",38900,"Portland-Vancouver-Hillsboro, OR-WA",2417931,1165042,1140463,1969,69,377,362,18,1836,803,231,38,254,510,737,684,415
"1243",38900,"Portland-Vancouver-Hillsboro, OR-WA",2417931,1165042,1140463,2211,24,219,420,7.5,146,4,1,5,131,5,22,42,82
"1244",38900,"Portland-Vancouver-Hillsboro, OR-WA",2417931,1165042,1140463,1090,0,67,252,8.166666667,30,0,0,17,13,0,4,8,18
"1245",38900,"Portland-Vancouver-Hillsboro, OR-WA",2417931,1165042,1140463,984,0,78,297,5.833333333,68,1,6,22,39,0,25,14,29
"1246",38900,"Portland-Vancouver-Hillsboro, OR-WA",2417931,1165042,1140463,3122,125,431,557,14.33333333,6154,1199,437,2465,1112,941,1348,1819,2987
"1247",38900,"Portland-Vancouver-Hillsboro, OR-WA",2417931,1165042,1140463,2368,32,256,515,14,161,109,2,6,41,3,53,82,26
"1248",38900,"Portland-Vancouver-Hillsboro, OR-WA",2417931,1165042,1140463,2831,189,459,596,15.83333333,4659,242,848,2164,1393,12,581,1551,2527
"1249",38900,"Portland-Vancouver-Hillsboro, OR-WA",2417931,1165042,1140463,2070,209,378,379,17,3722,2106,259,29,407,921,1606,1506,610
"1250",38900,"Portland-Vancouver-Hillsboro, OR-WA",2417931,1165042,1140463,1708,0,278,438,16.66666667,1423,65,207,144,830,177,280,503,640
"1251",38900,"Portland-Vancouver-Hillsboro, OR-WA",2417931,1165042,1140463,2979,99,341,462,13.33333333,1024,224,120,427,230,23,222,470,332
"1252",38900,"Portland-Vancouver-Hillsboro, OR-WA",2417931,1165042,1140463,1876,0,260,354,12.66666667,322,9,10,142,161,0,46,129,147
"1253",38900,"Portland-Vancouver-Hillsboro, OR-WA",2417931,1165042,1140463,1545,90,81,345,13.66666667,1126,61,12,598,352,103,136,582,408
"1254",38900,"Portland-Vancouver-Hillsboro, OR-WA",2417931,1165042,1140463,4101,17,213,1100,13.66666667,272,4,15,46,207,0,60,102,110
"1255",38900,"Portland-Vancouver-Hillsboro, OR-WA",2417931,1165042,1140463,5422,48,465,1342,13.66666667,1045,43,8,544,375,75,296,364,385
"1256",38900,"Portland-Vancouver-Hillsboro, OR-WA",2417931,1165042,1140463,3437,59,425,881,11,4350,7,64,2743,1525,11,215,497,3638
"1257",38900,"Portland-Vancouver-Hillsboro, OR-WA",2417931,1165042,1140463,3600,108,231,621,6,2001,15,20,263,1614,89,942,336,723
"1258",38900,"Portland-Vancouver-Hillsboro, OR-WA",2417931,1165042,1140463,2207,0,115,658,9.166666667,1918,88,18,1735,50,27,179,726,1013
"1259",38900,"Portland-Vancouver-Hillsboro, OR-WA",2417931,1165042,1140463,1554,26,233,357,11.16666667,76,0,59,2,15,0,17,38,21
"1260",38900,"Portland-Vancouver-Hillsboro, OR-WA",2417931,1165042,1140463,940,167,469,80,17.5,494,82,57,13,201,141,197,195,102
"1261",38900,"Portland-Vancouver-Hillsboro, OR-WA",2417931,1165042,1140463,582,40,290,55,13.83333333,176,12,3,1,160,0,25,101,50
"1262",38900,"Portland-Vancouver-Hillsboro, OR-WA",2417931,1165042,1140463,1900,0,252,492,14.66666667,175,16,3,9,147,0,42,83,50
"1263",38900,"Portland-Vancouver-Hillsboro, OR-WA",2417931,1165042,1140463,1726,17,136,434,14.16666667,196,0,0,13,183,0,54,69,73
"1264",38900,"Portland-Vancouver-Hillsboro, OR-WA",2417931,1165042,1140463,1351,0,73,428,12.33333333,40,0,1,11,26,2,14,11,15
"1265",38900,"Portland-Vancouver-Hillsboro, OR-WA",2417931,1165042,1140463,1008,0,165,212,15.83333333,1579,68,116,586,621,188,248,596,735
"1266",38900,"Portland-Vancouver-Hillsboro, OR-WA",2417931,1165042,1140463,2595,28,480,491,18.66666667,1521,286,118,67,743,307,451,640,430
"1267",38900,"Portland-Vancouver-Hillsboro, OR-WA",2417931,1165042,1140463,1991,8,177,530,15.83333333,932,39,69,328,432,64,216,345,371
"1268",38900,"Portland-Vancouver-Hillsboro, OR-WA",2417931,1165042,1140463,1292,0,341,316,14.83333333,147,0,0,7,140,0,28,46,73
"1269",38900,"Portland-Vancouver-Hillsboro, OR-WA",2417931,1165042,1140463,1022,79,183,91,16.16666667,116,55,1,7,25,28,34,62,20
"1270",38900,"Portland-Vancouver-Hillsboro, OR-WA",2417931,1165042,1140463,2032,101,396,447,12.83333333,135,0,4,42,89,0,33,52,50
"1271",38900,"Portland-Vancouver-Hillsboro, OR-WA",2417931,1165042,1140463,728,46,52,228,14.66666667,4323,82,1367,1230,1423,221,372,1009,2942
"1272",38900,"Portland-Vancouver-Hillsboro, OR-WA",2417931,1165042,1140463,1608,7,137,385,15,161,10,81,38,32,0,44,67,50
"1273",38900,"Portland-Vancouver-Hillsboro, OR-WA",2417931,1165042,1140463,2412,15,646,376,15.5,221,0,27,11,126,57,32,98,91
"1274",38900,"Portland-Vancouver-Hillsboro, OR-WA",2417931,1165042,1140463,2063,184,341,344,14.33333333,398,20,278,35,65,0,28,178,192
"1275",38900,"Portland-Vancouver-Hillsboro, OR-WA",2417931,1165042,1140463,807,46,159,130,18.33333333,554,2,145,39,334,34,165,187,202
"1276",38900,"Portland-Vancouver-Hillsboro, OR-WA",2417931,1165042,1140463,1371,26,44,404,12.33333333,122,4,0,81,37,0,38,63,21
"1277",38900,"Portland-Vancouver-Hillsboro, OR-WA",2417931,1165042,1140463,1142,0,49,283,11.66666667,65,14,3,9,37,2,30,26,9
"1278",38900,"Portland-Vancouver-Hillsboro, OR-WA",2417931,1165042,1140463,2527,80,356,500,13,864,15,7,643,158,41,73,286,505
"1279",38900,"Portland-Vancouver-Hillsboro, OR-WA",2417931,1165042,1140463,1455,24,216,380,12.5,105,3,0,22,79,1,45,36,24
"1280",38900,"Portland-Vancouver-Hillsboro, OR-WA",2417931,1165042,1140463,2474,17,232,679,11.33333333,73,0,0,5,68,0,28,17,28
"1281",38900,"Portland-Vancouver-Hillsboro, OR-WA",2417931,1165042,1140463,992,0,67,270,13.16666667,343,221,16,19,48,39,73,119,151
"1282",38900,"Portland-Vancouver-Hillsboro, OR-WA",2417931,1165042,1140463,1816,94,244,395,17.16666667,1180,388,14,96,457,225,375,548,257
"1283",38900,"Portland-Vancouver-Hillsboro, OR-WA",2417931,1165042,1140463,1848,0,218,313,16.83333333,540,37,27,106,190,180,205,232,103
"1284",38900,"Portland-Vancouver-Hillsboro, OR-WA",2417931,1165042,1140463,1639,26,214,453,12,50,1,7,10,32,0,17,24,9
"1285",38900,"Portland-Vancouver-Hillsboro, OR-WA",2417931,1165042,1140463,723,0,159,183,15,442,56,0,15,271,100,217,149,76
"1286",38900,"Portland-Vancouver-Hillsboro, OR-WA",2417931,1165042,1140463,2066,22,269,479,12.5,11707,51,10453,102,278,823,854,1213,9640
"1287",38900,"Portland-Vancouver-Hillsboro, OR-WA",2417931,1165042,1140463,1220,0,181,303,12.83333333,80,0,0,17,61,2,21,26,33
"1288",38900,"Portland-Vancouver-Hillsboro, OR-WA",2417931,1165042,1140463,1040,0,62,307,12.5,106,0,16,10,80,0,16,30,60
"1289",38900,"Portland-Vancouver-Hillsboro, OR-WA",2417931,1165042,1140463,1492,16,77,387,13,102,0,18,29,55,0,27,36,39
"1290",38900,"Portland-Vancouver-Hillsboro, OR-WA",2417931,1165042,1140463,419,12,40,147,13,15,0,0,3,11,1,4,10,1
"1291",38900,"Portland-Vancouver-Hillsboro, OR-WA",2417931,1165042,1140463,1275,11,53,347,15.5,672,0,14,179,441,38,134,249,289
"1292",38900,"Portland-Vancouver-Hillsboro, OR-WA",2417931,1165042,1140463,1221,64,157,177,17.33333333,2860,50,1799,68,825,118,480,589,1791
"1293",38900,"Portland-Vancouver-Hillsboro, OR-WA",2417931,1165042,1140463,1526,16,82,424,14.33333333,429,8,12,166,231,12,152,140,137
"1294",38900,"Portland-Vancouver-Hillsboro, OR-WA",2417931,1165042,1140463,1437,36,177,321,10,20,0,12,0,8,0,9,5,6
"1295",38900,"Portland-Vancouver-Hillsboro, OR-WA",2417931,1165042,1140463,2646,19,293,755,9,1633,22,11,687,844,69,149,301,1183
"1296",38900,"Portland-Vancouver-Hillsboro, OR-WA",2417931,1165042,1140463,1403,0,81,397,13.83333333,126,4,5,11,106,0,19,45,62
"1297",38900,"Portland-Vancouver-Hillsboro, OR-WA",2417931,1165042,1140463,2473,65,487,489,14.33333333,457,81,9,9,279,79,127,175,155
"1298",38900,"Portland-Vancouver-Hillsboro, OR-WA",2417931,1165042,1140463,890,11,166,195,16.5,684,67,74,34,411,98,237,250,197
"1299",38900,"Portland-Vancouver-Hillsboro, OR-WA",2417931,1165042,1140463,899,0,150,222,16,432,123,49,2,90,168,176,177,79
"1300",38900,"Portland-Vancouver-Hillsboro, OR-WA",2417931,1165042,1140463,1564,51,91,411,6.5,318,26,26,142,101,23,81,129,108
"1301",38900,"Portland-Vancouver-Hillsboro, OR-WA",2417931,1165042,1140463,1030,9,51,312,2.333333333,102,0,2,96,3,1,22,37,43
"1302",38900,"Portland-Vancouver-Hillsboro, OR-WA",2417931,1165042,1140463,740,13,28,224,4.333333333,244,0,0,215,29,0,20,48,176
"1303",38900,"Portland-Vancouver-Hillsboro, OR-WA",2417931,1165042,1140463,2563,67,364,308,16.16666667,701,51,106,259,258,27,150,262,289
"1304",38900,"Portland-Vancouver-Hillsboro, OR-WA",2417931,1165042,1140463,1142,11,43,347,3,106,0,0,84,17,5,25,31,50
"1305",38900,"Portland-Vancouver-Hillsboro, OR-WA",2417931,1165042,1140463,617,0,29,189,4.333333333,147,10,2,99,18,18,45,69,33
"1306",38900,"Portland-Vancouver-Hillsboro, OR-WA",2417931,1165042,1140463,1986,61,354,290,19,3890,283,1451,456,1130,570,1089,1454,1347
"1307",38900,"Portland-Vancouver-Hillsboro, OR-WA",2417931,1165042,1140463,2365,14,85,680,10.33333333,81,1,3,13,60,4,13,24,44
"1308",38900,"Portland-Vancouver-Hillsboro, OR-WA",2417931,1165042,1140463,964,0,62,262,3.333333333,67,3,0,23,8,33,31,25,11
"1309",38900,"Portland-Vancouver-Hillsboro, OR-WA",2417931,1165042,1140463,4515,29,350,1155,8.166666667,199,25,11,53,95,15,85,73,41
"1310",38900,"Portland-Vancouver-Hillsboro, OR-WA",2417931,1165042,1140463,728,17,54,214,6.833333333,55,9,0,11,35,0,13,19,23
"1311",38900,"Portland-Vancouver-Hillsboro, OR-WA",2417931,1165042,1140463,888,31,58,182,16,194,54,21,15,95,9,44,67,83
"1312",38900,"Portland-Vancouver-Hillsboro, OR-WA",2417931,1165042,1140463,1396,0,116,401,11.83333333,48,5,0,23,20,0,15,19,14
"1313",38900,"Portland-Vancouver-Hillsboro, OR-WA",2417931,1165042,1140463,2481,10,96,719,13,275,0,1,16,245,13,57,87,131
"1314",38900,"Portland-Vancouver-Hillsboro, OR-WA",2417931,1165042,1140463,700,30,75,142,16.16666667,125,13,14,18,39,41,47,56,22
"1315",38900,"Portland-Vancouver-Hillsboro, OR-WA",2417931,1165042,1140463,720,0,69,198,13.83333333,52,0,0,1,51,0,9,18,25
"1316",38900,"Portland-Vancouver-Hillsboro, OR-WA",2417931,1165042,1140463,3160,30,242,875,13.16666667,386,10,23,107,211,35,58,122,206
"1317",38900,"Portland-Vancouver-Hillsboro, OR-WA",2417931,1165042,1140463,1436,25,255,254,15.5,375,40,100,8,221,6,111,146,118
"1318",38900,"Portland-Vancouver-Hillsboro, OR-WA",2417931,1165042,1140463,3035,45,198,808,16,3004,391,1095,751,416,351,495,758,1751
"1319",38900,"Portland-Vancouver-Hillsboro, OR-WA",2417931,1165042,1140463,2785,23,115,727,6.5,296,17,2,28,249,0,40,102,154
"1320",38900,"Portland-Vancouver-Hillsboro, OR-WA",2417931,1165042,1140463,1413,22,87,385,11.66666667,53,3,6,11,33,0,9,20,24
"1321",38900,"Portland-Vancouver-Hillsboro, OR-WA",2417931,1165042,1140463,1594,30,132,417,6.833333333,114,0,11,4,72,27,28,31,55
"1322",38900,"Portland-Vancouver-Hillsboro, OR-WA",2417931,1165042,1140463,3564,8,106,952,6.833333333,914,83,70,472,206,83,255,269,390
"1323",38900,"Portland-Vancouver-Hillsboro, OR-WA",2417931,1165042,1140463,2030,0,61,574,5,197,2,17,111,59,8,72,57,68
"1324",38900,"Portland-Vancouver-Hillsboro, OR-WA",2417931,1165042,1140463,1577,0,163,338,9.666666667,699,43,8,275,370,3,120,301,278
"1325",38900,"Portland-Vancouver-Hillsboro, OR-WA",2417931,1165042,1140463,5059,0,262,1321,8.166666667,987,252,35,172,421,107,265,430,292
"1326",38900,"Portland-Vancouver-Hillsboro, OR-WA",2417931,1165042,1140463,1930,238,438,160,19.83333333,3446,971,389,114,1190,782,1127,1170,1149
"1327",38900,"Portland-Vancouver-Hillsboro, OR-WA",2417931,1165042,1140463,899,0,50,361,4.833333333,220,22,1,131,27,39,68,99,53
"1328",38900,"Portland-Vancouver-Hillsboro, OR-WA",2417931,1165042,1140463,2017,158,404,297,17,438,193,12,75,108,50,97,209,132
"1329",38900,"Portland-Vancouver-Hillsboro, OR-WA",2417931,1165042,1140463,3475,131,255,758,15.33333333,84,4,13,17,40,10,24,25,35
"1330",38900,"Portland-Vancouver-Hillsboro, OR-WA",2417931,1165042,1140463,3891,0,391,862,12,127,0,32,17,78,0,25,38,64
"1331",38900,"Portland-Vancouver-Hillsboro, OR-WA",2417931,1165042,1140463,2017,45,214,330,17.16666667,864,253,15,107,386,103,246,342,276
"1332",38900,"Portland-Vancouver-Hillsboro, OR-WA",2417931,1165042,1140463,3277,190,487,733,11.33333333,5258,232,46,4000,915,65,321,1199,3738
"1333",38900,"Portland-Vancouver-Hillsboro, OR-WA",2417931,1165042,1140463,3705,14,294,1163,12.83333333,463,0,34,46,383,0,103,149,211
"1334",38900,"Portland-Vancouver-Hillsboro, OR-WA",2417931,1165042,1140463,6133,16,458,1491,7.333333333,2481,57,66,1101,1069,188,481,1056,944
"1335",38900,"Portland-Vancouver-Hillsboro, OR-WA",2417931,1165042,1140463,1176,29,191,191,14.83333333,418,85,12,4,287,30,99,183,136
"1336",38900,"Portland-Vancouver-Hillsboro, OR-WA",2417931,1165042,1140463,1329,13,43,423,5.5,305,0,0,172,133,0,63,147,95
"1337",38900,"Portland-Vancouver-Hillsboro, OR-WA",2417931,1165042,1140463,1120,22,163,286,16.33333333,331,199,42,3,16,71,102,167,62
"1338",38900,"Portland-Vancouver-Hillsboro, OR-WA",2417931,1165042,1140463,2924,122,524,420,12,90,0,26,9,55,0,20,40,30
"1339",38900,"Portland-Vancouver-Hillsboro, OR-WA",2417931,1165042,1140463,1384,15,134,433,13.33333333,87,0,12,2,69,4,22,22,43
"1340",38900,"Portland-Vancouver-Hillsboro, OR-WA",2417931,1165042,1140463,618,0,128,176,3.666666667,113,0,4,97,12,0,22,47,44
"1341",38900,"Portland-Vancouver-Hillsboro, OR-WA",2417931,1165042,1140463,1660,15,15,456,10.83333333,722,10,4,586,107,15,55,71,596
"1342",38900,"Portland-Vancouver-Hillsboro, OR-WA",2417931,1165042,1140463,1004,15,68,282,4,356,0,6,292,36,22,96,160,100
"1343",38900,"Portland-Vancouver-Hillsboro, OR-WA",2417931,1165042,1140463,978,15,32,314,3.833333333,191,6,0,149,22,14,47,95,49
"1344",38900,"Portland-Vancouver-Hillsboro, OR-WA",2417931,1165042,1140463,2405,68,145,567,12,66,0,0,23,43,0,15,38,13
"1345",38900,"Portland-Vancouver-Hillsboro, OR-WA",2417931,1165042,1140463,2125,12,272,359,16,589,117,16,35,133,288,258,251,80
"1346",38900,"Portland-Vancouver-Hillsboro, OR-WA",2417931,1165042,1140463,2271,29,139,569,14.16666667,199,44,4,8,101,42,68,101,30
"1347",38900,"Portland-Vancouver-Hillsboro, OR-WA",2417931,1165042,1140463,914,11,36,269,13.5,33,0,0,6,27,0,13,11,9
"1348",38900,"Portland-Vancouver-Hillsboro, OR-WA",2417931,1165042,1140463,1643,8,113,295,14.83333333,327,80,3,31,41,172,133,167,27
"1349",38900,"Portland-Vancouver-Hillsboro, OR-WA",2417931,1165042,1140463,2524,96,119,556,15.16666667,979,476,24,28,186,265,361,429,189
"1350",38900,"Portland-Vancouver-Hillsboro, OR-WA",2417931,1165042,1140463,958,0,123,275,10.83333333,49,3,1,9,36,0,11,21,17
"1351",38900,"Portland-Vancouver-Hillsboro, OR-WA",2417931,1165042,1140463,1403,0,131,444,7.666666667,185,2,10,19,153,1,36,71,78
"1352",38900,"Portland-Vancouver-Hillsboro, OR-WA",2417931,1165042,1140463,1966,45,264,532,16,1725,169,137,81,1202,136,459,646,620
"1353",38900,"Portland-Vancouver-Hillsboro, OR-WA",2417931,1165042,1140463,939,8,160,265,16.16666667,414,55,58,39,210,52,127,182,105
"1354",38900,"Portland-Vancouver-Hillsboro, OR-WA",2417931,1165042,1140463,835,10,132,193,16.33333333,206,9,78,20,74,25,55,85,66
"1355",38900,"Portland-Vancouver-Hillsboro, OR-WA",2417931,1165042,1140463,1506,12,214,366,13.33333333,327,156,26,22,112,11,51,120,156
"1356",38900,"Portland-Vancouver-Hillsboro, OR-WA",2417931,1165042,1140463,817,38,48,191,12.66666667,85,0,2,19,64,0,9,48,28
"1357",38900,"Portland-Vancouver-Hillsboro, OR-WA",2417931,1165042,1140463,2182,63,364,593,16,4216,697,431,437,2268,383,903,1654,1659
"1358",38900,"Portland-Vancouver-Hillsboro, OR-WA",2417931,1165042,1140463,3925,153,661,603,15.83333333,631,2,54,131,256,188,166,232,233
"1359",38900,"Portland-Vancouver-Hillsboro, OR-WA",2417931,1165042,1140463,1425,14,193,299,15.5,3314,17,947,683,1169,498,579,1029,1706
"1360",38900,"Portland-Vancouver-Hillsboro, OR-WA",2417931,1165042,1140463,4147,45,473,800,14,260,9,10,66,175,0,59,110,91
"1361",38900,"Portland-Vancouver-Hillsboro, OR-WA",2417931,1165042,1140463,1161,13,176,299,14.83333333,492,327,1,86,57,21,115,264,113
"1362",38900,"Portland-Vancouver-Hillsboro, OR-WA",2417931,1165042,1140463,506,155,227,30,17.83333333,1292,631,58,12,394,197,311,668,313
"1363",38900,"Portland-Vancouver-Hillsboro, OR-WA",2417931,1165042,1140463,1038,0,156,306,14.66666667,181,1,20,17,87,56,98,39,44
"1364",38900,"Portland-Vancouver-Hillsboro, OR-WA",2417931,1165042,1140463,1038,15,77,304,11.5,72,2,3,59,6,2,15,24,33
"1365",38900,"Portland-Vancouver-Hillsboro, OR-WA",2417931,1165042,1140463,1711,7,246,470,11.16666667,147,0,11,104,29,3,20,19,108
"1366",38900,"Portland-Vancouver-Hillsboro, OR-WA",2417931,1165042,1140463,1422,0,283,261,9.5,64,0,1,11,52,0,16,39,9
"1367",38900,"Portland-Vancouver-Hillsboro, OR-WA",2417931,1165042,1140463,2241,41,336,425,16.5,352,93,36,33,158,32,73,171,108
"1368",38900,"Portland-Vancouver-Hillsboro, OR-WA",2417931,1165042,1140463,3220,246,591,498,14.5,4963,369,396,1474,2644,80,463,1499,3001
"1369",38900,"Portland-Vancouver-Hillsboro, OR-WA",2417931,1165042,1140463,1072,10,86,295,11.5,207,0,2,4,201,0,30,72,105
"1370",38900,"Portland-Vancouver-Hillsboro, OR-WA",2417931,1165042,1140463,1833,98,84,438,12.33333333,60,0,1,27,32,0,19,24,17
"1371",38900,"Portland-Vancouver-Hillsboro, OR-WA",2417931,1165042,1140463,940,0,87,233,11.83333333,22,0,4,9,9,0,12,6,4
"1372",38900,"Portland-Vancouver-Hillsboro, OR-WA",2417931,1165042,1140463,4612,157,1606,820,16,17051,934,1336,11223,1815,1743,1671,2591,12789
"1373",38900,"Portland-Vancouver-Hillsboro, OR-WA",2417931,1165042,1140463,1296,230,57,276,13,157,29,10,7,111,0,52,65,40
"1374",38900,"Portland-Vancouver-Hillsboro, OR-WA",2417931,1165042,1140463,751,17,14,243,11.5,23,0,0,10,13,0,12,8,3
"1375",38900,"Portland-Vancouver-Hillsboro, OR-WA",2417931,1165042,1140463,1467,10,167,296,12.5,260,2,30,4,224,0,34,121,105
"1376",38900,"Portland-Vancouver-Hillsboro, OR-WA",2417931,1165042,1140463,831,19,74,263,14.33333333,232,28,4,8,173,19,62,100,70
"1377",38900,"Portland-Vancouver-Hillsboro, OR-WA",2417931,1165042,1140463,1289,0,187,351,15.66666667,352,107,18,21,68,138,120,187,45
"1378",38900,"Portland-Vancouver-Hillsboro, OR-WA",2417931,1165042,1140463,1787,157,238,439,14,165,0,4,38,116,7,33,73,59
"1379",38900,"Portland-Vancouver-Hillsboro, OR-WA",2417931,1165042,1140463,621,53,140,130,17.16666667,5782,1227,1107,974,2181,293,1026,1954,2802
"1380",38900,"Portland-Vancouver-Hillsboro, OR-WA",2417931,1165042,1140463,1431,0,69,415,7,44,0,2,11,31,0,16,26,2
"1381",38900,"Portland-Vancouver-Hillsboro, OR-WA",2417931,1165042,1140463,942,35,73,215,15.33333333,266,120,5,4,39,98,85,129,52
"1382",38900,"Portland-Vancouver-Hillsboro, OR-WA",2417931,1165042,1140463,1092,18,43,214,13.16666667,24,0,2,11,11,0,5,14,5
"1383",38900,"Portland-Vancouver-Hillsboro, OR-WA",2417931,1165042,1140463,681,0,85,221,12,31,0,0,22,9,0,3,12,16
"1384",38900,"Portland-Vancouver-Hillsboro, OR-WA",2417931,1165042,1140463,3080,0,248,761,13.33333333,32,0,2,3,9,18,16,10,6
"1385",38900,"Portland-Vancouver-Hillsboro, OR-WA",2417931,1165042,1140463,1629,0,255,278,11.33333333,29,0,2,15,12,0,16,11,2
"1386",38900,"Portland-Vancouver-Hillsboro, OR-WA",2417931,1165042,1140463,616,43,199,110,14.5,10606,389,2821,3613,3613,170,1213,3010,6383
"1387",38900,"Portland-Vancouver-Hillsboro, OR-WA",2417931,1165042,1140463,2068,17,350,584,16.66666667,1180,48,467,425,185,55,174,375,631
"1388",38900,"Portland-Vancouver-Hillsboro, OR-WA",2417931,1165042,1140463,1520,0,72,464,12,213,0,3,10,194,6,47,56,110
"1389",38900,"Portland-Vancouver-Hillsboro, OR-WA",2417931,1165042,1140463,1702,40,348,305,11.66666667,297,9,13,17,251,7,94,131,72
"1390",38900,"Portland-Vancouver-Hillsboro, OR-WA",2417931,1165042,1140463,1687,52,402,235,17.83333333,808,221,65,38,281,203,271,321,216
"1391",38900,"Portland-Vancouver-Hillsboro, OR-WA",2417931,1165042,1140463,2173,23,224,517,9.666666667,281,8,3,27,225,18,62,121,98
"1392",38900,"Portland-Vancouver-Hillsboro, OR-WA",2417931,1165042,1140463,1404,79,242,249,17,433,123,42,33,47,188,203,172,58
"1393",38900,"Portland-Vancouver-Hillsboro, OR-WA",2417931,1165042,1140463,1670,83,144,250,11,16,0,0,1,15,0,8,5,3
"1394",38900,"Portland-Vancouver-Hillsboro, OR-WA",2417931,1165042,1140463,1362,5,88,349,14.33333333,340,24,3,72,198,43,67,133,140
"1395",38900,"Portland-Vancouver-Hillsboro, OR-WA",2417931,1165042,1140463,4429,41,285,1051,8.5,181,8,18,37,48,70,58,81,42
"1396",38900,"Portland-Vancouver-Hillsboro, OR-WA",2417931,1165042,1140463,1950,0,114,494,14,266,17,22,97,120,10,43,94,129
"1397",38900,"Portland-Vancouver-Hillsboro, OR-WA",2417931,1165042,1140463,745,83,109,143,15.16666667,588,75,20,306,156,31,86,231,271
"1398",38900,"Portland-Vancouver-Hillsboro, OR-WA",2417931,1165042,1140463,1578,23,156,445,14.33333333,592,130,14,6,272,170,196,256,140
"1399",38900,"Portland-Vancouver-Hillsboro, OR-WA",2417931,1165042,1140463,1131,0,444,195,9.666666667,31,5,7,4,6,9,9,11,11
"1400",38900,"Portland-Vancouver-Hillsboro, OR-WA",2417931,1165042,1140463,1492,10,322,335,13.83333333,76,2,7,11,47,9,26,37,13
"1401",38900,"Portland-Vancouver-Hillsboro, OR-WA",2417931,1165042,1140463,858,0,148,144,13.16666667,119,0,5,11,103,0,22,35,62
"1402",38900,"Portland-Vancouver-Hillsboro, OR-WA",2417931,1165042,1140463,1519,13,126,367,13.33333333,27,0,2,17,7,1,7,7,13
"1403",38900,"Portland-Vancouver-Hillsboro, OR-WA",2417931,1165042,1140463,2357,22,158,436,8.833333333,108,28,3,14,63,0,36,38,34
"1404",38900,"Portland-Vancouver-Hillsboro, OR-WA",2417931,1165042,1140463,2912,16,102,858,8.5,174,1,13,44,111,5,41,54,79
"1405",38900,"Portland-Vancouver-Hillsboro, OR-WA",2417931,1165042,1140463,1484,0,170,365,13.5,85,0,21,20,42,2,20,34,31
"1406",38900,"Portland-Vancouver-Hillsboro, OR-WA",2417931,1165042,1140463,1401,20,155,377,12.66666667,124,0,9,28,87,0,11,44,69
"1407",38900,"Portland-Vancouver-Hillsboro, OR-WA",2417931,1165042,1140463,1153,0,207,270,12.83333333,209,0,5,8,195,1,29,67,113
"1408",38900,"Portland-Vancouver-Hillsboro, OR-WA",2417931,1165042,1140463,678,0,77,189,12.66666667,17,0,0,2,14,1,3,13,1
"1409",38900,"Portland-Vancouver-Hillsboro, OR-WA",2417931,1165042,1140463,2541,0,193,805,13,178,6,19,38,115,0,23,58,97
"1410",38900,"Portland-Vancouver-Hillsboro, OR-WA",2417931,1165042,1140463,3102,14,98,877,13,188,0,11,64,113,0,69,71,48
"1411",38900,"Portland-Vancouver-Hillsboro, OR-WA",2417931,1165042,1140463,1909,98,421,352,12.5,95,10,10,7,68,0,29,56,10
"1412",38900,"Portland-Vancouver-Hillsboro, OR-WA",2417931,1165042,1140463,2818,116,282,735,14.5,246,70,54,20,87,15,63,109,74
"1413",38900,"Portland-Vancouver-Hillsboro, OR-WA",2417931,1165042,1140463,2814,126,663,564,18.16666667,7252,281,1574,3212,1948,237,1024,1818,4410
"1414",38900,"Portland-Vancouver-Hillsboro, OR-WA",2417931,1165042,1140463,1721,27,214,572,17.33333333,405,44,64,55,190,52,84,132,189
"1415",38900,"Portland-Vancouver-Hillsboro, OR-WA",2417931,1165042,1140463,1144,13,202,276,16.16666667,834,0,51,6,769,8,193,384,257
"1416",38900,"Portland-Vancouver-Hillsboro, OR-WA",2417931,1165042,1140463,2602,1063,737,97,20,9912,834,1709,1657,4158,1554,1591,2509,5812
"1417",38900,"Portland-Vancouver-Hillsboro, OR-WA",2417931,1165042,1140463,1174,32,99,289,13.66666667,173,0,1,27,145,0,69,66,38
"1418",38900,"Portland-Vancouver-Hillsboro, OR-WA",2417931,1165042,1140463,2897,0,132,754,11.5,332,0,5,30,297,0,74,124,134
"1419",38900,"Portland-Vancouver-Hillsboro, OR-WA",2417931,1165042,1140463,1251,10,135,288,14.5,155,22,4,9,116,4,33,92,30
"1420",38900,"Portland-Vancouver-Hillsboro, OR-WA",2417931,1165042,1140463,2086,18,285,356,7.5,241,2,4,54,181,0,58,70,113
"1421",38900,"Portland-Vancouver-Hillsboro, OR-WA",2417931,1165042,1140463,5064,54,531,1215,14.5,149,29,17,31,72,0,51,54,44
"1422",38900,"Portland-Vancouver-Hillsboro, OR-WA",2417931,1165042,1140463,2212,0,129,573,12,129,13,2,28,86,0,35,45,49
"1423",38900,"Portland-Vancouver-Hillsboro, OR-WA",2417931,1165042,1140463,4655,682,1608,592,18.83333333,6421,116,1530,675,3707,393,956,1731,3734
"1424",38900,"Portland-Vancouver-Hillsboro, OR-WA",2417931,1165042,1140463,886,16,237,184,19.16666667,748,189,17,137,280,125,146,316,286
"1425",38900,"Portland-Vancouver-Hillsboro, OR-WA",2417931,1165042,1140463,1044,47,306,213,19.66666667,1301,42,177,410,566,106,207,447,647
"1426",38900,"Portland-Vancouver-Hillsboro, OR-WA",2417931,1165042,1140463,1781,71,527,347,15.66666667,397,4,71,32,261,29,62,117,218
"1427",38900,"Portland-Vancouver-Hillsboro, OR-WA",2417931,1165042,1140463,1098,0,132,333,15,200,57,20,8,69,46,57,95,48
"1428",38900,"Portland-Vancouver-Hillsboro, OR-WA",2417931,1165042,1140463,880,165,67,22,19,833,91,89,7,456,190,216,276,341
"1429",38900,"Portland-Vancouver-Hillsboro, OR-WA",2417931,1165042,1140463,1127,0,63,300,11,131,7,39,56,23,6,41,60,30
"1430",38900,"Portland-Vancouver-Hillsboro, OR-WA",2417931,1165042,1140463,1987,166,350,286,16.83333333,292,25,10,16,206,35,62,101,129
"1431",38900,"Portland-Vancouver-Hillsboro, OR-WA",2417931,1165042,1140463,1011,19,116,311,4.333333333,10396,327,472,8583,818,196,777,2869,6750
"1432",38900,"Portland-Vancouver-Hillsboro, OR-WA",2417931,1165042,1140463,1530,29,222,402,13.83333333,212,11,9,13,179,0,71,79,62
"1433",38900,"Portland-Vancouver-Hillsboro, OR-WA",2417931,1165042,1140463,1023,0,70,332,12.33333333,38,2,1,16,18,1,7,8,23
"1434",38900,"Portland-Vancouver-Hillsboro, OR-WA",2417931,1165042,1140463,943,132,210,161,18.83333333,339,33,55,32,96,123,115,172,52
"1435",38900,"Portland-Vancouver-Hillsboro, OR-WA",2417931,1165042,1140463,1190,20,148,273,16.83333333,335,23,2,27,241,42,61,135,139
"1436",38900,"Portland-Vancouver-Hillsboro, OR-WA",2417931,1165042,1140463,1091,0,110,261,15.83333333,50,8,0,18,24,0,15,20,15
"1437",38900,"Portland-Vancouver-Hillsboro, OR-WA",2417931,1165042,1140463,1439,116,483,200,19.33333333,656,97,36,45,293,185,173,281,202
"1438",38900,"Portland-Vancouver-Hillsboro, OR-WA",2417931,1165042,1140463,1468,142,227,279,17.33333333,746,32,9,33,444,228,157,318,271
"1439",38900,"Portland-Vancouver-Hillsboro, OR-WA",2417931,1165042,1140463,879,28,174,176,15,114,0,1,29,84,0,21,37,56
"1440",38900,"Portland-Vancouver-Hillsboro, OR-WA",2417931,1165042,1140463,764,14,279,89,18.66666667,323,9,5,29,150,130,125,142,56
"1441",38900,"Portland-Vancouver-Hillsboro, OR-WA",2417931,1165042,1140463,1098,55,196,236,14,759,7,10,3,717,22,101,415,243
"1442",38900,"Portland-Vancouver-Hillsboro, OR-WA",2417931,1165042,1140463,1023,0,35,349,5,77,0,5,38,23,11,13,38,26
"1443",38900,"Portland-Vancouver-Hillsboro, OR-WA",2417931,1165042,1140463,2230,74,295,375,15.83333333,569,292,19,7,138,113,165,293,111
"1444",38900,"Portland-Vancouver-Hillsboro, OR-WA",2417931,1165042,1140463,1038,0,152,275,15.16666667,128,0,5,9,114,0,43,45,40
"1445",38900,"Portland-Vancouver-Hillsboro, OR-WA",2417931,1165042,1140463,1673,6,68,371,9.333333333,306,0,2,3,300,1,37,76,193
"1446",38900,"Portland-Vancouver-Hillsboro, OR-WA",2417931,1165042,1140463,1769,9,153,484,15.5,132,20,2,19,68,23,33,46,53
"1447",38900,"Portland-Vancouver-Hillsboro, OR-WA",2417931,1165042,1140463,2185,106,470,391,13,210,6,10,9,178,7,56,78,76
"1448",38900,"Portland-Vancouver-Hillsboro, OR-WA",2417931,1165042,1140463,1026,27,231,137,18.83333333,619,8,137,61,246,167,184,235,200
"1449",38900,"Portland-Vancouver-Hillsboro, OR-WA",2417931,1165042,1140463,1881,103,214,541,13.33333333,2640,0,78,56,2483,23,767,676,1197
"1450",38900,"Portland-Vancouver-Hillsboro, OR-WA",2417931,1165042,1140463,1312,0,197,279,13.33333333,69,0,8,15,46,0,17,18,34
"1451",38900,"Portland-Vancouver-Hillsboro, OR-WA",2417931,1165042,1140463,1220,70,308,110,19.16666667,1129,109,68,172,496,284,390,428,311
"1452",38900,"Portland-Vancouver-Hillsboro, OR-WA",2417931,1165042,1140463,2779,136,400,384,14.5,184,5,15,38,123,3,55,51,78
"1453",38900,"Portland-Vancouver-Hillsboro, OR-WA",2417931,1165042,1140463,919,189,217,111,19,916,184,291,137,96,208,233,265,418
"1454",38900,"Portland-Vancouver-Hillsboro, OR-WA",2417931,1165042,1140463,1019,192,360,129,18.33333333,368,45,25,42,104,152,107,192,69
"1455",38900,"Portland-Vancouver-Hillsboro, OR-WA",2417931,1165042,1140463,1117,127,278,249,7.833333333,19803,13,20,23,19683,64,1431,3178,15194
"1456",38900,"Portland-Vancouver-Hillsboro, OR-WA",2417931,1165042,1140463,819,40,222,108,14.16666667,532,16,12,0,504,0,228,243,61
"1457",38900,"Portland-Vancouver-Hillsboro, OR-WA",2417931,1165042,1140463,748,0,95,252,4,54,0,0,22,18,14,14,24,16
"1458",38900,"Portland-Vancouver-Hillsboro, OR-WA",2417931,1165042,1140463,884,31,197,166,14,49,31,2,5,11,0,12,25,12
"1459",38900,"Portland-Vancouver-Hillsboro, OR-WA",2417931,1165042,1140463,995,0,79,315,14.66666667,51,14,13,5,17,2,11,14,26
"1460",38900,"Portland-Vancouver-Hillsboro, OR-WA",2417931,1165042,1140463,1185,225,427,125,16,3016,142,107,42,2380,345,380,833,1803
"1461",38900,"Portland-Vancouver-Hillsboro, OR-WA",2417931,1165042,1140463,1590,37,213,457,15,294,0,23,3,118,150,67,88,139
"1462",38900,"Portland-Vancouver-Hillsboro, OR-WA",2417931,1165042,1140463,937,0,183,207,17.5,369,30,1,24,276,38,131,181,57
"1463",38900,"Portland-Vancouver-Hillsboro, OR-WA",2417931,1165042,1140463,1339,0,135,336,15.5,62,0,2,33,26,1,18,17,27
"1464",38900,"Portland-Vancouver-Hillsboro, OR-WA",2417931,1165042,1140463,1274,20,178,339,16.16666667,437,30,33,9,73,292,109,215,113
"1465",38900,"Portland-Vancouver-Hillsboro, OR-WA",2417931,1165042,1140463,1052,14,114,290,17.16666667,368,206,14,7,48,93,142,166,60
"1466",38900,"Portland-Vancouver-Hillsboro, OR-WA",2417931,1165042,1140463,1283,13,87,409,14.16666667,118,0,7,32,78,1,38,47,33
"1467",38900,"Portland-Vancouver-Hillsboro, OR-WA",2417931,1165042,1140463,1214,41,315,182,17.16666667,240,44,16,12,152,16,47,115,78
"1468",38900,"Portland-Vancouver-Hillsboro, OR-WA",2417931,1165042,1140463,1313,0,94,420,11.83333333,198,0,25,49,123,1,44,63,91
"1469",38900,"Portland-Vancouver-Hillsboro, OR-WA",2417931,1165042,1140463,1001,3,174,236,15.33333333,280,10,0,44,43,183,102,141,37
"1470",38900,"Portland-Vancouver-Hillsboro, OR-WA",2417931,1165042,1140463,2560,0,165,759,12,218,65,24,39,90,0,63,77,78
"1471",38900,"Portland-Vancouver-Hillsboro, OR-WA",2417931,1165042,1140463,2098,16,163,623,14.5,234,31,14,118,71,0,41,78,115
"1472",38900,"Portland-Vancouver-Hillsboro, OR-WA",2417931,1165042,1140463,2199,66,351,484,16.16666667,322,29,10,20,243,20,81,125,116
"1473",38900,"Portland-Vancouver-Hillsboro, OR-WA",2417931,1165042,1140463,1088,0,91,366,12.83333333,27,0,1,4,20,2,4,7,16
"1474",38900,"Portland-Vancouver-Hillsboro, OR-WA",2417931,1165042,1140463,3329,148,723,478,16.5,725,89,38,11,415,172,225,289,211
"1475",38900,"Portland-Vancouver-Hillsboro, OR-WA",2417931,1165042,1140463,966,32,148,214,18.16666667,457,2,80,41,213,121,116,135,206
"1476",38900,"Portland-Vancouver-Hillsboro, OR-WA",2417931,1165042,1140463,1710,354,382,313,18.83333333,1169,536,81,30,300,222,397,455,317
"1477",38900,"Portland-Vancouver-Hillsboro, OR-WA",2417931,1165042,1140463,3295,423,217,63,19,534,27,113,57,74,263,205,178,151
"1478",38900,"Portland-Vancouver-Hillsboro, OR-WA",2417931,1165042,1140463,812,57,183,197,14.16666667,259,0,116,6,50,87,56,112,91
"1479",38900,"Portland-Vancouver-Hillsboro, OR-WA",2417931,1165042,1140463,1015,108,112,181,18.5,507,23,20,10,230,224,165,220,122
"1480",38900,"Portland-Vancouver-Hillsboro, OR-WA",2417931,1165042,1140463,1525,93,249,234,18.66666667,566,186,4,62,246,68,109,213,244
"1481",38900,"Portland-Vancouver-Hillsboro, OR-WA",2417931,1165042,1140463,969,28,95,255,16,109,0,29,3,50,27,26,41,42
"1482",38900,"Portland-Vancouver-Hillsboro, OR-WA",2417931,1165042,1140463,1565,72,175,288,17.16666667,531,310,15,22,76,108,185,253,93
"1483",38900,"Portland-Vancouver-Hillsboro, OR-WA",2417931,1165042,1140463,1123,30,318,146,13.33333333,214,14,26,117,54,3,28,131,55
"1484",38900,"Portland-Vancouver-Hillsboro, OR-WA",2417931,1165042,1140463,1110,0,167,281,19.5,375,51,19,58,128,119,118,170,87
"1485",38900,"Portland-Vancouver-Hillsboro, OR-WA",2417931,1165042,1140463,1257,42,267,265,14.33333333,70,15,3,25,27,0,18,37,15
"1486",38900,"Portland-Vancouver-Hillsboro, OR-WA",2417931,1165042,1140463,1037,0,53,344,5.333333333,278,2,12,80,169,15,79,99,100
"1487",38900,"Portland-Vancouver-Hillsboro, OR-WA",2417931,1165042,1140463,1012,13,145,229,16.33333333,1192,121,248,43,395,385,304,365,523
"1488",38900,"Portland-Vancouver-Hillsboro, OR-WA",2417931,1165042,1140463,783,0,235,117,19.16666667,402,70,26,74,114,118,114,141,147
"1489",38900,"Portland-Vancouver-Hillsboro, OR-WA",2417931,1165042,1140463,1254,70,180,279,18,299,7,30,56,166,40,70,96,133
"1490",38900,"Portland-Vancouver-Hillsboro, OR-WA",2417931,1165042,1140463,581,20,182,124,17,388,225,6,8,141,8,64,183,141
"1491",38900,"Portland-Vancouver-Hillsboro, OR-WA",2417931,1165042,1140463,1826,43,176,376,13.66666667,386,0,9,81,257,39,113,182,91
"1492",38900,"Portland-Vancouver-Hillsboro, OR-WA",2417931,1165042,1140463,2527,82,466,460,15.66666667,497,0,11,63,399,24,153,186,158
"1493",38900,"Portland-Vancouver-Hillsboro, OR-WA",2417931,1165042,1140463,2488,265,288,555,15.66666667,390,105,103,9,167,6,63,168,159
"1494",38900,"Portland-Vancouver-Hillsboro, OR-WA",2417931,1165042,1140463,1501,0,127,436,14,91,0,2,19,70,0,17,22,52
"1495",38900,"Portland-Vancouver-Hillsboro, OR-WA",2417931,1165042,1140463,2075,49,306,536,14.66666667,100,7,5,31,45,12,20,35,45
"1496",38900,"Portland-Vancouver-Hillsboro, OR-WA",2417931,1165042,1140463,1256,21,80,87,8.833333333,34098,3533,2984,18009,6211,3361,4909,12756,16433
"1497",38900,"Portland-Vancouver-Hillsboro, OR-WA",2417931,1165042,1140463,1457,83,168,225,14.83333333,288,6,6,175,87,14,39,101,148
"1498",38900,"Portland-Vancouver-Hillsboro, OR-WA",2417931,1165042,1140463,2505,87,227,461,14.83333333,224,13,6,69,104,32,48,67,109
"1499",38900,"Portland-Vancouver-Hillsboro, OR-WA",2417931,1165042,1140463,722,23,172,186,15.16666667,86,2,12,10,43,19,24,18,44
"1500",38900,"Portland-Vancouver-Hillsboro, OR-WA",2417931,1165042,1140463,1102,48,188,266,16.16666667,696,8,56,490,142,0,65,202,429
"1501",38900,"Portland-Vancouver-Hillsboro, OR-WA",2417931,1165042,1140463,2178,197,425,495,16.66666667,373,7,89,33,75,169,136,126,111
"1502",38900,"Portland-Vancouver-Hillsboro, OR-WA",2417931,1165042,1140463,1147,141,211,187,15.33333333,142,104,0,1,35,2,23,70,49
"1503",38900,"Portland-Vancouver-Hillsboro, OR-WA",2417931,1165042,1140463,1767,16,79,195,16.16666667,2662,93,14,742,1782,31,985,637,1040
"1504",38900,"Portland-Vancouver-Hillsboro, OR-WA",2417931,1165042,1140463,1637,29,51,423,14.5,404,13,30,246,30,85,73,174,157
"1505",38900,"Portland-Vancouver-Hillsboro, OR-WA",2417931,1165042,1140463,1016,0,84,311,16.66666667,161,0,15,29,115,2,34,61,66
"1506",38900,"Portland-Vancouver-Hillsboro, OR-WA",2417931,1165042,1140463,1169,21,172,219,16.66666667,520,90,6,49,229,146,139,232,149
"1507",38900,"Portland-Vancouver-Hillsboro, OR-WA",2417931,1165042,1140463,1192,126,185,294,15.5,588,106,85,257,102,38,92,157,339
"1508",38900,"Portland-Vancouver-Hillsboro, OR-WA",2417931,1165042,1140463,2980,68,281,814,14.16666667,536,0,3,21,502,10,96,183,257
"1509",38900,"Portland-Vancouver-Hillsboro, OR-WA",2417931,1165042,1140463,1405,27,136,228,17,450,7,23,235,120,65,97,167,186
"1510",38900,"Portland-Vancouver-Hillsboro, OR-WA",2417931,1165042,1140463,1244,20,104,322,11.33333333,166,11,2,1,152,0,77,56,33
"1511",38900,"Portland-Vancouver-Hillsboro, OR-WA",2417931,1165042,1140463,1518,84,294,276,18.5,675,221,113,94,181,66,217,329,129
"1512",38900,"Portland-Vancouver-Hillsboro, OR-WA",2417931,1165042,1140463,1470,35,313,243,15.83333333,615,185,21,70,289,50,192,267,156
"1513",38900,"Portland-Vancouver-Hillsboro, OR-WA",2417931,1165042,1140463,1529,7,97,482,10.33333333,39,0,0,3,36,0,14,21,4
"1514",38900,"Portland-Vancouver-Hillsboro, OR-WA",2417931,1165042,1140463,1643,137,387,242,14.83333333,826,89,25,22,654,36,140,306,380
"1515",38900,"Portland-Vancouver-Hillsboro, OR-WA",2417931,1165042,1140463,1708,66,108,371,14.33333333,136,0,6,25,105,0,26,68,42
"1516",38900,"Portland-Vancouver-Hillsboro, OR-WA",2417931,1165042,1140463,831,19,152,173,18,97,7,0,9,55,26,26,38,33
"1517",38900,"Portland-Vancouver-Hillsboro, OR-WA",2417931,1165042,1140463,2753,263,382,310,17,832,178,10,20,434,190,262,385,185
"1518",38900,"Portland-Vancouver-Hillsboro, OR-WA",2417931,1165042,1140463,2182,96,481,275,14,1568,2,90,101,1375,0,309,698,561
"1519",38900,"Portland-Vancouver-Hillsboro, OR-WA",2417931,1165042,1140463,1014,0,107,289,15.33333333,150,0,5,7,33,105,54,67,29
"1520",38900,"Portland-Vancouver-Hillsboro, OR-WA",2417931,1165042,1140463,1539,22,204,360,13.5,43,5,0,33,5,0,1,20,22
"1521",38900,"Portland-Vancouver-Hillsboro, OR-WA",2417931,1165042,1140463,581,36,80,119,16.33333333,66,0,9,0,57,0,9,26,31
"1522",38900,"Portland-Vancouver-Hillsboro, OR-WA",2417931,1165042,1140463,1051,26,161,206,19.16666667,864,397,58,63,104,242,231,457,176
"1523",38900,"Portland-Vancouver-Hillsboro, OR-WA",2417931,1165042,1140463,1265,52,210,276,14.83333333,95,7,15,17,56,0,12,31,52
"1524",38900,"Portland-Vancouver-Hillsboro, OR-WA",2417931,1165042,1140463,1424,53,171,319,17.33333333,200,65,17,29,57,32,59,83,58
"1525",38900,"Portland-Vancouver-Hillsboro, OR-WA",2417931,1165042,1140463,1114,32,154,294,14,13,0,8,2,2,1,2,6,5
"1526",38900,"Portland-Vancouver-Hillsboro, OR-WA",2417931,1165042,1140463,987,15,80,247,16.33333333,67,13,0,16,32,6,17,43,7
"1527",38900,"Portland-Vancouver-Hillsboro, OR-WA",2417931,1165042,1140463,1112,65,158,190,16.83333333,142,33,0,23,75,11,39,59,44
"1528",38900,"Portland-Vancouver-Hillsboro, OR-WA",2417931,1165042,1140463,1156,55,203,213,17.83333333,243,20,1,60,61,101,40,82,121
"1529",38900,"Portland-Vancouver-Hillsboro, OR-WA",2417931,1165042,1140463,1972,124,258,338,15.33333333,214,39,12,34,114,15,70,78,66
"1530",38900,"Portland-Vancouver-Hillsboro, OR-WA",2417931,1165042,1140463,809,28,104,223,17.16666667,163,0,25,51,77,10,62,58,43
"1531",38900,"Portland-Vancouver-Hillsboro, OR-WA",2417931,1165042,1140463,957,201,215,106,17.66666667,4604,719,218,338,2733,596,942,1896,1766
"1532",38900,"Portland-Vancouver-Hillsboro, OR-WA",2417931,1165042,1140463,2706,87,211,585,16.33333333,289,39,3,115,108,24,52,129,108
"1533",38900,"Portland-Vancouver-Hillsboro, OR-WA",2417931,1165042,1140463,1111,82,103,217,17.33333333,1280,613,21,53,456,137,406,544,330
"1534",38900,"Portland-Vancouver-Hillsboro, OR-WA",2417931,1165042,1140463,2125,90,526,291,16.16666667,1254,169,68,118,810,89,304,527,423
"1535",38900,"Portland-Vancouver-Hillsboro, OR-WA",2417931,1165042,1140463,1209,25,76,315,14.33333333,335,24,6,42,245,18,66,130,139
"1536",38900,"Portland-Vancouver-Hillsboro, OR-WA",2417931,1165042,1140463,2604,72,159,500,15.66666667,439,29,49,14,265,82,123,202,114
"1537",38900,"Portland-Vancouver-Hillsboro, OR-WA",2417931,1165042,1140463,2142,34,262,361,15.16666667,516,184,36,33,182,81,154,206,156
"1538",38900,"Portland-Vancouver-Hillsboro, OR-WA",2417931,1165042,1140463,2989,218,794,413,17.5,2112,76,325,29,1149,533,646,813,653
"1539",38900,"Portland-Vancouver-Hillsboro, OR-WA",2417931,1165042,1140463,1478,272,241,199,17.5,1589,479,151,58,401,500,728,623,238
"1540",38900,"Portland-Vancouver-Hillsboro, OR-WA",2417931,1165042,1140463,2896,178,351,416,15.66666667,1245,272,23,87,699,164,371,497,377
"1541",38900,"Portland-Vancouver-Hillsboro, OR-WA",2417931,1165042,1140463,2373,175,270,395,17,1402,8,179,782,418,15,150,362,890
"1542",38900,"Portland-Vancouver-Hillsboro, OR-WA",2417931,1165042,1140463,1545,158,190,212,15.83333333,355,127,31,8,82,107,157,138,60
"1543",38900,"Portland-Vancouver-Hillsboro, OR-WA",2417931,1165042,1140463,1623,62,166,380,15.83333333,171,81,3,9,57,21,50,90,31
"1544",38900,"Portland-Vancouver-Hillsboro, OR-WA",2417931,1165042,1140463,2726,75,488,463,13.83333333,288,208,6,14,31,29,79,163,46
"1545",38900,"Portland-Vancouver-Hillsboro, OR-WA",2417931,1165042,1140463,1224,167,219,189,15.83333333,590,0,170,34,368,18,175,167,248
"1546",38900,"Portland-Vancouver-Hillsboro, OR-WA",2417931,1165042,1140463,1057,0,202,247,15.5,74,0,3,5,61,5,33,24,17
"1547",38900,"Portland-Vancouver-Hillsboro, OR-WA",2417931,1165042,1140463,1127,51,102,176,17.5,240,36,8,12,178,6,76,103,61
"1548",38900,"Portland-Vancouver-Hillsboro, OR-WA",2417931,1165042,1140463,1032,11,335,145,17.66666667,148,18,25,23,53,29,51,48,49
"1549",38900,"Portland-Vancouver-Hillsboro, OR-WA",2417931,1165042,1140463,1880,104,255,330,15.16666667,402,3,2,1,333,63,115,152,135
"1550",38900,"Portland-Vancouver-Hillsboro, OR-WA",2417931,1165042,1140463,1033,23,135,211,17.16666667,220,11,6,48,77,78,63,82,75
"1551",38900,"Portland-Vancouver-Hillsboro, OR-WA",2417931,1165042,1140463,924,13,131,177,16,91,2,31,5,27,26,18,35,38
"1552",38900,"Portland-Vancouver-Hillsboro, OR-WA",2417931,1165042,1140463,1208,116,194,192,17.5,250,39,133,13,52,13,84,47,119
"1553",38900,"Portland-Vancouver-Hillsboro, OR-WA",2417931,1165042,1140463,954,0,108,252,16.83333333,107,29,28,12,30,8,22,35,50
"1554",38900,"Portland-Vancouver-Hillsboro, OR-WA",2417931,1165042,1140463,2185,178,424,325,16.33333333,673,38,24,28,452,131,226,332,115
"1555",38900,"Portland-Vancouver-Hillsboro, OR-WA",2417931,1165042,1140463,1166,0,54,320,16.5,56,9,1,13,27,6,15,31,10
"1556",38900,"Portland-Vancouver-Hillsboro, OR-WA",2417931,1165042,1140463,517,14,49,125,17.66666667,507,6,40,52,397,12,119,237,151
"1557",38900,"Portland-Vancouver-Hillsboro, OR-WA",2417931,1165042,1140463,1391,18,167,349,14.5,89,1,4,9,34,41,26,41,22
"1558",38900,"Portland-Vancouver-Hillsboro, OR-WA",2417931,1165042,1140463,886,20,67,286,5.333333333,240,35,2,56,47,100,66,93,81
"1559",38900,"Portland-Vancouver-Hillsboro, OR-WA",2417931,1165042,1140463,990,42,113,184,16.5,194,72,7,1,74,40,37,114,43
"1560",38900,"Portland-Vancouver-Hillsboro, OR-WA",2417931,1165042,1140463,1294,184,286,167,17.66666667,724,6,67,28,338,285,176,344,204
"1561",38900,"Portland-Vancouver-Hillsboro, OR-WA",2417931,1165042,1140463,1836,17,149,488,5.666666667,881,1,15,409,392,64,312,368,201
"1562",38900,"Portland-Vancouver-Hillsboro, OR-WA",2417931,1165042,1140463,699,14,63,221,5,359,16,17,250,62,14,79,181,99
"1563",38900,"Portland-Vancouver-Hillsboro, OR-WA",2417931,1165042,1140463,1321,8,171,359,14,72,0,2,19,51,0,20,16,36
"1564",38900,"Portland-Vancouver-Hillsboro, OR-WA",2417931,1165042,1140463,695,8,60,207,16.5,126,0,4,32,90,0,32,34,60
"1565",38900,"Portland-Vancouver-Hillsboro, OR-WA",2417931,1165042,1140463,1259,109,517,132,19.83333333,786,101,245,70,221,149,224,326,236
"1566",38900,"Portland-Vancouver-Hillsboro, OR-WA",2417931,1165042,1140463,1332,62,441,221,17.66666667,265,43,8,42,135,37,104,69,92
"1567",38900,"Portland-Vancouver-Hillsboro, OR-WA",2417931,1165042,1140463,1115,8,208,139,17.33333333,215,19,21,24,124,27,50,100,65
"1568",38900,"Portland-Vancouver-Hillsboro, OR-WA",2417931,1165042,1140463,1681,98,249,356,16.33333333,148,30,20,4,90,4,41,62,45
"1569",38900,"Portland-Vancouver-Hillsboro, OR-WA",2417931,1165042,1140463,3055,120,434,442,14.5,180,7,1,22,130,20,34,96,50
"1570",38900,"Portland-Vancouver-Hillsboro, OR-WA",2417931,1165042,1140463,1311,51,337,236,16.66666667,179,3,37,27,112,0,41,63,75
"1571",38900,"Portland-Vancouver-Hillsboro, OR-WA",2417931,1165042,1140463,2483,22,92,714,5.666666667,381,30,6,170,117,58,80,165,136
"1572",38900,"Portland-Vancouver-Hillsboro, OR-WA",2417931,1165042,1140463,1285,0,53,343,14,62,0,0,8,47,7,15,23,24
"1573",38900,"Portland-Vancouver-Hillsboro, OR-WA",2417931,1165042,1140463,1205,0,37,423,7.833333333,82,0,0,30,52,0,31,39,12
"1574",38900,"Portland-Vancouver-Hillsboro, OR-WA",2417931,1165042,1140463,754,0,42,248,13.33333333,20,0,3,8,9,0,7,12,1
"1575",38900,"Portland-Vancouver-Hillsboro, OR-WA",2417931,1165042,1140463,2110,50,163,599,14.33333333,869,69,61,456,169,114,164,371,334
"1576",38900,"Portland-Vancouver-Hillsboro, OR-WA",2417931,1165042,1140463,4586,47,532,972,12.5,962,0,25,7,876,54,284,244,434
"1577",38900,"Portland-Vancouver-Hillsboro, OR-WA",2417931,1165042,1140463,1130,25,44,353,13.5,239,26,30,34,121,28,68,87,84
"1578",38900,"Portland-Vancouver-Hillsboro, OR-WA",2417931,1165042,1140463,745,15,53,328,5.333333333,56,11,11,22,12,0,10,20,26
"1579",38900,"Portland-Vancouver-Hillsboro, OR-WA",2417931,1165042,1140463,1837,28,191,489,13,212,13,2,29,168,0,52,88,72
"1580",38900,"Portland-Vancouver-Hillsboro, OR-WA",2417931,1165042,1140463,1470,0,46,367,13.5,65,0,0,15,50,0,24,28,13
"1581",38900,"Portland-Vancouver-Hillsboro, OR-WA",2417931,1165042,1140463,4479,12,274,1241,8.333333333,776,244,24,80,160,268,249,364,163
"1582",38900,"Portland-Vancouver-Hillsboro, OR-WA",2417931,1165042,1140463,1489,10,44,419,4.833333333,147,8,2,78,51,8,44,51,52
"1583",38900,"Portland-Vancouver-Hillsboro, OR-WA",2417931,1165042,1140463,1731,0,146,468,5.333333333,174,0,1,70,103,0,28,74,72
"1584",38900,"Portland-Vancouver-Hillsboro, OR-WA",2417931,1165042,1140463,5079,0,477,1341,6.5,190,7,11,87,82,3,48,78,64
"1585",38900,"Portland-Vancouver-Hillsboro, OR-WA",2417931,1165042,1140463,2080,10,168,617,5.666666667,1104,33,111,754,179,27,174,511,419
"1586",38900,"Portland-Vancouver-Hillsboro, OR-WA",2417931,1165042,1140463,825,0,66,213,3.166666667,76,0,7,58,4,7,10,39,27
"1587",38900,"Portland-Vancouver-Hillsboro, OR-WA",2417931,1165042,1140463,335,26,46,109,4,940,38,41,29,59,773,494,335,111
"1588",38900,"Portland-Vancouver-Hillsboro, OR-WA",2417931,1165042,1140463,1100,9,40,291,7.166666667,103,9,4,26,28,36,24,20,59
"1589",38900,"Portland-Vancouver-Hillsboro, OR-WA",2417931,1165042,1140463,2175,93,255,533,12.83333333,1408,247,78,740,234,109,424,583,401
"1590",38900,"Portland-Vancouver-Hillsboro, OR-WA",2417931,1165042,1140463,1671,10,124,479,10,137,5,15,13,30,74,63,51,23
"1591",38900,"Portland-Vancouver-Hillsboro, OR-WA",2417931,1165042,1140463,1055,0,161,330,13.66666667,126,3,6,8,44,65,72,48,6
"1592",38900,"Portland-Vancouver-Hillsboro, OR-WA",2417931,1165042,1140463,2074,0,85,623,7.333333333,544,184,9,223,93,35,126,263,155
"1593",38900,"Portland-Vancouver-Hillsboro, OR-WA",2417931,1165042,1140463,1940,20,169,614,3.5,215,1,0,100,114,0,31,98,86
"1594",38900,"Portland-Vancouver-Hillsboro, OR-WA",2417931,1165042,1140463,1763,0,478,262,16.33333333,7360,473,1132,2862,2295,598,1159,2091,4110
"1595",38900,"Portland-Vancouver-Hillsboro, OR-WA",2417931,1165042,1140463,1697,0,0,466,14.66666667,109,6,3,9,91,0,12,35,62
"1596",38900,"Portland-Vancouver-Hillsboro, OR-WA",2417931,1165042,1140463,5085,15,220,1328,12.66666667,395,1,18,18,355,3,104,95,196
"1597",38900,"Portland-Vancouver-Hillsboro, OR-WA",2417931,1165042,1140463,3200,0,243,771,14.33333333,151,6,12,33,73,27,39,57,55
"1598",38900,"Portland-Vancouver-Hillsboro, OR-WA",2417931,1165042,1140463,2323,65,550,374,8.833333333,694,0,599,5,40,50,57,140,497
"1599",38900,"Portland-Vancouver-Hillsboro, OR-WA",2417931,1165042,1140463,1868,0,61,522,6.5,44,2,2,20,20,0,6,18,20
"1600",38900,"Portland-Vancouver-Hillsboro, OR-WA",2417931,1165042,1140463,3062,48,630,866,14.33333333,112,2,31,30,32,17,32,46,34
"1601",38900,"Portland-Vancouver-Hillsboro, OR-WA",2417931,1165042,1140463,2301,247,366,601,15.5,531,0,7,37,351,136,176,179,176
"1602",38900,"Portland-Vancouver-Hillsboro, OR-WA",2417931,1165042,1140463,768,17,118,112,15.5,979,264,17,114,584,0,171,374,434
"1603",38900,"Portland-Vancouver-Hillsboro, OR-WA",2417931,1165042,1140463,1680,22,311,323,14.33333333,2768,59,1735,46,788,140,224,544,2000
"1604",38900,"Portland-Vancouver-Hillsboro, OR-WA",2417931,1165042,1140463,1954,27,253,309,17.83333333,909,149,193,55,283,229,273,365,271
"1605",38900,"Portland-Vancouver-Hillsboro, OR-WA",2417931,1165042,1140463,1209,21,225,305,12.66666667,432,52,60,30,100,190,176,189,67
"1606",38900,"Portland-Vancouver-Hillsboro, OR-WA",2417931,1165042,1140463,1862,20,61,553,5.5,179,14,0,81,42,42,43,86,50
"1607",38900,"Portland-Vancouver-Hillsboro, OR-WA",2417931,1165042,1140463,1477,0,162,308,6.5,367,61,25,200,62,19,70,162,135
"1608",38900,"Portland-Vancouver-Hillsboro, OR-WA",2417931,1165042,1140463,75,0,22,0,4.166666667,6,0,0,0,6,0,0,1,5
"1609",38900,"Portland-Vancouver-Hillsboro, OR-WA",2417931,1165042,1140463,4603,212,856,1089,13.83333333,8563,87,594,222,7513,147,905,1992,5666
"1610",38900,"Portland-Vancouver-Hillsboro, OR-WA",2417931,1165042,1140463,1085,134,262,194,14.83333333,400,26,26,55,278,15,163,152,85
"1611",38900,"Portland-Vancouver-Hillsboro, OR-WA",2417931,1165042,1140463,1851,38,336,446,13.33333333,878,13,58,8,524,275,258,259,361
"1612",38900,"Portland-Vancouver-Hillsboro, OR-WA",2417931,1165042,1140463,1794,32,174,454,13.16666667,266,0,60,21,152,33,65,119,82
"1613",38900,"Portland-Vancouver-Hillsboro, OR-WA",2417931,1165042,1140463,2618,81,455,442,15,634,97,40,59,388,50,176,231,227
"1614",38900,"Portland-Vancouver-Hillsboro, OR-WA",2417931,1165042,1140463,959,0,114,277,14.33333333,106,18,9,15,64,0,24,49,33
"1615",38900,"Portland-Vancouver-Hillsboro, OR-WA",2417931,1165042,1140463,2559,205,458,592,15.33333333,782,184,118,5,305,170,337,303,142
"1616",38900,"Portland-Vancouver-Hillsboro, OR-WA",2417931,1165042,1140463,1354,0,145,377,8,382,3,1,127,218,33,67,110,205
"1617",38900,"Portland-Vancouver-Hillsboro, OR-WA",2417931,1165042,1140463,923,199,213,116,17.66666667,8103,4000,299,162,2610,1032,2881,3261,1961
"1618",38900,"Portland-Vancouver-Hillsboro, OR-WA",2417931,1165042,1140463,2714,273,549,486,12.66666667,242,5,26,27,182,2,71,114,57
"1619",38900,"Portland-Vancouver-Hillsboro, OR-WA",2417931,1165042,1140463,1998,114,255,419,13.33333333,49,0,23,3,18,5,6,19,24
"1620",38900,"Portland-Vancouver-Hillsboro, OR-WA",2417931,1165042,1140463,2981,66,355,731,16.66666667,753,157,49,32,297,218,241,324,188
"1621",38900,"Portland-Vancouver-Hillsboro, OR-WA",2417931,1165042,1140463,1419,11,66,498,9.333333333,105,0,5,45,55,0,29,38,38
"1622",38900,"Portland-Vancouver-Hillsboro, OR-WA",2417931,1165042,1140463,571,23,98,81,11.5,13,0,1,8,4,0,7,4,2
"1623",38900,"Portland-Vancouver-Hillsboro, OR-WA",2417931,1165042,1140463,2053,0,447,388,16.5,1084,328,43,83,404,226,348,482,254
"1624",38900,"Portland-Vancouver-Hillsboro, OR-WA",2417931,1165042,1140463,560,0,49,185,6.833333333,209,18,12,73,65,41,35,88,86
"1625",38900,"Portland-Vancouver-Hillsboro, OR-WA",2417931,1165042,1140463,3227,40,328,735,13.83333333,156,1,13,48,92,2,50,59,47
"1626",38900,"Portland-Vancouver-Hillsboro, OR-WA",2417931,1165042,1140463,1330,162,324,223,14,6436,247,241,38,5798,112,526,1274,4636
"1627",38900,"Portland-Vancouver-Hillsboro, OR-WA",2417931,1165042,1140463,2448,16,242,681,13.16666667,2675,93,72,1803,671,36,410,882,1383
"1628",38900,"Portland-Vancouver-Hillsboro, OR-WA",2417931,1165042,1140463,1458,239,296,259,15.33333333,328,49,21,17,180,61,108,153,67
"1629",38900,"Portland-Vancouver-Hillsboro, OR-WA",2417931,1165042,1140463,3247,36,314,840,8.333333333,328,2,16,55,241,14,79,82,167
"1630",38900,"Portland-Vancouver-Hillsboro, OR-WA",2417931,1165042,1140463,3080,0,188,836,7,214,0,4,11,67,132,107,70,37
"1631",38900,"Portland-Vancouver-Hillsboro, OR-WA",2417931,1165042,1140463,760,16,333,143,12.16666667,9,0,0,3,6,0,3,0,6
"1632",38900,"Portland-Vancouver-Hillsboro, OR-WA",2417931,1165042,1140463,2639,0,108,766,8.5,267,2,14,70,75,106,92,100,75
"1633",38900,"Portland-Vancouver-Hillsboro, OR-WA",2417931,1165042,1140463,1225,0,72,408,14.33333333,398,0,51,3,296,48,120,91,187
"1634",38900,"Portland-Vancouver-Hillsboro, OR-WA",2417931,1165042,1140463,2664,48,408,594,13.16666667,2077,54,265,39,1686,33,1022,613,442
"1635",38900,"Portland-Vancouver-Hillsboro, OR-WA",2417931,1165042,1140463,3028,18,342,859,11.83333333,1821,0,22,48,1620,131,194,509,1118
"1636",38900,"Portland-Vancouver-Hillsboro, OR-WA",2417931,1165042,1140463,2402,29,165,478,16.66666667,3893,195,2308,731,473,186,587,895,2411
"1637",38900,"Portland-Vancouver-Hillsboro, OR-WA",2417931,1165042,1140463,1360,0,79,381,15.83333333,125,0,7,21,79,18,45,38,42
"1638",38900,"Portland-Vancouver-Hillsboro, OR-WA",2417931,1165042,1140463,2787,107,472,520,12.5,642,404,32,36,42,128,130,262,250
"1639",38900,"Portland-Vancouver-Hillsboro, OR-WA",2417931,1165042,1140463,4054,54,423,961,15.83333333,3523,700,107,718,1591,407,840,1310,1373
"1640",38900,"Portland-Vancouver-Hillsboro, OR-WA",2417931,1165042,1140463,2588,91,223,687,15,541,65,40,59,253,124,198,230,113
"1641",38900,"Portland-Vancouver-Hillsboro, OR-WA",2417931,1165042,1140463,1308,0,140,356,13.83333333,32,1,0,13,18,0,7,11,14
"1642",38900,"Portland-Vancouver-Hillsboro, OR-WA",2417931,1165042,1140463,2295,0,42,653,8.5,145,0,44,49,52,0,49,33,63
"1643",38900,"Portland-Vancouver-Hillsboro, OR-WA",2417931,1165042,1140463,724,59,191,75,12.16666667,1002,68,18,729,108,79,125,474,403
"1644",38900,"Portland-Vancouver-Hillsboro, OR-WA",2417931,1165042,1140463,1408,0,110,438,11.66666667,87,0,9,33,44,1,19,52,16
"1645",38900,"Portland-Vancouver-Hillsboro, OR-WA",2417931,1165042,1140463,3421,56,132,892,13.83333333,381,65,2,30,284,0,46,134,201
"1646",38900,"Portland-Vancouver-Hillsboro, OR-WA",2417931,1165042,1140463,3061,0,191,838,11,652,193,125,91,172,71,154,310,188
"1647",38900,"Portland-Vancouver-Hillsboro, OR-WA",2417931,1165042,1140463,1832,0,84,551,14,48,0,14,19,15,0,10,25,13
"1648",38900,"Portland-Vancouver-Hillsboro, OR-WA",2417931,1165042,1140463,1432,153,268,330,16.33333333,1173,0,338,8,702,125,266,454,453
"1649",38900,"Portland-Vancouver-Hillsboro, OR-WA",2417931,1165042,1140463,2436,83,396,494,16.83333333,4960,542,836,2266,1040,276,830,1828,2302
"1650",38900,"Portland-Vancouver-Hillsboro, OR-WA",2417931,1165042,1140463,2680,14,392,779,9.666666667,198,5,12,32,109,40,54,60,84
"1651",38900,"Portland-Vancouver-Hillsboro, OR-WA",2417931,1165042,1140463,2715,17,121,811,11.33333333,185,0,8,11,166,0,22,45,118
"1652",38900,"Portland-Vancouver-Hillsboro, OR-WA",2417931,1165042,1140463,2179,20,212,415,12.16666667,6282,3,58,5839,365,17,139,205,5938
"1653",38900,"Portland-Vancouver-Hillsboro, OR-WA",2417931,1165042,1140463,1557,0,19,453,13.16666667,175,0,4,27,144,0,16,55,104
"1654",38900,"Portland-Vancouver-Hillsboro, OR-WA",2417931,1165042,1140463,977,0,263,222,15.83333333,530,116,110,73,145,86,168,217,145
"1655",38900,"Portland-Vancouver-Hillsboro, OR-WA",2417931,1165042,1140463,1805,214,264,310,19.33333333,1264,235,125,200,585,119,400,441,423
"1656",38900,"Portland-Vancouver-Hillsboro, OR-WA",2417931,1165042,1140463,2640,17,224,691,13,302,0,3,19,279,1,63,111,128
"1657",38900,"Portland-Vancouver-Hillsboro, OR-WA",2417931,1165042,1140463,3453,117,301,824,15.5,516,28,10,143,267,68,143,199,174
"1658",38900,"Portland-Vancouver-Hillsboro, OR-WA",2417931,1165042,1140463,2970,88,620,706,16.66666667,2118,331,336,317,505,629,855,765,498
"1659",38900,"Portland-Vancouver-Hillsboro, OR-WA",2417931,1165042,1140463,1644,14,393,542,6.666666667,165,1,2,9,118,35,88,61,16
"1660",38900,"Portland-Vancouver-Hillsboro, OR-WA",2417931,1165042,1140463,1502,0,106,388,15,205,29,10,57,53,56,60,77,68
"1661",38900,"Portland-Vancouver-Hillsboro, OR-WA",2417931,1165042,1140463,1306,69,426,258,15.66666667,3198,98,707,1419,755,219,440,1162,1596
"1662",38900,"Portland-Vancouver-Hillsboro, OR-WA",2417931,1165042,1140463,1080,28,83,288,17.16666667,1357,529,28,326,293,181,342,623,392
"1663",38900,"Portland-Vancouver-Hillsboro, OR-WA",2417931,1165042,1140463,771,0,290,157,15.16666667,97,42,13,12,30,0,28,40,29
"1664",38900,"Portland-Vancouver-Hillsboro, OR-WA",2417931,1165042,1140463,3145,183,573,559,16.33333333,478,207,31,24,101,115,149,219,110
"1665",38900,"Portland-Vancouver-Hillsboro, OR-WA",2417931,1165042,1140463,1304,0,124,260,13.83333333,137,16,8,49,64,0,48,44,45
"1666",38900,"Portland-Vancouver-Hillsboro, OR-WA",2417931,1165042,1140463,908,57,51,254,13,394,13,0,322,59,0,53,189,152
"1667",38900,"Portland-Vancouver-Hillsboro, OR-WA",2417931,1165042,1140463,2248,14,153,704,6.833333333,419,45,9,22,321,22,100,125,194
"1668",38900,"Portland-Vancouver-Hillsboro, OR-WA",2417931,1165042,1140463,871,77,187,183,19.33333333,1136,305,193,90,340,208,331,441,364
"1669",38900,"Portland-Vancouver-Hillsboro, OR-WA",2417931,1165042,1140463,1205,0,161,395,15.16666667,1131,77,96,382,371,205,285,372,474
"1670",38900,"Portland-Vancouver-Hillsboro, OR-WA",2417931,1165042,1140463,1348,0,31,475,10.66666667,551,0,9,13,441,88,163,134,254
"1671",38900,"Portland-Vancouver-Hillsboro, OR-WA",2417931,1165042,1140463,1263,10,199,326,15.16666667,211,66,6,33,66,40,64,79,68
"1672",38900,"Portland-Vancouver-Hillsboro, OR-WA",2417931,1165042,1140463,1130,14,105,323,12.83333333,88,0,0,15,68,5,18,22,48
"1673",38900,"Portland-Vancouver-Hillsboro, OR-WA",2417931,1165042,1140463,1529,0,240,420,14.5,573,189,49,23,277,35,159,247,167
"1674",38900,"Portland-Vancouver-Hillsboro, OR-WA",2417931,1165042,1140463,653,17,125,200,18,898,45,315,52,253,233,274,274,350
"1675",38900,"Portland-Vancouver-Hillsboro, OR-WA",2417931,1165042,1140463,1042,75,186,265,9.833333333,7502,158,2824,462,3281,777,843,1736,4923
"1676",38900,"Portland-Vancouver-Hillsboro, OR-WA",2417931,1165042,1140463,3777,28,329,902,9.833333333,573,13,155,269,136,0,79,89,405
"1677",38900,"Portland-Vancouver-Hillsboro, OR-WA",2417931,1165042,1140463,817,9,60,213,16.16666667,494,37,27,141,118,171,171,194,129
"1678",38900,"Portland-Vancouver-Hillsboro, OR-WA",2417931,1165042,1140463,1718,60,300,324,18.66666667,1206,389,84,162,425,146,405,425,376
"1679",38900,"Portland-Vancouver-Hillsboro, OR-WA",2417931,1165042,1140463,1096,0,127,262,13.5,39,8,0,10,21,0,4,25,10
"1680",38900,"Portland-Vancouver-Hillsboro, OR-WA",2417931,1165042,1140463,2496,44,303,568,12.66666667,365,1,0,142,170,52,98,198,69
"1681",38900,"Portland-Vancouver-Hillsboro, OR-WA",2417931,1165042,1140463,2569,102,220,707,16.66666667,1292,283,60,498,373,78,246,456,590
"1682",38900,"Portland-Vancouver-Hillsboro, OR-WA",2417931,1165042,1140463,2225,0,142,732,14.16666667,260,3,0,21,227,9,71,117,72
"1683",38900,"Portland-Vancouver-Hillsboro, OR-WA",2417931,1165042,1140463,2783,69,348,572,16.5,557,292,75,59,124,7,91,237,229
"1684",38900,"Portland-Vancouver-Hillsboro, OR-WA",2417931,1165042,1140463,3162,16,367,865,10.83333333,1870,352,69,346,1008,95,387,783,700
"1685",38900,"Portland-Vancouver-Hillsboro, OR-WA",2417931,1165042,1140463,2271,19,117,614,9.666666667,2096,9,747,159,989,192,266,451,1379
"1686",38900,"Portland-Vancouver-Hillsboro, OR-WA",2417931,1165042,1140463,953,31,99,243,16.5,2556,204,333,1118,576,325,414,715,1427
"1687",38900,"Portland-Vancouver-Hillsboro, OR-WA",2417931,1165042,1140463,1458,18,184,385,13.5,153,8,7,40,98,0,31,48,74
"1688",38900,"Portland-Vancouver-Hillsboro, OR-WA",2417931,1165042,1140463,1103,10,79,237,13.83333333,91,14,44,24,9,0,21,13,57
"1689",38900,"Portland-Vancouver-Hillsboro, OR-WA",2417931,1165042,1140463,843,101,98,212,11.83333333,1130,18,0,2,1110,0,146,399,585
"1690",38900,"Portland-Vancouver-Hillsboro, OR-WA",2417931,1165042,1140463,835,12,100,195,19.66666667,368,39,24,37,190,78,116,124,128
"1691",38900,"Portland-Vancouver-Hillsboro, OR-WA",2417931,1165042,1140463,499,25,68,125,19.66666667,847,42,181,91,382,151,265,285,297
"1692",38900,"Portland-Vancouver-Hillsboro, OR-WA",2417931,1165042,1140463,844,93,129,132,19.33333333,671,155,113,52,155,196,205,232,234
"1693",38900,"Portland-Vancouver-Hillsboro, OR-WA",2417931,1165042,1140463,2639,54,323,587,13.66666667,836,69,50,77,427,213,210,361,265
"1694",38900,"Portland-Vancouver-Hillsboro, OR-WA",2417931,1165042,1140463,1956,14,296,400,16,589,83,18,133,310,45,146,208,235
"1695",38900,"Portland-Vancouver-Hillsboro, OR-WA",2417931,1165042,1140463,1756,7,246,472,11.5,213,0,12,29,171,1,47,59,107
"1696",38900,"Portland-Vancouver-Hillsboro, OR-WA",2417931,1165042,1140463,1966,0,161,640,14.16666667,212,28,16,61,107,0,49,56,107
"1697",38900,"Portland-Vancouver-Hillsboro, OR-WA",2417931,1165042,1140463,1784,61,111,483,14.5,403,24,36,15,307,21,129,115,159
"1698",38900,"Portland-Vancouver-Hillsboro, OR-WA",2417931,1165042,1140463,1121,81,175,227,19.66666667,1469,249,191,44,669,316,477,618,374
"1699",38900,"Portland-Vancouver-Hillsboro, OR-WA",2417931,1165042,1140463,1309,19,146,258,12.33333333,501,0,1,3,473,24,143,259,99
"1700",38900,"Portland-Vancouver-Hillsboro, OR-WA",2417931,1165042,1140463,2579,75,248,678,8.166666667,180,10,1,70,99,0,77,46,57
"1701",38900,"Portland-Vancouver-Hillsboro, OR-WA",2417931,1165042,1140463,733,17,95,196,14.33333333,144,0,3,44,45,52,42,57,45
"1702",38900,"Portland-Vancouver-Hillsboro, OR-WA",2417931,1165042,1140463,2153,0,144,675,5.5,106,0,6,39,61,0,25,43,38
"1703",38900,"Portland-Vancouver-Hillsboro, OR-WA",2417931,1165042,1140463,978,0,49,399,5.166666667,4280,383,57,3055,785,0,560,1291,2429
"1704",38900,"Portland-Vancouver-Hillsboro, OR-WA",2417931,1165042,1140463,2821,74,300,671,14.5,1135,309,94,325,180,227,257,459,419
"1705",38900,"Portland-Vancouver-Hillsboro, OR-WA",2417931,1165042,1140463,918,41,299,254,7.666666667,81,0,9,4,67,1,30,27,24
"1706",38900,"Portland-Vancouver-Hillsboro, OR-WA",2417931,1165042,1140463,1230,14,125,360,5.5,239,0,9,166,14,50,88,93,58
"1707",38900,"Portland-Vancouver-Hillsboro, OR-WA",2417931,1165042,1140463,1844,39,164,501,14,409,115,61,148,65,20,118,183,108
"1708",38900,"Portland-Vancouver-Hillsboro, OR-WA",2417931,1165042,1140463,1640,8,140,410,8.166666667,59,0,6,11,40,2,28,11,20
"1709",38900,"Portland-Vancouver-Hillsboro, OR-WA",2417931,1165042,1140463,1597,8,89,471,12.5,31,0,4,12,15,0,12,11,8
"1710",38900,"Portland-Vancouver-Hillsboro, OR-WA",2417931,1165042,1140463,968,50,110,296,10.66666667,1728,0,3,1354,288,83,164,704,860
"1711",38900,"Portland-Vancouver-Hillsboro, OR-WA",2417931,1165042,1140463,2220,9,123,588,10.83333333,146,51,2,21,70,2,54,29,63
"1712",38900,"Portland-Vancouver-Hillsboro, OR-WA",2417931,1165042,1140463,2335,331,245,285,18.83333333,1199,112,140,68,635,244,376,491,332
"1713",38900,"Portland-Vancouver-Hillsboro, OR-WA",2417931,1165042,1140463,2320,36,183,510,8.5,24,1,0,10,11,2,7,13,4
"1714",38900,"Portland-Vancouver-Hillsboro, OR-WA",2417931,1165042,1140463,2472,0,111,674,5.333333333,155,0,7,71,77,0,50,53,52
"1715",38900,"Portland-Vancouver-Hillsboro, OR-WA",2417931,1165042,1140463,2692,351,414,356,14.66666667,830,209,18,7,365,231,223,489,118
"1716",38900,"Portland-Vancouver-Hillsboro, OR-WA",2417931,1165042,1140463,2093,54,248,400,12.5,602,79,6,198,226,93,192,240,170
"1717",38900,"Portland-Vancouver-Hillsboro, OR-WA",2417931,1165042,1140463,3073,88,305,690,12.5,632,189,12,307,120,4,87,272,273
"1718",38900,"Portland-Vancouver-Hillsboro, OR-WA",2417931,1165042,1140463,1967,9,67,608,5.333333333,2170,43,135,1488,378,126,229,768,1173
"1719",38900,"Portland-Vancouver-Hillsboro, OR-WA",2417931,1165042,1140463,2906,61,371,736,15,1318,51,231,356,555,125,325,509,484
"1720",38900,"Portland-Vancouver-Hillsboro, OR-WA",2417931,1165042,1140463,1225,8,69,377,4.166666667,271,0,4,140,21,106,88,77,106
"1721",38900,"Portland-Vancouver-Hillsboro, OR-WA",2417931,1165042,1140463,2418,140,218,256,14.66666667,4236,548,882,1304,1237,265,846,1334,2056
"1722",38900,"Portland-Vancouver-Hillsboro, OR-WA",2417931,1165042,1140463,1709,18,138,413,10.66666667,242,0,2,38,183,19,75,88,79
"1723",38900,"Portland-Vancouver-Hillsboro, OR-WA",2417931,1165042,1140463,1140,4,29,363,4,572,20,3,420,127,2,131,296,145
"1724",38900,"Portland-Vancouver-Hillsboro, OR-WA",2417931,1165042,1140463,4023,0,220,1132,3.833333333,361,7,15,246,83,10,99,152,110
"1725",38900,"Portland-Vancouver-Hillsboro, OR-WA",2417931,1165042,1140463,6212,202,1477,861,14,5377,1,568,1670,3042,96,341,1303,3733
"1726",38900,"Portland-Vancouver-Hillsboro, OR-WA",2417931,1165042,1140463,1754,48,145,404,14.83333333,62,13,4,6,39,0,28,20,14
"1727",38900,"Portland-Vancouver-Hillsboro, OR-WA",2417931,1165042,1140463,578,14,89,99,15.33333333,1029,600,64,109,102,154,314,529,186
"1728",38900,"Portland-Vancouver-Hillsboro, OR-WA",2417931,1165042,1140463,1332,0,86,369,3.166666667,75,0,1,37,30,7,21,30,24
"1729",38900,"Portland-Vancouver-Hillsboro, OR-WA",2417931,1165042,1140463,3543,132,361,627,13.83333333,801,39,11,448,298,5,158,469,174
"1730",38900,"Portland-Vancouver-Hillsboro, OR-WA",2417931,1165042,1140463,1350,14,71,371,13.66666667,249,27,0,134,81,7,41,140,68
"1731",38900,"Portland-Vancouver-Hillsboro, OR-WA",2417931,1165042,1140463,1955,67,325,395,10.16666667,220,12,21,21,137,29,80,80,60
"1732",38900,"Portland-Vancouver-Hillsboro, OR-WA",2417931,1165042,1140463,1013,10,206,214,16.66666667,458,43,2,65,327,21,90,177,191
"1733",38900,"Portland-Vancouver-Hillsboro, OR-WA",2417931,1165042,1140463,1449,12,216,297,16.5,79,19,2,22,29,7,17,43,19
"1734",38900,"Portland-Vancouver-Hillsboro, OR-WA",2417931,1165042,1140463,1461,25,199,338,15.16666667,106,28,0,17,61,0,34,52,20
"1735",38900,"Portland-Vancouver-Hillsboro, OR-WA",2417931,1165042,1140463,1327,0,246,335,10.83333333,38,5,0,4,29,0,14,17,7
"1736",38900,"Portland-Vancouver-Hillsboro, OR-WA",2417931,1165042,1140463,1361,27,139,311,14.16666667,184,15,14,107,42,6,29,79,76
"1737",38900,"Portland-Vancouver-Hillsboro, OR-WA",2417931,1165042,1140463,3285,88,350,567,14.66666667,409,35,14,24,302,34,113,189,107
"1738",38900,"Portland-Vancouver-Hillsboro, OR-WA",2417931,1165042,1140463,1568,0,131,416,9.833333333,124,1,1,71,40,11,31,32,61
"1739",38900,"Portland-Vancouver-Hillsboro, OR-WA",2417931,1165042,1140463,1468,50,226,339,15,292,16,14,25,201,36,55,139,98
"1740",38900,"Portland-Vancouver-Hillsboro, OR-WA",2417931,1165042,1140463,1001,66,170,150,17.5,285,73,5,13,146,48,131,102,52
"1741",38900,"Portland-Vancouver-Hillsboro, OR-WA",2417931,1165042,1140463,1418,94,172,322,17.33333333,141,23,21,19,61,17,51,54,36
"1742",38900,"Portland-Vancouver-Hillsboro, OR-WA",2417931,1165042,1140463,1150,22,102,322,14.66666667,53,18,4,2,19,10,17,16,20
"1743",38900,"Portland-Vancouver-Hillsboro, OR-WA",2417931,1165042,1140463,1246,52,207,263,16,122,13,14,2,46,47,48,54,20
"1744",38900,"Portland-Vancouver-Hillsboro, OR-WA",2417931,1165042,1140463,1440,48,237,323,18.16666667,495,48,10,20,364,53,93,194,208
"1745",38900,"Portland-Vancouver-Hillsboro, OR-WA",2417931,1165042,1140463,1205,90,260,192,17.66666667,288,36,12,59,67,114,79,134,75
"1746",38900,"Portland-Vancouver-Hillsboro, OR-WA",2417931,1165042,1140463,899,55,100,253,18.5,265,54,11,52,66,82,90,116,59
"1747",38900,"Portland-Vancouver-Hillsboro, OR-WA",2417931,1165042,1140463,1360,8,264,329,17.5,271,52,8,24,116,71,88,104,79
"1748",38900,"Portland-Vancouver-Hillsboro, OR-WA",2417931,1165042,1140463,1236,77,186,218,16.83333333,388,3,8,34,201,142,126,117,145
"1749",38900,"Portland-Vancouver-Hillsboro, OR-WA",2417931,1165042,1140463,1048,37,210,226,17.5,388,30,14,57,56,231,119,198,71
"1750",38900,"Portland-Vancouver-Hillsboro, OR-WA",2417931,1165042,1140463,1288,50,423,132,17.33333333,521,10,6,13,270,222,184,132,205
"1751",38900,"Portland-Vancouver-Hillsboro, OR-WA",2417931,1165042,1140463,1346,93,242,258,18.33333333,3755,84,1361,929,1299,82,290,1037,2428
"1752",38900,"Portland-Vancouver-Hillsboro, OR-WA",2417931,1165042,1140463,948,69,113,183,16,380,6,23,319,22,10,46,108,226
"1753",38900,"Portland-Vancouver-Hillsboro, OR-WA",2417931,1165042,1140463,2693,46,218,714,15.5,491,15,26,171,279,0,103,228,160
"1754",38900,"Portland-Vancouver-Hillsboro, OR-WA",2417931,1165042,1140463,3929,304,320,633,12.5,614,35,4,39,521,15,145,274,195
"1755",38900,"Portland-Vancouver-Hillsboro, OR-WA",2417931,1165042,1140463,3738,85,653,443,15.66666667,1291,402,27,24,796,42,264,469,558
"1756",38900,"Portland-Vancouver-Hillsboro, OR-WA",2417931,1165042,1140463,4024,45,283,679,13.83333333,205,10,5,104,86,0,40,89,76
"1757",38900,"Portland-Vancouver-Hillsboro, OR-WA",2417931,1165042,1140463,3504,247,310,584,16.5,658,132,75,164,232,55,146,234,278
"1758",38900,"Portland-Vancouver-Hillsboro, OR-WA",2417931,1165042,1140463,3330,263,331,688,14.5,191,32,15,14,83,47,54,98,39
"1759",38900,"Portland-Vancouver-Hillsboro, OR-WA",2417931,1165042,1140463,2171,20,228,484,12.16666667,93,0,7,35,40,11,37,44,12
"1760",38900,"Portland-Vancouver-Hillsboro, OR-WA",2417931,1165042,1140463,1815,40,319,443,13.16666667,181,18,7,11,144,1,36,92,53
"1761",38900,"Portland-Vancouver-Hillsboro, OR-WA",2417931,1165042,1140463,1385,70,246,251,18.33333333,304,7,70,20,144,63,79,120,105
"1762",38900,"Portland-Vancouver-Hillsboro, OR-WA",2417931,1165042,1140463,2741,106,303,452,15.83333333,330,92,20,33,177,8,86,147,97
"1763",38900,"Portland-Vancouver-Hillsboro, OR-WA",2417931,1165042,1140463,902,34,163,152,12.66666667,87,9,0,1,37,40,40,41,6
"1764",38900,"Portland-Vancouver-Hillsboro, OR-WA",2417931,1165042,1140463,937,91,195,170,18.33333333,437,83,33,207,76,38,108,186,143
"1765",38900,"Portland-Vancouver-Hillsboro, OR-WA",2417931,1165042,1140463,807,86,346,71,17.5,330,21,14,30,200,65,72,139,119
"1766",38900,"Portland-Vancouver-Hillsboro, OR-WA",2417931,1165042,1140463,1193,11,291,270,17.83333333,367,166,10,117,56,18,78,181,108
"1767",38900,"Portland-Vancouver-Hillsboro, OR-WA",2417931,1165042,1140463,1129,20,267,232,17.66666667,350,41,6,26,139,138,109,175,66
"1768",38900,"Portland-Vancouver-Hillsboro, OR-WA",2417931,1165042,1140463,931,12,236,165,18.16666667,199,20,16,9,99,55,74,69,56
"1769",38900,"Portland-Vancouver-Hillsboro, OR-WA",2417931,1165042,1140463,637,9,183,110,16.5,650,446,29,3,49,123,214,319,117
"1770",38900,"Portland-Vancouver-Hillsboro, OR-WA",2417931,1165042,1140463,959,29,200,200,17.66666667,217,27,13,6,72,99,78,96,43
"1771",38900,"Portland-Vancouver-Hillsboro, OR-WA",2417931,1165042,1140463,1147,82,103,288,17.66666667,243,6,38,6,132,61,85,90,68
"1772",38900,"Portland-Vancouver-Hillsboro, OR-WA",2417931,1165042,1140463,1287,38,334,195,18.83333333,790,51,41,71,365,262,178,358,254
"1773",38900,"Portland-Vancouver-Hillsboro, OR-WA",2417931,1165042,1140463,1446,79,227,294,19,469,208,50,24,125,62,114,239,116
"1774",38900,"Portland-Vancouver-Hillsboro, OR-WA",2417931,1165042,1140463,762,58,107,160,17,162,32,3,23,20,84,45,76,41
"1775",38900,"Portland-Vancouver-Hillsboro, OR-WA",2417931,1165042,1140463,1132,42,152,246,17.16666667,108,8,11,28,30,31,30,40,38
"1776",38900,"Portland-Vancouver-Hillsboro, OR-WA",2417931,1165042,1140463,742,38,147,104,14.83333333,89,22,9,4,54,0,19,36,34
"1777",38900,"Portland-Vancouver-Hillsboro, OR-WA",2417931,1165042,1140463,1607,35,182,297,11.16666667,49,0,2,1,44,2,16,25,8
"1778",38900,"Portland-Vancouver-Hillsboro, OR-WA",2417931,1165042,1140463,3247,114,480,526,12.66666667,432,47,1,1,223,160,102,205,125
"1779",38900,"Portland-Vancouver-Hillsboro, OR-WA",2417931,1165042,1140463,2283,164,285,332,12.33333333,124,16,2,35,26,45,65,42,17
"1780",38900,"Portland-Vancouver-Hillsboro, OR-WA",2417931,1165042,1140463,1710,191,100,397,14.33333333,169,2,20,10,137,0,28,75,66
"1781",38900,"Portland-Vancouver-Hillsboro, OR-WA",2417931,1165042,1140463,2842,134,316,367,15.83333333,106,10,13,9,64,10,38,55,13
"1782",38900,"Portland-Vancouver-Hillsboro, OR-WA",2417931,1165042,1140463,1223,0,107,274,19,632,185,54,18,203,172,198,323,111
"1783",38900,"Portland-Vancouver-Hillsboro, OR-WA",2417931,1165042,1140463,1326,20,197,284,17.83333333,231,33,7,60,100,31,64,90,77
"1784",38900,"Portland-Vancouver-Hillsboro, OR-WA",2417931,1165042,1140463,1420,33,144,361,12.66666667,102,2,2,15,83,0,24,42,36
"1785",38900,"Portland-Vancouver-Hillsboro, OR-WA",2417931,1165042,1140463,1461,35,102,336,15.16666667,437,0,0,36,401,0,164,77,196
"1786",38900,"Portland-Vancouver-Hillsboro, OR-WA",2417931,1165042,1140463,3292,108,429,753,14.5,78,13,8,19,22,16,26,35,17
"1787",38900,"Portland-Vancouver-Hillsboro, OR-WA",2417931,1165042,1140463,1381,77,155,373,14.33333333,78,0,8,10,60,0,27,29,22
"1788",38900,"Portland-Vancouver-Hillsboro, OR-WA",2417931,1165042,1140463,808,19,63,215,15.33333333,265,0,5,16,211,33,49,129,87
"1789",38900,"Portland-Vancouver-Hillsboro, OR-WA",2417931,1165042,1140463,901,45,147,194,16.33333333,282,141,3,2,19,117,121,101,60
"1790",38900,"Portland-Vancouver-Hillsboro, OR-WA",2417931,1165042,1140463,1120,19,85,340,15.33333333,157,0,64,6,76,11,26,51,80
"1791",38900,"Portland-Vancouver-Hillsboro, OR-WA",2417931,1165042,1140463,1620,95,286,174,16,509,108,10,59,180,152,173,201,135
"1792",38900,"Portland-Vancouver-Hillsboro, OR-WA",2417931,1165042,1140463,1300,83,251,290,16.66666667,163,11,7,32,58,55,62,74,27
"1793",38900,"Portland-Vancouver-Hillsboro, OR-WA",2417931,1165042,1140463,655,44,147,170,17.83333333,447,95,12,46,56,238,138,230,79
"1794",38900,"Portland-Vancouver-Hillsboro, OR-WA",2417931,1165042,1140463,1338,0,197,156,16.5,149,24,1,35,80,9,16,58,75
"1795",38900,"Portland-Vancouver-Hillsboro, OR-WA",2417931,1165042,1140463,1297,34,343,258,15,294,243,15,5,31,0,77,159,58
"1796",38900,"Portland-Vancouver-Hillsboro, OR-WA",2417931,1165042,1140463,1120,25,84,303,12.5,693,0,19,14,659,1,271,345,77
"1797",38900,"Portland-Vancouver-Hillsboro, OR-WA",2417931,1165042,1140463,2178,116,469,482,16.5,324,102,12,31,131,48,86,148,90
"1798",38900,"Portland-Vancouver-Hillsboro, OR-WA",2417931,1165042,1140463,1409,11,154,332,17.5,421,16,34,19,276,76,150,152,119
"1799",38900,"Portland-Vancouver-Hillsboro, OR-WA",2417931,1165042,1140463,936,132,406,46,19.66666667,1790,137,466,717,381,89,370,553,867
"1800",38900,"Portland-Vancouver-Hillsboro, OR-WA",2417931,1165042,1140463,3029,190,384,442,17.5,735,27,53,23,538,94,251,330,154
"1801",38900,"Portland-Vancouver-Hillsboro, OR-WA",2417931,1165042,1140463,961,18,83,276,14.16666667,119,1,3,27,83,5,36,33,50
"1802",38900,"Portland-Vancouver-Hillsboro, OR-WA",2417931,1165042,1140463,1843,102,415,291,17.5,363,74,20,15,111,143,170,117,76
"1803",38900,"Portland-Vancouver-Hillsboro, OR-WA",2417931,1165042,1140463,2028,17,243,393,11.5,1430,3,13,1342,51,21,105,386,939
"1804",38900,"Portland-Vancouver-Hillsboro, OR-WA",2417931,1165042,1140463,1785,41,230,357,12.16666667,133,1,4,6,122,0,16,49,68
"1805",38900,"Portland-Vancouver-Hillsboro, OR-WA",2417931,1165042,1140463,2226,59,379,456,14.16666667,987,29,33,683,167,75,104,350,533
"1806",38900,"Portland-Vancouver-Hillsboro, OR-WA",2417931,1165042,1140463,1178,16,174,280,14.66666667,75,0,2,23,50,0,23,35,17
"1807",38900,"Portland-Vancouver-Hillsboro, OR-WA",2417931,1165042,1140463,1482,41,401,312,14.33333333,2102,66,92,1232,572,140,447,798,857
"1808",38900,"Portland-Vancouver-Hillsboro, OR-WA",2417931,1165042,1140463,2895,254,448,322,16.83333333,313,90,39,10,81,93,84,143,86
"1809",38900,"Portland-Vancouver-Hillsboro, OR-WA",2417931,1165042,1140463,3308,270,341,523,14.66666667,199,26,33,4,103,33,58,82,59
"1810",38900,"Portland-Vancouver-Hillsboro, OR-WA",2417931,1165042,1140463,1542,112,124,319,14.33333333,217,7,4,17,187,2,35,119,63
"1811",38900,"Portland-Vancouver-Hillsboro, OR-WA",2417931,1165042,1140463,593,0,132,119,17,96,6,4,14,57,15,32,29,35
"1812",38900,"Portland-Vancouver-Hillsboro, OR-WA",2417931,1165042,1140463,1546,186,439,198,18.33333333,741,189,12,36,204,300,198,340,203
"1813",38900,"Portland-Vancouver-Hillsboro, OR-WA",2417931,1165042,1140463,1709,141,463,291,19,1007,63,48,60,460,376,245,402,360
"1814",38900,"Portland-Vancouver-Hillsboro, OR-WA",2417931,1165042,1140463,862,197,182,111,18.5,7194,265,851,1267,3416,1395,2171,1788,3235
"1815",38900,"Portland-Vancouver-Hillsboro, OR-WA",2417931,1165042,1140463,969,6,255,174,17.5,189,25,5,15,98,46,55,88,46
"1816",38900,"Portland-Vancouver-Hillsboro, OR-WA",2417931,1165042,1140463,1693,458,407,154,18.16666667,13007,396,7916,859,2425,1411,1654,2885,8468
"1817",38900,"Portland-Vancouver-Hillsboro, OR-WA",2417931,1165042,1140463,840,0,135,207,15.66666667,64,0,3,5,51,5,14,16,34
"1818",38900,"Portland-Vancouver-Hillsboro, OR-WA",2417931,1165042,1140463,984,0,154,247,17,131,36,12,41,39,3,40,47,44
"1819",38900,"Portland-Vancouver-Hillsboro, OR-WA",2417931,1165042,1140463,1114,0,111,246,15.83333333,76,0,6,20,50,0,8,27,41
"1820",38900,"Portland-Vancouver-Hillsboro, OR-WA",2417931,1165042,1140463,908,0,106,204,18.83333333,349,83,25,26,155,60,76,148,125
"1821",38900,"Portland-Vancouver-Hillsboro, OR-WA",2417931,1165042,1140463,1038,94,258,166,16.83333333,1042,673,112,11,168,78,255,522,265
"1822",38900,"Portland-Vancouver-Hillsboro, OR-WA",2417931,1165042,1140463,1420,126,490,176,17.83333333,522,37,245,31,90,119,123,249,150
"1823",38900,"Portland-Vancouver-Hillsboro, OR-WA",2417931,1165042,1140463,1141,41,261,186,17.5,274,29,21,26,167,31,79,123,72
"1824",38900,"Portland-Vancouver-Hillsboro, OR-WA",2417931,1165042,1140463,1035,0,106,256,15.66666667,154,0,6,3,78,67,25,27,102
"1825",38900,"Portland-Vancouver-Hillsboro, OR-WA",2417931,1165042,1140463,3662,118,243,594,16.33333333,318,44,4,104,129,37,84,102,132
"1826",38900,"Portland-Vancouver-Hillsboro, OR-WA",2417931,1165042,1140463,1831,13,220,324,14.5,163,4,0,11,110,38,44,83,36
"1827",38900,"Portland-Vancouver-Hillsboro, OR-WA",2417931,1165042,1140463,2267,20,215,506,13.83333333,368,111,12,13,105,127,140,169,59
"1828",38900,"Portland-Vancouver-Hillsboro, OR-WA",2417931,1165042,1140463,1190,51,90,246,13.83333333,74,0,2,3,36,33,22,45,7
"1829",38900,"Portland-Vancouver-Hillsboro, OR-WA",2417931,1165042,1140463,1811,98,262,381,16,563,106,81,190,96,90,183,169,211
"1830",38900,"Portland-Vancouver-Hillsboro, OR-WA",2417931,1165042,1140463,2529,131,464,226,14.5,1510,82,36,280,844,268,361,510,639
"1831",38900,"Portland-Vancouver-Hillsboro, OR-WA",2417931,1165042,1140463,2247,56,263,414,10.66666667,283,97,6,31,138,11,81,151,51
"1832",38900,"Portland-Vancouver-Hillsboro, OR-WA",2417931,1165042,1140463,1024,32,299,184,17.66666667,746,79,158,351,136,22,131,240,375
"1833",38900,"Portland-Vancouver-Hillsboro, OR-WA",2417931,1165042,1140463,1099,90,88,226,14.33333333,96,27,5,3,61,0,21,24,51
"1834",38900,"Portland-Vancouver-Hillsboro, OR-WA",2417931,1165042,1140463,1065,24,245,169,12.16666667,2,1,0,0,1,0,1,0,1
"1835",38900,"Portland-Vancouver-Hillsboro, OR-WA",2417931,1165042,1140463,1313,5,109,339,13.33333333,47,7,3,0,37,0,4,15,28
"1836",38900,"Portland-Vancouver-Hillsboro, OR-WA",2417931,1165042,1140463,886,0,101,213,17,89,0,9,34,42,4,18,15,56
"1837",38900,"Portland-Vancouver-Hillsboro, OR-WA",2417931,1165042,1140463,1394,137,318,220,19.16666667,1734,507,170,115,745,197,511,693,530
"1838",38900,"Portland-Vancouver-Hillsboro, OR-WA",2417931,1165042,1140463,1627,18,256,369,15.66666667,133,6,9,3,54,61,27,61,45
"1839",38900,"Portland-Vancouver-Hillsboro, OR-WA",2417931,1165042,1140463,1351,50,204,312,18.83333333,563,72,26,37,195,233,185,231,147
"1840",38900,"Portland-Vancouver-Hillsboro, OR-WA",2417931,1165042,1140463,789,65,244,165,17.33333333,247,153,0,6,63,25,83,130,34
"1841",38900,"Portland-Vancouver-Hillsboro, OR-WA",2417931,1165042,1140463,953,7,139,263,17.16666667,275,82,15,43,78,57,81,128,66
"1842",38900,"Portland-Vancouver-Hillsboro, OR-WA",2417931,1165042,1140463,1033,0,148,247,14.33333333,283,2,8,2,212,59,59,92,132
"1843",38900,"Portland-Vancouver-Hillsboro, OR-WA",2417931,1165042,1140463,1170,0,97,338,14.33333333,51,0,3,11,37,0,16,17,18
"1844",38900,"Portland-Vancouver-Hillsboro, OR-WA",2417931,1165042,1140463,1582,151,379,182,15.83333333,297,15,38,79,150,15,52,132,113
"1845",38900,"Portland-Vancouver-Hillsboro, OR-WA",2417931,1165042,1140463,1235,32,201,336,15.66666667,115,17,10,2,51,35,40,56,19
"1846",38900,"Portland-Vancouver-Hillsboro, OR-WA",2417931,1165042,1140463,1899,102,254,338,12.83333333,490,0,4,21,456,9,254,124,112
"1847",38900,"Portland-Vancouver-Hillsboro, OR-WA",2417931,1165042,1140463,1406,0,96,390,11.66666667,47,0,0,0,24,23,25,11,11
"1848",38900,"Portland-Vancouver-Hillsboro, OR-WA",2417931,1165042,1140463,1964,8,251,462,12.66666667,18,0,3,3,12,0,3,8,7
"1849",38900,"Portland-Vancouver-Hillsboro, OR-WA",2417931,1165042,1140463,1390,30,130,284,13.83333333,324,58,9,20,226,11,70,119,135
"1850",38900,"Portland-Vancouver-Hillsboro, OR-WA",2417931,1165042,1140463,1322,34,40,429,7.333333333,98,14,13,29,42,0,52,26,20
"1851",38900,"Portland-Vancouver-Hillsboro, OR-WA",2417931,1165042,1140463,1100,26,210,226,18.66666667,510,68,14,16,240,172,152,198,160
"1852",38900,"Portland-Vancouver-Hillsboro, OR-WA",2417931,1165042,1140463,2289,0,149,522,7.166666667,123,0,6,41,65,11,38,40,45
"1853",38900,"Portland-Vancouver-Hillsboro, OR-WA",2417931,1165042,1140463,3330,72,355,795,13.16666667,14751,1045,384,10609,2049,664,1883,5218,7650
"1854",38900,"Portland-Vancouver-Hillsboro, OR-WA",2417931,1165042,1140463,1667,168,220,244,16.83333333,486,186,21,30,176,73,142,238,106
"1855",38900,"Portland-Vancouver-Hillsboro, OR-WA",2417931,1165042,1140463,1333,51,182,255,13.66666667,1695,801,39,260,248,347,625,693,377
"1856",38900,"Portland-Vancouver-Hillsboro, OR-WA",2417931,1165042,1140463,1941,97,205,359,15.66666667,616,102,24,49,283,158,214,252,150
"1857",38900,"Portland-Vancouver-Hillsboro, OR-WA",2417931,1165042,1140463,1071,0,197,253,16.66666667,194,48,18,31,86,11,53,87,54
"1858",38900,"Portland-Vancouver-Hillsboro, OR-WA",2417931,1165042,1140463,1071,40,162,204,18.16666667,351,53,46,8,110,134,140,128,83
"1859",38900,"Portland-Vancouver-Hillsboro, OR-WA",2417931,1165042,1140463,1542,19,113,424,16.83333333,348,35,27,17,171,98,90,138,120
"1860",38900,"Portland-Vancouver-Hillsboro, OR-WA",2417931,1165042,1140463,995,0,99,276,16.5,97,0,10,30,37,20,24,45,28
"1861",38900,"Portland-Vancouver-Hillsboro, OR-WA",2417931,1165042,1140463,1289,0,281,252,16.16666667,221,6,17,3,61,134,85,90,46
"1862",38900,"Portland-Vancouver-Hillsboro, OR-WA",2417931,1165042,1140463,1110,12,30,279,16.5,95,0,8,9,78,0,28,35,32
"1863",38900,"Portland-Vancouver-Hillsboro, OR-WA",2417931,1165042,1140463,1280,18,223,287,16.16666667,116,0,22,10,74,10,16,27,73
"1864",38900,"Portland-Vancouver-Hillsboro, OR-WA",2417931,1165042,1140463,1013,91,153,185,17.5,849,7,108,45,599,90,285,370,194
"1865",38900,"Portland-Vancouver-Hillsboro, OR-WA",2417931,1165042,1140463,923,10,188,173,17.66666667,546,8,69,38,405,26,114,133,299
"1866",38900,"Portland-Vancouver-Hillsboro, OR-WA",2417931,1165042,1140463,1491,73,323,327,19,961,211,25,70,398,257,335,450,176
"1867",38900,"Portland-Vancouver-Hillsboro, OR-WA",2417931,1165042,1140463,910,43,190,133,18.5,345,33,20,86,119,87,105,120,120
"1868",38900,"Portland-Vancouver-Hillsboro, OR-WA",2417931,1165042,1140463,613,0,125,172,16,98,0,3,43,48,4,17,35,46
"1869",38900,"Portland-Vancouver-Hillsboro, OR-WA",2417931,1165042,1140463,1143,54,212,216,14.83333333,1487,15,160,4,1235,73,364,476,647
"1870",38900,"Portland-Vancouver-Hillsboro, OR-WA",2417931,1165042,1140463,2144,167,448,374,16.66666667,573,50,23,43,362,95,152,241,180
"1871",38900,"Portland-Vancouver-Hillsboro, OR-WA",2417931,1165042,1140463,1223,19,97,347,17,203,40,3,28,48,84,61,102,40
"1872",38900,"Portland-Vancouver-Hillsboro, OR-WA",2417931,1165042,1140463,1510,70,301,185,19.66666667,1949,172,241,74,949,513,675,745,529
"1873",38900,"Portland-Vancouver-Hillsboro, OR-WA",2417931,1165042,1140463,3231,203,660,568,19.33333333,3574,1100,722,27,1085,640,1206,1098,1270
"1874",38900,"Portland-Vancouver-Hillsboro, OR-WA",2417931,1165042,1140463,580,0,30,233,17.16666667,175,2,12,10,104,47,55,74,46
"1875",38900,"Portland-Vancouver-Hillsboro, OR-WA",2417931,1165042,1140463,4732,61,771,1006,14.83333333,1946,178,115,773,812,68,292,542,1112
"1876",38900,"Portland-Vancouver-Hillsboro, OR-WA",2417931,1165042,1140463,843,16,111,226,14.66666667,200,8,42,10,136,4,70,72,58
"1877",38900,"Portland-Vancouver-Hillsboro, OR-WA",2417931,1165042,1140463,746,17,79,176,14,34,0,21,0,13,0,10,8,16
"1878",38900,"Portland-Vancouver-Hillsboro, OR-WA",2417931,1165042,1140463,1281,41,120,263,17.5,254,34,50,14,128,28,67,124,63
"1879",38900,"Portland-Vancouver-Hillsboro, OR-WA",2417931,1165042,1140463,1864,223,754,214,19.33333333,4172,188,2035,428,980,541,544,1032,2596
"1880",38900,"Portland-Vancouver-Hillsboro, OR-WA",2417931,1165042,1140463,1161,0,67,343,10.83333333,57,0,50,1,6,0,8,14,35
"1881",38900,"Portland-Vancouver-Hillsboro, OR-WA",2417931,1165042,1140463,1240,0,143,371,11.66666667,86,9,33,1,43,0,20,29,37
"1882",38900,"Portland-Vancouver-Hillsboro, OR-WA",2417931,1165042,1140463,2099,87,268,368,14.16666667,80,7,18,9,40,6,17,33,30
"1883",38900,"Portland-Vancouver-Hillsboro, OR-WA",2417931,1165042,1140463,1209,8,154,309,16,75,0,4,14,34,23,18,34,23
"1884",38900,"Portland-Vancouver-Hillsboro, OR-WA",2417931,1165042,1140463,674,4,63,175,16.5,122,12,22,0,16,72,43,57,22
"1885",38900,"Portland-Vancouver-Hillsboro, OR-WA",2417931,1165042,1140463,781,57,110,129,16.83333333,104,0,3,30,71,0,28,46,30
"1886",38900,"Portland-Vancouver-Hillsboro, OR-WA",2417931,1165042,1140463,938,10,183,189,14.83333333,283,7,0,1,67,208,62,174,47
"1887",38900,"Portland-Vancouver-Hillsboro, OR-WA",2417931,1165042,1140463,1413,10,348,231,17.16666667,358,1,5,116,196,40,83,154,121
"1888",38900,"Portland-Vancouver-Hillsboro, OR-WA",2417931,1165042,1140463,1765,0,178,379,17,238,1,11,69,112,45,56,72,110
"1889",38900,"Portland-Vancouver-Hillsboro, OR-WA",2417931,1165042,1140463,1888,26,227,406,15.5,604,0,1,6,565,32,207,122,275
"1890",38900,"Portland-Vancouver-Hillsboro, OR-WA",2417931,1165042,1140463,1764,51,114,384,16.83333333,498,13,60,292,117,16,56,169,273
"1891",38900,"Portland-Vancouver-Hillsboro, OR-WA",2417931,1165042,1140463,672,35,82,152,15.16666667,182,3,54,100,23,2,16,63,103
"1892",38900,"Portland-Vancouver-Hillsboro, OR-WA",2417931,1165042,1140463,1128,52,266,207,16.33333333,364,26,22,136,114,66,85,107,172
"1893",38900,"Portland-Vancouver-Hillsboro, OR-WA",2417931,1165042,1140463,1278,112,268,134,17.33333333,661,33,5,415,138,70,104,176,381
"1894",38900,"Portland-Vancouver-Hillsboro, OR-WA",2417931,1165042,1140463,1353,93,249,226,14.83333333,62,5,0,4,52,1,16,36,10
"1895",38900,"Portland-Vancouver-Hillsboro, OR-WA",2417931,1165042,1140463,1053,0,202,164,16.5,208,11,34,126,32,5,22,79,107
"1896",38900,"Portland-Vancouver-Hillsboro, OR-WA",2417931,1165042,1140463,1865,119,204,294,16,175,12,15,7,73,68,59,93,23
"1897",38900,"Portland-Vancouver-Hillsboro, OR-WA",2417931,1165042,1140463,738,35,100,123,18,355,21,20,6,256,52,159,110,86
"1898",38900,"Portland-Vancouver-Hillsboro, OR-WA",2417931,1165042,1140463,1523,57,268,268,15.83333333,394,294,9,4,53,34,120,210,64
"1899",38900,"Portland-Vancouver-Hillsboro, OR-WA",2417931,1165042,1140463,1198,35,200,219,16.83333333,140,7,5,18,90,20,44,46,50
"1900",38900,"Portland-Vancouver-Hillsboro, OR-WA",2417931,1165042,1140463,1689,28,243,348,12.83333333,14,0,0,12,2,0,4,8,2
"1901",38900,"Portland-Vancouver-Hillsboro, OR-WA",2417931,1165042,1140463,1239,65,245,198,17.33333333,150,17,13,24,56,40,40,71,39
"1902",38900,"Portland-Vancouver-Hillsboro, OR-WA",2417931,1165042,1140463,2500,89,286,497,12.5,3435,484,5,2283,595,68,307,960,2168
"1903",38900,"Portland-Vancouver-Hillsboro, OR-WA",2417931,1165042,1140463,2940,190,385,620,15,1468,390,101,161,207,609,414,757,297
"1904",38900,"Portland-Vancouver-Hillsboro, OR-WA",2417931,1165042,1140463,2794,16,208,687,14.83333333,2087,537,17,1049,396,88,238,638,1211
"1905",38900,"Portland-Vancouver-Hillsboro, OR-WA",2417931,1165042,1140463,2324,49,286,397,14.83333333,729,20,18,406,254,31,121,260,348
"1906",38900,"Portland-Vancouver-Hillsboro, OR-WA",2417931,1165042,1140463,1924,13,192,329,14,904,579,36,13,83,193,308,454,142
"1907",38900,"Portland-Vancouver-Hillsboro, OR-WA",2417931,1165042,1140463,768,0,83,268,15,143,2,59,53,26,3,34,40,69
"1908",38900,"Portland-Vancouver-Hillsboro, OR-WA",2417931,1165042,1140463,1247,0,70,281,6.833333333,206,9,5,42,115,35,56,84,66
"1909",38900,"Portland-Vancouver-Hillsboro, OR-WA",2417931,1165042,1140463,729,5,66,230,11.66666667,94,11,7,17,46,13,14,26,54
"1910",38900,"Portland-Vancouver-Hillsboro, OR-WA",2417931,1165042,1140463,2371,44,213,428,17.66666667,208,0,15,5,125,63,61,76,71
"1911",38900,"Portland-Vancouver-Hillsboro, OR-WA",2417931,1165042,1140463,634,0,88,165,18.5,119,40,15,18,16,30,32,57,30
"1912",38900,"Portland-Vancouver-Hillsboro, OR-WA",2417931,1165042,1140463,1030,0,173,237,17.66666667,136,7,5,18,76,30,25,48,63
"1913",38900,"Portland-Vancouver-Hillsboro, OR-WA",2417931,1165042,1140463,978,11,112,229,14.16666667,52,1,11,3,37,0,14,11,27
"1914",38900,"Portland-Vancouver-Hillsboro, OR-WA",2417931,1165042,1140463,3547,210,319,436,16,234,0,12,156,46,20,63,43,128
"1915",38900,"Portland-Vancouver-Hillsboro, OR-WA",2417931,1165042,1140463,997,99,166,149,17.66666667,135,20,0,9,72,34,46,40,49
"1916",38900,"Portland-Vancouver-Hillsboro, OR-WA",2417931,1165042,1140463,1108,48,99,152,15.5,35,14,0,4,6,11,12,19,4
"1917",38900,"Portland-Vancouver-Hillsboro, OR-WA",2417931,1165042,1140463,2415,7,94,217,14.83333333,1498,31,15,5,1291,156,416,345,737
"1918",38900,"Portland-Vancouver-Hillsboro, OR-WA",2417931,1165042,1140463,1313,76,162,297,13.83333333,68,38,11,2,17,0,13,42,13
"1919",38900,"Portland-Vancouver-Hillsboro, OR-WA",2417931,1165042,1140463,1402,71,169,325,18.66666667,726,328,105,64,159,70,254,234,238
"1920",38900,"Portland-Vancouver-Hillsboro, OR-WA",2417931,1165042,1140463,1699,14,104,425,6.333333333,43,4,2,22,13,2,7,8,28
"1921",38900,"Portland-Vancouver-Hillsboro, OR-WA",2417931,1165042,1140463,1999,11,30,477,15.16666667,89,0,4,39,38,8,27,29,33
"1922",38900,"Portland-Vancouver-Hillsboro, OR-WA",2417931,1165042,1140463,2387,0,150,591,11.33333333,343,2,2,130,129,80,123,140,80
"1923",38900,"Portland-Vancouver-Hillsboro, OR-WA",2417931,1165042,1140463,857,14,129,171,11.5,830,57,29,708,34,2,78,319,433
"1924",38900,"Portland-Vancouver-Hillsboro, OR-WA",2417931,1165042,1140463,1756,15,147,425,15.66666667,76,4,0,10,51,11,25,20,31
"1925",38900,"Portland-Vancouver-Hillsboro, OR-WA",2417931,1165042,1140463,3536,147,542,572,13.16666667,420,34,10,319,52,5,41,159,220
"1926",38900,"Portland-Vancouver-Hillsboro, OR-WA",2417931,1165042,1140463,1460,113,275,331,13,904,0,20,763,121,0,66,176,662
"1927",38900,"Portland-Vancouver-Hillsboro, OR-WA",2417931,1165042,1140463,1407,139,212,238,16,260,25,50,17,150,18,42,78,140
"1928",38900,"Portland-Vancouver-Hillsboro, OR-WA",2417931,1165042,1140463,1296,34,160,287,16.66666667,131,19,15,44,27,26,44,45,42
"1929",38900,"Portland-Vancouver-Hillsboro, OR-WA",2417931,1165042,1140463,1921,71,221,390,18.33333333,323,40,13,7,200,63,101,122,100
"1930",38900,"Portland-Vancouver-Hillsboro, OR-WA",2417931,1165042,1140463,2278,218,404,606,19,1478,131,214,375,582,176,379,492,607
"1931",38900,"Portland-Vancouver-Hillsboro, OR-WA",2417931,1165042,1140463,2083,0,135,435,13,799,0,29,13,660,97,129,254,416
"1932",38900,"Portland-Vancouver-Hillsboro, OR-WA",2417931,1165042,1140463,5335,58,347,1220,6.166666667,345,8,3,84,220,30,112,153,80
"1933",38900,"Portland-Vancouver-Hillsboro, OR-WA",2417931,1165042,1140463,2710,17,148,678,11.5,477,28,1,133,315,0,114,167,196
"1934",38900,"Portland-Vancouver-Hillsboro, OR-WA",2417931,1165042,1140463,1300,0,36,368,14.83333333,395,201,15,18,26,135,106,183,106
"1935",38900,"Portland-Vancouver-Hillsboro, OR-WA",2417931,1165042,1140463,1486,109,254,268,15.16666667,1645,107,63,16,1323,136,299,497,849
"1936",38900,"Portland-Vancouver-Hillsboro, OR-WA",2417931,1165042,1140463,1837,84,325,365,11,151,8,9,17,34,83,61,72,18
"1937",38900,"Portland-Vancouver-Hillsboro, OR-WA",2417931,1165042,1140463,1669,50,228,379,16.16666667,798,481,37,43,141,96,291,324,183
"1938",38900,"Portland-Vancouver-Hillsboro, OR-WA",2417931,1165042,1140463,1689,90,290,229,16.83333333,491,328,19,13,92,39,151,244,96
"1939",38900,"Portland-Vancouver-Hillsboro, OR-WA",2417931,1165042,1140463,1391,106,297,214,16.16666667,402,6,278,2,100,16,52,89,261
"1940",38900,"Portland-Vancouver-Hillsboro, OR-WA",2417931,1165042,1140463,1582,27,314,256,17.66666667,435,104,13,16,282,20,89,230,116
"1941",38900,"Portland-Vancouver-Hillsboro, OR-WA",2417931,1165042,1140463,1297,77,307,236,14,159,0,3,82,74,0,18,52,89
"1942",38900,"Portland-Vancouver-Hillsboro, OR-WA",2417931,1165042,1140463,1066,0,108,276,16.16666667,50,0,6,13,28,3,24,13,13
"1943",38900,"Portland-Vancouver-Hillsboro, OR-WA",2417931,1165042,1140463,1093,123,437,80,19.33333333,8767,871,1065,2418,3562,851,1302,3298,4167
"1944",38900,"Portland-Vancouver-Hillsboro, OR-WA",2417931,1165042,1140463,989,70,277,97,15.33333333,6215,154,491,567,4922,81,534,1489,4192
"1945",38900,"Portland-Vancouver-Hillsboro, OR-WA",2417931,1165042,1140463,1067,64,172,211,17.16666667,369,6,22,9,300,32,88,146,135
"1946",38900,"Portland-Vancouver-Hillsboro, OR-WA",2417931,1165042,1140463,1100,164,416,144,18.83333333,758,78,79,7,337,257,266,342,150
"1947",38900,"Portland-Vancouver-Hillsboro, OR-WA",2417931,1165042,1140463,1188,129,212,256,18.16666667,3241,1359,153,30,968,731,1270,1254,717
"1948",38900,"Portland-Vancouver-Hillsboro, OR-WA",2417931,1165042,1140463,743,0,67,177,16.16666667,114,0,3,17,76,18,46,39,29
"1949",38900,"Portland-Vancouver-Hillsboro, OR-WA",2417931,1165042,1140463,572,0,82,150,18.16666667,163,21,9,9,87,37,46,70,47
"1950",38900,"Portland-Vancouver-Hillsboro, OR-WA",2417931,1165042,1140463,886,20,96,197,18.83333333,889,40,35,158,522,134,217,333,339
"1951",38900,"Portland-Vancouver-Hillsboro, OR-WA",2417931,1165042,1140463,1961,450,290,279,14.16666667,10307,56,24,44,10056,127,730,2027,7550
"1952",38900,"Portland-Vancouver-Hillsboro, OR-WA",2417931,1165042,1140463,650,456,64,0,19.5,26241,2003,7786,1126,11630,3696,3588,6529,16124
"1953",38900,"Portland-Vancouver-Hillsboro, OR-WA",2417931,1165042,1140463,985,220,126,8,19,14360,501,6059,384,5881,1535,1664,3270,9426
"1954",38900,"Portland-Vancouver-Hillsboro, OR-WA",2417931,1165042,1140463,937,16,300,222,11.66666667,135,0,18,9,108,0,14,40,81
"1955",38900,"Portland-Vancouver-Hillsboro, OR-WA",2417931,1165042,1140463,516,39,145,119,12.5,28,0,4,0,21,3,12,11,5
"1956",38900,"Portland-Vancouver-Hillsboro, OR-WA",2417931,1165042,1140463,1279,36,223,247,18,513,12,83,25,308,85,141,201,171
"1957",38900,"Portland-Vancouver-Hillsboro, OR-WA",2417931,1165042,1140463,3326,582,1495,244,19.33333333,9660,1069,2147,1021,3835,1588,1660,2858,5142
"1958",38900,"Portland-Vancouver-Hillsboro, OR-WA",2417931,1165042,1140463,1017,0,104,273,13.83333333,55,0,6,4,45,0,10,16,29
"1959",38900,"Portland-Vancouver-Hillsboro, OR-WA",2417931,1165042,1140463,3306,15,213,955,11.16666667,149,0,29,53,53,14,31,57,61
"1960",38900,"Portland-Vancouver-Hillsboro, OR-WA",2417931,1165042,1140463,2474,62,472,628,16.83333333,2101,127,234,235,1313,192,490,831,780
"1961",38900,"Portland-Vancouver-Hillsboro, OR-WA",2417931,1165042,1140463,1519,67,177,407,14.83333333,472,8,10,18,414,22,140,191,141
"1962",38900,"Portland-Vancouver-Hillsboro, OR-WA",2417931,1165042,1140463,712,16,136,179,17.16666667,783,326,161,45,198,53,178,299,306
"1963",38900,"Portland-Vancouver-Hillsboro, OR-WA",2417931,1165042,1140463,1049,5,115,321,13.83333333,169,0,0,15,130,24,66,69,34
"1964",38900,"Portland-Vancouver-Hillsboro, OR-WA",2417931,1165042,1140463,1744,48,345,351,16,168,46,18,12,89,3,35,63,70
"1965",38900,"Portland-Vancouver-Hillsboro, OR-WA",2417931,1165042,1140463,1841,78,250,341,15,139,7,0,8,68,56,72,55,12
"1966",38900,"Portland-Vancouver-Hillsboro, OR-WA",2417931,1165042,1140463,1133,52,140,264,17,654,375,5,17,150,107,153,345,156
"1967",38900,"Portland-Vancouver-Hillsboro, OR-WA",2417931,1165042,1140463,1576,83,237,310,17.5,404,49,15,13,103,224,125,173,106
"1968",38900,"Portland-Vancouver-Hillsboro, OR-WA",2417931,1165042,1140463,1120,17,160,248,16.16666667,106,4,48,29,25,0,26,45,35
"1969",38900,"Portland-Vancouver-Hillsboro, OR-WA",2417931,1165042,1140463,1189,29,146,258,18,495,100,15,39,184,157,108,193,194
"1970",38900,"Portland-Vancouver-Hillsboro, OR-WA",2417931,1165042,1140463,799,9,156,170,14.16666667,43,0,0,7,36,0,14,14,15
"1971",38900,"Portland-Vancouver-Hillsboro, OR-WA",2417931,1165042,1140463,720,92,201,100,18,380,40,15,185,51,89,99,109,172
"1972",38900,"Portland-Vancouver-Hillsboro, OR-WA",2417931,1165042,1140463,563,75,174,73,16.83333333,201,6,13,5,139,38,65,96,40
"1973",38900,"Portland-Vancouver-Hillsboro, OR-WA",2417931,1165042,1140463,1107,50,251,220,17.33333333,1190,191,50,28,586,335,205,459,526
"1974",38900,"Portland-Vancouver-Hillsboro, OR-WA",2417931,1165042,1140463,1292,0,178,301,15.16666667,267,202,9,8,28,20,68,135,64
"1975",38900,"Portland-Vancouver-Hillsboro, OR-WA",2417931,1165042,1140463,928,139,235,147,15,149,9,2,3,133,2,46,76,27
"1976",38900,"Portland-Vancouver-Hillsboro, OR-WA",2417931,1165042,1140463,1117,136,189,154,15.66666667,86,0,12,2,25,47,21,29,36
"1977",38900,"Portland-Vancouver-Hillsboro, OR-WA",2417931,1165042,1140463,1281,101,261,226,18.66666667,457,72,23,93,122,147,159,214,84
"1978",38900,"Portland-Vancouver-Hillsboro, OR-WA",2417931,1165042,1140463,1299,19,330,282,17.66666667,314,46,42,6,159,61,67,156,91
"1979",38900,"Portland-Vancouver-Hillsboro, OR-WA",2417931,1165042,1140463,1450,15,167,317,14.33333333,40,0,2,11,10,17,7,15,18
"1980",38900,"Portland-Vancouver-Hillsboro, OR-WA",2417931,1165042,1140463,2274,23,311,513,14.83333333,70,0,10,6,54,0,13,27,30
"1981",38900,"Portland-Vancouver-Hillsboro, OR-WA",2417931,1165042,1140463,1075,9,157,236,15.33333333,109,3,0,0,55,51,24,52,33
"1982",38900,"Portland-Vancouver-Hillsboro, OR-WA",2417931,1165042,1140463,1395,69,304,309,15.16666667,1225,143,22,38,96,926,324,318,583
"1983",38900,"Portland-Vancouver-Hillsboro, OR-WA",2417931,1165042,1140463,1425,72,382,285,17.83333333,347,55,29,2,204,57,68,156,123
"1984",38900,"Portland-Vancouver-Hillsboro, OR-WA",2417931,1165042,1140463,763,379,240,18,19.5,2609,34,560,467,1347,201,301,784,1524
"1985",38900,"Portland-Vancouver-Hillsboro, OR-WA",2417931,1165042,1140463,2110,93,416,357,10.5,5879,168,123,4680,705,203,560,2056,3263
"1986",38900,"Portland-Vancouver-Hillsboro, OR-WA",2417931,1165042,1140463,1593,126,218,282,14,313,2,11,16,284,0,71,160,82
"1987",38900,"Portland-Vancouver-Hillsboro, OR-WA",2417931,1165042,1140463,1643,260,555,189,19,1091,57,351,81,291,311,227,491,373
"1988",38900,"Portland-Vancouver-Hillsboro, OR-WA",2417931,1165042,1140463,887,15,49,299,6,48,0,9,14,10,15,14,18,16
"1989",38900,"Portland-Vancouver-Hillsboro, OR-WA",2417931,1165042,1140463,791,0,112,201,13.5,21,0,0,1,20,0,3,14,4
"1990",38900,"Portland-Vancouver-Hillsboro, OR-WA",2417931,1165042,1140463,1579,0,421,269,14.83333333,30,0,2,13,15,0,2,5,23
"1991",38900,"Portland-Vancouver-Hillsboro, OR-WA",2417931,1165042,1140463,2993,0,201,681,11,322,0,6,68,248,0,77,140,105
"1992",38900,"Portland-Vancouver-Hillsboro, OR-WA",2417931,1165042,1140463,813,0,58,249,10.66666667,165,49,6,7,103,0,44,75,46
"1993",38900,"Portland-Vancouver-Hillsboro, OR-WA",2417931,1165042,1140463,3570,0,157,876,13.16666667,1116,265,95,294,307,155,297,541,278
"1994",38900,"Portland-Vancouver-Hillsboro, OR-WA",2417931,1165042,1140463,1631,0,68,497,8.166666667,95,1,19,37,21,17,17,25,53
"1995",38900,"Portland-Vancouver-Hillsboro, OR-WA",2417931,1165042,1140463,3863,0,309,945,13.33333333,327,5,51,60,191,20,111,104,112
"1996",38900,"Portland-Vancouver-Hillsboro, OR-WA",2417931,1165042,1140463,358,57,59,74,12.66666667,436,37,7,8,200,184,192,198,46
"1997",38900,"Portland-Vancouver-Hillsboro, OR-WA",2417931,1165042,1140463,1846,0,55,526,12.5,123,4,8,13,94,4,21,32,70
"1998",38900,"Portland-Vancouver-Hillsboro, OR-WA",2417931,1165042,1140463,3934,47,198,1057,5.5,484,2,10,124,348,0,113,181,190
"1999",38900,"Portland-Vancouver-Hillsboro, OR-WA",2417931,1165042,1140463,545,11,53,165,10,67,0,1,1,65,0,16,23,28
"2000",38900,"Portland-Vancouver-Hillsboro, OR-WA",2417931,1165042,1140463,885,23,162,152,15.33333333,144,15,17,11,25,76,48,59,37
"2001",38900,"Portland-Vancouver-Hillsboro, OR-WA",2417931,1165042,1140463,3311,28,312,817,15.16666667,632,123,18,107,294,90,213,260,159
"2002",38900,"Portland-Vancouver-Hillsboro, OR-WA",2417931,1165042,1140463,2878,34,164,818,4.5,468,11,27,313,85,32,130,170,168
"2003",38900,"Portland-Vancouver-Hillsboro, OR-WA",2417931,1165042,1140463,646,24,44,179,4.833333333,1102,9,17,217,803,56,159,399,544
"2004",38900,"Portland-Vancouver-Hillsboro, OR-WA",2417931,1165042,1140463,1477,83,217,308,7.5,1178,56,33,422,508,159,249,554,375
"2005",38900,"Portland-Vancouver-Hillsboro, OR-WA",2417931,1165042,1140463,3149,21,266,951,10.33333333,338,31,50,42,211,4,87,134,117
"2006",38900,"Portland-Vancouver-Hillsboro, OR-WA",2417931,1165042,1140463,3066,33,386,732,16.33333333,566,168,70,20,238,70,170,196,200
"2007",38900,"Portland-Vancouver-Hillsboro, OR-WA",2417931,1165042,1140463,2779,18,417,666,16.33333333,304,87,12,17,145,43,109,144,51
"2008",38900,"Portland-Vancouver-Hillsboro, OR-WA",2417931,1165042,1140463,1322,0,111,484,12,220,0,5,129,79,7,113,70,37
"2009",38900,"Portland-Vancouver-Hillsboro, OR-WA",2417931,1165042,1140463,1640,0,92,458,2.333333333,1224,0,9,1194,20,1,128,748,348
"2010",38900,"Portland-Vancouver-Hillsboro, OR-WA",2417931,1165042,1140463,2186,24,142,598,5.333333333,716,24,24,480,182,6,137,324,255
"2011",38900,"Portland-Vancouver-Hillsboro, OR-WA",2417931,1165042,1140463,2718,33,190,857,6.833333333,327,47,29,59,173,19,88,104,135
"2012",38900,"Portland-Vancouver-Hillsboro, OR-WA",2417931,1165042,1140463,2316,46,187,569,6.666666667,275,6,7,84,153,25,90,78,107
"2013",38900,"Portland-Vancouver-Hillsboro, OR-WA",2417931,1165042,1140463,819,0,132,176,18.83333333,249,38,28,17,102,64,104,85,60
"2014",38900,"Portland-Vancouver-Hillsboro, OR-WA",2417931,1165042,1140463,1256,33,326,206,15.5,99,54,7,7,31,0,19,46,34
"2015",38900,"Portland-Vancouver-Hillsboro, OR-WA",2417931,1165042,1140463,1770,19,293,376,18.33333333,703,348,21,124,103,107,136,330,237
"2016",38900,"Portland-Vancouver-Hillsboro, OR-WA",2417931,1165042,1140463,1717,0,140,495,6,169,0,23,87,59,0,38,86,45
"2017",38900,"Portland-Vancouver-Hillsboro, OR-WA",2417931,1165042,1140463,1101,16,20,381,5,518,4,4,73,363,74,131,158,229
"2018",38900,"Portland-Vancouver-Hillsboro, OR-WA",2417931,1165042,1140463,747,22,10,293,5.166666667,140,2,9,69,58,2,29,46,65
"2019",38900,"Portland-Vancouver-Hillsboro, OR-WA",2417931,1165042,1140463,1500,13,184,418,15.33333333,310,151,18,52,74,15,105,141,64
"2020",38900,"Portland-Vancouver-Hillsboro, OR-WA",2417931,1165042,1140463,2023,59,76,606,4.5,174,14,0,42,115,3,45,63,66
"2021",38900,"Portland-Vancouver-Hillsboro, OR-WA",2417931,1165042,1140463,1800,0,132,581,7.166666667,801,103,19,100,538,41,213,293,295
"2022",38900,"Portland-Vancouver-Hillsboro, OR-WA",2417931,1165042,1140463,1243,17,32,347,4.333333333,472,7,4,392,56,13,55,208,209
"2023",38900,"Portland-Vancouver-Hillsboro, OR-WA",2417931,1165042,1140463,1536,108,264,338,14,232,15,7,19,145,46,76,93,63
"2024",38900,"Portland-Vancouver-Hillsboro, OR-WA",2417931,1165042,1140463,1243,17,85,375,3.5,135,0,2,92,41,0,31,47,57
"2025",38900,"Portland-Vancouver-Hillsboro, OR-WA",2417931,1165042,1140463,1705,0,80,493,14.16666667,60,0,16,6,24,14,18,10,32
"2026",38900,"Portland-Vancouver-Hillsboro, OR-WA",2417931,1165042,1140463,1453,19,105,445,4.666666667,244,14,7,162,61,0,41,73,130
"2027",38900,"Portland-Vancouver-Hillsboro, OR-WA",2417931,1165042,1140463,1689,9,68,584,4.166666667,173,0,7,102,56,8,44,62,67
"2028",38900,"Portland-Vancouver-Hillsboro, OR-WA",2417931,1165042,1140463,2594,55,60,845,5.5,248,10,2,95,141,0,62,99,87
"2029",38900,"Portland-Vancouver-Hillsboro, OR-WA",2417931,1165042,1140463,1873,19,106,416,13.83333333,618,17,53,341,159,48,260,249,109
"2030",38900,"Portland-Vancouver-Hillsboro, OR-WA",2417931,1165042,1140463,1832,135,430,309,17.83333333,691,257,24,35,130,245,290,246,155
"2031",38900,"Portland-Vancouver-Hillsboro, OR-WA",2417931,1165042,1140463,1293,0,46,482,4.666666667,169,7,0,78,62,22,29,68,72
"2032",38900,"Portland-Vancouver-Hillsboro, OR-WA",2417931,1165042,1140463,1277,12,172,293,4,58,7,3,31,5,12,19,19,20
"2033",38900,"Portland-Vancouver-Hillsboro, OR-WA",2417931,1165042,1140463,1374,0,102,429,5.333333333,295,35,3,180,60,17,79,121,95
"2034",38900,"Portland-Vancouver-Hillsboro, OR-WA",2417931,1165042,1140463,997,20,180,250,13.33333333,1064,163,208,57,465,171,368,378,318
"2035",38900,"Portland-Vancouver-Hillsboro, OR-WA",2417931,1165042,1140463,1885,0,27,697,4.333333333,200,0,1,121,78,0,65,81,54
"2036",38900,"Portland-Vancouver-Hillsboro, OR-WA",2417931,1165042,1140463,2173,0,87,780,4.833333333,366,11,23,94,217,21,60,158,148
"2037",38900,"Portland-Vancouver-Hillsboro, OR-WA",2417931,1165042,1140463,382,0,49,110,4.666666667,47,0,1,18,9,19,18,25,4
"2038",38900,"Portland-Vancouver-Hillsboro, OR-WA",2417931,1165042,1140463,499,0,29,208,11.5,337,15,0,224,18,80,77,141,119
"2039",38900,"Portland-Vancouver-Hillsboro, OR-WA",2417931,1165042,1140463,1627,6,76,481,4.5,295,12,0,190,88,5,44,116,135
"2040",38900,"Portland-Vancouver-Hillsboro, OR-WA",2417931,1165042,1140463,2656,123,444,516,14.33333333,446,109,39,12,156,130,155,153,138
"2041",38900,"Portland-Vancouver-Hillsboro, OR-WA",2417931,1165042,1140463,1491,19,67,404,4,99,3,3,52,29,12,27,37,35
"2042",38900,"Portland-Vancouver-Hillsboro, OR-WA",2417931,1165042,1140463,1530,0,75,451,3,168,0,0,164,3,1,39,72,57
"2043",38900,"Portland-Vancouver-Hillsboro, OR-WA",2417931,1165042,1140463,863,17,176,170,14,414,40,17,5,335,17,46,112,256
"2044",38900,"Portland-Vancouver-Hillsboro, OR-WA",2417931,1165042,1140463,921,13,227,211,14.66666667,53,36,3,0,11,3,16,21,16
"2045",38900,"Portland-Vancouver-Hillsboro, OR-WA",2417931,1165042,1140463,850,11,129,196,17,173,47,16,9,85,16,50,85,38
"2046",38900,"Portland-Vancouver-Hillsboro, OR-WA",2417931,1165042,1140463,1509,836,263,107,19,10517,131,5056,181,3569,1580,1195,2191,7131
"2047",38900,"Portland-Vancouver-Hillsboro, OR-WA",2417931,1165042,1140463,1839,18,301,352,14.33333333,264,12,1,18,221,12,72,103,89
"2048",38900,"Portland-Vancouver-Hillsboro, OR-WA",2417931,1165042,1140463,950,0,179,264,17.66666667,263,44,18,9,96,96,67,123,73
"2049",38900,"Portland-Vancouver-Hillsboro, OR-WA",2417931,1165042,1140463,1259,194,399,186,16.16666667,264,18,17,98,93,38,69,103,92
"2050",38900,"Portland-Vancouver-Hillsboro, OR-WA",2417931,1165042,1140463,961,40,170,189,14.5,304,21,21,189,71,2,48,104,152
"2051",38900,"Portland-Vancouver-Hillsboro, OR-WA",2417931,1165042,1140463,898,29,92,221,13.16666667,17,0,3,7,7,0,7,7,3
"2052",38900,"Portland-Vancouver-Hillsboro, OR-WA",2417931,1165042,1140463,713,19,121,142,13.66666667,8,0,0,0,8,0,3,4,1
"2053",38900,"Portland-Vancouver-Hillsboro, OR-WA",2417931,1165042,1140463,895,93,128,115,17,127,37,3,13,43,31,45,53,29
"2054",38900,"Portland-Vancouver-Hillsboro, OR-WA",2417931,1165042,1140463,1077,110,191,181,14.5,52,1,14,22,10,5,18,13,21
"2055",38900,"Portland-Vancouver-Hillsboro, OR-WA",2417931,1165042,1140463,668,49,57,160,17.16666667,326,39,4,0,164,119,122,141,63
"2056",38900,"Portland-Vancouver-Hillsboro, OR-WA",2417931,1165042,1140463,862,35,188,191,16,51,7,4,3,36,1,20,23,8
"2057",38900,"Portland-Vancouver-Hillsboro, OR-WA",2417931,1165042,1140463,1452,135,171,209,17.83333333,389,85,16,16,199,73,118,188,83
"2058",38900,"Portland-Vancouver-Hillsboro, OR-WA",2417931,1165042,1140463,1431,89,220,232,15.66666667,60,6,4,15,29,6,20,30,10
"2059",38900,"Portland-Vancouver-Hillsboro, OR-WA",2417931,1165042,1140463,1176,14,225,268,15.66666667,142,15,7,31,80,9,46,65,31
"2060",38900,"Portland-Vancouver-Hillsboro, OR-WA",2417931,1165042,1140463,1175,12,251,253,3.333333333,131,0,2,102,27,0,28,34,69
"2061",38900,"Portland-Vancouver-Hillsboro, OR-WA",2417931,1165042,1140463,1347,7,61,386,1.833333333,4,2,0,0,2,0,2,1,1
"2062",38900,"Portland-Vancouver-Hillsboro, OR-WA",2417931,1165042,1140463,2837,157,240,802,13.5,590,44,0,220,301,25,139,222,229
"2063",38900,"Portland-Vancouver-Hillsboro, OR-WA",2417931,1165042,1140463,2569,164,271,392,15.5,1017,124,72,150,423,248,323,474,220
"2064",38900,"Portland-Vancouver-Hillsboro, OR-WA",2417931,1165042,1140463,581,0,82,217,2.333333333,15,0,2,10,3,0,2,2,11
"2065",38900,"Portland-Vancouver-Hillsboro, OR-WA",2417931,1165042,1140463,1990,0,137,555,8.666666667,390,36,19,37,204,94,155,106,129
"2066",38900,"Portland-Vancouver-Hillsboro, OR-WA",2417931,1165042,1140463,2031,55,144,559,5.166666667,229,4,4,132,89,0,48,89,92
"2067",38900,"Portland-Vancouver-Hillsboro, OR-WA",2417931,1165042,1140463,1111,9,79,306,13.66666667,385,6,270,7,37,65,66,91,228
"2068",38900,"Portland-Vancouver-Hillsboro, OR-WA",2417931,1165042,1140463,939,16,84,270,6.5,153,10,1,20,72,50,73,45,35
"2069",38900,"Portland-Vancouver-Hillsboro, OR-WA",2417931,1165042,1140463,1174,8,88,375,5.333333333,195,9,0,98,73,15,47,64,84
"2070",38900,"Portland-Vancouver-Hillsboro, OR-WA",2417931,1165042,1140463,1557,52,224,282,18.16666667,903,370,116,44,193,180,310,399,194
"2071",38900,"Portland-Vancouver-Hillsboro, OR-WA",2417931,1165042,1140463,1748,0,102,504,3.5,225,0,0,196,29,0,21,33,171
"2072",38900,"Portland-Vancouver-Hillsboro, OR-WA",2417931,1165042,1140463,697,39,107,195,7.833333333,274,57,34,12,58,113,96,122,56
"2073",38900,"Portland-Vancouver-Hillsboro, OR-WA",2417931,1165042,1140463,1294,6,87,421,3.166666667,124,13,0,91,20,0,42,33,49
"2074",38900,"Portland-Vancouver-Hillsboro, OR-WA",2417931,1165042,1140463,723,0,5,307,3.166666667,19,0,1,5,4,9,10,7,2
"2075",38900,"Portland-Vancouver-Hillsboro, OR-WA",2417931,1165042,1140463,924,49,147,213,6.333333333,238,0,3,42,146,47,86,97,55
"2076",38900,"Portland-Vancouver-Hillsboro, OR-WA",2417931,1165042,1140463,999,71,119,188,14.33333333,113,0,45,1,45,22,17,36,60
"2077",38900,"Portland-Vancouver-Hillsboro, OR-WA",2417931,1165042,1140463,712,13,113,142,17.5,238,41,3,11,146,37,100,64,74
"2078",38900,"Portland-Vancouver-Hillsboro, OR-WA",2417931,1165042,1140463,1269,34,224,299,10.33333333,358,6,4,284,52,12,55,60,243
"2079",38900,"Portland-Vancouver-Hillsboro, OR-WA",2417931,1165042,1140463,598,22,71,202,9.333333333,87,0,1,4,82,0,15,22,50
"2080",38900,"Portland-Vancouver-Hillsboro, OR-WA",2417931,1165042,1140463,3313,70,391,748,12.16666667,1477,0,20,1001,234,222,157,491,829
"2081",38900,"Portland-Vancouver-Hillsboro, OR-WA",2417931,1165042,1140463,1434,0,24,397,4.333333333,118,0,3,80,32,3,30,42,46
"2082",38900,"Portland-Vancouver-Hillsboro, OR-WA",2417931,1165042,1140463,1175,0,33,403,3.666666667,152,1,5,90,56,0,33,67,52
"2083",38900,"Portland-Vancouver-Hillsboro, OR-WA",2417931,1165042,1140463,3013,28,229,808,13.5,569,28,53,320,84,84,150,230,189
"2084",38900,"Portland-Vancouver-Hillsboro, OR-WA",2417931,1165042,1140463,925,0,13,311,5,325,9,3,197,116,0,113,88,124
"2085",38900,"Portland-Vancouver-Hillsboro, OR-WA",2417931,1165042,1140463,1385,9,68,428,3.333333333,310,4,6,279,17,4,33,184,93
"2086",38900,"Portland-Vancouver-Hillsboro, OR-WA",2417931,1165042,1140463,871,23,23,251,4.333333333,204,2,7,35,160,0,72,54,78
"2087",38900,"Portland-Vancouver-Hillsboro, OR-WA",2417931,1165042,1140463,1386,25,85,363,4.5,43,7,3,10,15,8,21,12,10
"2088",38900,"Portland-Vancouver-Hillsboro, OR-WA",2417931,1165042,1140463,1096,58,131,250,8.666666667,540,82,78,134,138,108,167,186,187
"2089",38900,"Portland-Vancouver-Hillsboro, OR-WA",2417931,1165042,1140463,1209,16,85,314,5.166666667,553,48,3,415,53,34,88,155,310
"2090",38900,"Portland-Vancouver-Hillsboro, OR-WA",2417931,1165042,1140463,774,37,41,219,8.666666667,804,171,52,331,241,9,127,351,326
"2091",38900,"Portland-Vancouver-Hillsboro, OR-WA",2417931,1165042,1140463,3568,43,295,967,7.166666667,293,105,45,68,53,22,91,117,85
"2092",38900,"Portland-Vancouver-Hillsboro, OR-WA",2417931,1165042,1140463,1965,0,59,618,4,175,0,2,77,78,18,53,64,58
"2093",38900,"Portland-Vancouver-Hillsboro, OR-WA",2417931,1165042,1140463,936,27,99,233,11.5,100,29,1,16,48,6,25,51,24
"2094",38900,"Portland-Vancouver-Hillsboro, OR-WA",2417931,1165042,1140463,3279,131,375,798,13.33333333,452,13,42,16,365,16,159,175,118
"2095",38900,"Portland-Vancouver-Hillsboro, OR-WA",2417931,1165042,1140463,1347,9,125,370,6,156,10,33,62,33,18,39,59,58
"2096",38900,"Portland-Vancouver-Hillsboro, OR-WA",2417931,1165042,1140463,859,5,54,261,5.5,207,33,6,114,20,34,61,68,78
"2097",38900,"Portland-Vancouver-Hillsboro, OR-WA",2417931,1165042,1140463,2137,383,723,199,18.66666667,8729,132,4087,1166,3124,220,857,1502,6370
"2098",38900,"Portland-Vancouver-Hillsboro, OR-WA",2417931,1165042,1140463,1851,56,222,394,18,1643,149,135,880,369,110,242,534,867
"2099",38900,"Portland-Vancouver-Hillsboro, OR-WA",2417931,1165042,1140463,2249,12,140,682,5.5,511,0,6,352,153,0,110,204,197
"2100",38900,"Portland-Vancouver-Hillsboro, OR-WA",2417931,1165042,1140463,2518,14,186,658,3.666666667,616,24,3,475,58,56,144,281,191
"2101",38900,"Portland-Vancouver-Hillsboro, OR-WA",2417931,1165042,1140463,1357,0,101,266,15.33333333,64,23,0,19,17,5,23,23,18
"2102",38900,"Portland-Vancouver-Hillsboro, OR-WA",2417931,1165042,1140463,1048,24,395,274,9.833333333,710,69,59,32,78,472,244,320,146
"2103",38900,"Portland-Vancouver-Hillsboro, OR-WA",2417931,1165042,1140463,5643,87,533,1353,10,157,0,7,49,101,0,51,78,28
"2104",38900,"Portland-Vancouver-Hillsboro, OR-WA",2417931,1165042,1140463,846,9,177,222,9.333333333,5359,83,206,4240,746,84,626,1785,2948
"2105",38900,"Portland-Vancouver-Hillsboro, OR-WA",2417931,1165042,1140463,2561,23,165,683,5,232,4,4,80,144,0,55,91,86
"2106",38900,"Portland-Vancouver-Hillsboro, OR-WA",2417931,1165042,1140463,1285,0,52,430,6.833333333,551,22,17,288,153,71,143,190,218
"2107",38900,"Portland-Vancouver-Hillsboro, OR-WA",2417931,1165042,1140463,1822,15,64,594,2.833333333,184,0,11,151,22,0,40,98,46
"2108",38900,"Portland-Vancouver-Hillsboro, OR-WA",2417931,1165042,1140463,2095,10,46,615,6,285,28,14,74,165,4,113,95,77
"2109",38900,"Portland-Vancouver-Hillsboro, OR-WA",2417931,1165042,1140463,1104,11,159,317,14.83333333,196,12,0,31,134,19,43,75,78
"2110",38900,"Portland-Vancouver-Hillsboro, OR-WA",2417931,1165042,1140463,732,9,79,205,4,54,0,0,22,30,2,9,32,13
"2111",38900,"Portland-Vancouver-Hillsboro, OR-WA",2417931,1165042,1140463,824,0,81,307,3.5,308,5,0,280,23,0,46,150,112
"2112",38900,"Portland-Vancouver-Hillsboro, OR-WA",2417931,1165042,1140463,3759,70,171,1109,10.5,2108,279,15,1362,309,143,495,842,771
"2113",38900,"Portland-Vancouver-Hillsboro, OR-WA",2417931,1165042,1140463,1011,16,80,286,14.83333333,219,0,102,10,106,1,51,34,134
"2114",38900,"Portland-Vancouver-Hillsboro, OR-WA",2417931,1165042,1140463,1085,0,20,370,6.833333333,723,295,16,285,77,50,163,306,254
"2115",38900,"Portland-Vancouver-Hillsboro, OR-WA",2417931,1165042,1140463,1723,0,380,371,15.16666667,375,4,49,42,272,8,93,123,159
"2116",38900,"Portland-Vancouver-Hillsboro, OR-WA",2417931,1165042,1140463,1404,41,75,384,6.166666667,267,114,1,53,50,49,68,86,113
"2117",38900,"Portland-Vancouver-Hillsboro, OR-WA",2417931,1165042,1140463,1063,0,31,378,2.333333333,53,2,0,34,17,0,12,25,16
"2118",38900,"Portland-Vancouver-Hillsboro, OR-WA",2417931,1165042,1140463,918,9,230,190,16.33333333,256,102,8,51,30,65,61,103,92
"2119",38900,"Portland-Vancouver-Hillsboro, OR-WA",2417931,1165042,1140463,1321,0,68,415,3,132,3,7,106,0,16,26,24,82
"2120",38900,"Portland-Vancouver-Hillsboro, OR-WA",2417931,1165042,1140463,1003,479,127,15,19.16666667,2071,64,336,71,1089,511,404,768,899
"2121",38900,"Portland-Vancouver-Hillsboro, OR-WA",2417931,1165042,1140463,2232,0,28,737,6.833333333,269,1,27,51,153,37,47,93,129
"2122",38900,"Portland-Vancouver-Hillsboro, OR-WA",2417931,1165042,1140463,1049,341,329,31,17.83333333,624,320,59,0,64,181,155,315,154
"2123",38900,"Portland-Vancouver-Hillsboro, OR-WA",2417931,1165042,1140463,4090,0,547,1109,8.833333333,237,17,36,41,104,39,42,72,123
"2124",38900,"Portland-Vancouver-Hillsboro, OR-WA",2417931,1165042,1140463,2753,29,374,580,9,525,0,8,416,95,6,63,81,381
"2125",38900,"Portland-Vancouver-Hillsboro, OR-WA",2417931,1165042,1140463,1140,138,358,181,14.33333333,151,4,30,49,51,17,35,64,52
"2126",38900,"Portland-Vancouver-Hillsboro, OR-WA",2417931,1165042,1140463,2382,6,127,532,14.66666667,906,33,0,11,818,44,96,257,553
"2127",38900,"Portland-Vancouver-Hillsboro, OR-WA",2417931,1165042,1140463,1289,0,147,359,16.5,286,185,16,35,44,6,63,123,100
"2128",38900,"Portland-Vancouver-Hillsboro, OR-WA",2417931,1165042,1140463,1395,734,292,55,17.16666667,391,217,37,6,111,20,97,204,90
"2129",38900,"Portland-Vancouver-Hillsboro, OR-WA",2417931,1165042,1140463,2939,22,374,528,14.66666667,432,49,40,17,241,85,190,166,76
"2130",38900,"Portland-Vancouver-Hillsboro, OR-WA",2417931,1165042,1140463,1859,99,294,332,15.83333333,1402,413,26,244,556,163,401,480,521
"2131",38900,"Portland-Vancouver-Hillsboro, OR-WA",2417931,1165042,1140463,1824,0,15,36,3.666666667,9,0,0,0,9,0,0,8,1
"2132",38900,"Portland-Vancouver-Hillsboro, OR-WA",2417931,1165042,1140463,974,0,79,280,12.33333333,32,0,7,0,15,10,12,2,18
"2133",38900,"Portland-Vancouver-Hillsboro, OR-WA",2417931,1165042,1140463,2139,0,211,685,15.83333333,88,11,3,21,53,0,18,26,44
"2134",38900,"Portland-Vancouver-Hillsboro, OR-WA",2417931,1165042,1140463,2245,63,260,452,13.5,78,0,12,8,54,4,21,26,31
"2135",38900,"Portland-Vancouver-Hillsboro, OR-WA",2417931,1165042,1140463,2436,50,360,610,13.5,8703,507,1300,4345,2127,424,975,2483,5245
"2136",38900,"Portland-Vancouver-Hillsboro, OR-WA",2417931,1165042,1140463,2109,70,456,469,13,1718,28,864,477,318,31,130,364,1224
"2137",38900,"Portland-Vancouver-Hillsboro, OR-WA",2417931,1165042,1140463,2611,17,376,485,7.333333333,1016,6,29,34,935,12,104,275,637
"2138",38900,"Portland-Vancouver-Hillsboro, OR-WA",2417931,1165042,1140463,2771,49,509,720,15.5,294,64,14,28,188,0,110,125,59
"2139",38900,"Portland-Vancouver-Hillsboro, OR-WA",2417931,1165042,1140463,1156,71,74,190,14.83333333,2159,216,28,35,1697,183,310,717,1132
"2140",38900,"Portland-Vancouver-Hillsboro, OR-WA",2417931,1165042,1140463,1140,14,118,316,12.5,77,0,4,23,48,2,15,26,36
"2141",38900,"Portland-Vancouver-Hillsboro, OR-WA",2417931,1165042,1140463,2093,0,211,601,16.33333333,5591,299,468,2495,2276,53,600,1724,3267
"2142",38900,"Portland-Vancouver-Hillsboro, OR-WA",2417931,1165042,1140463,2570,0,285,742,16.5,740,174,116,11,192,247,276,334,130
"2143",38900,"Portland-Vancouver-Hillsboro, OR-WA",2417931,1165042,1140463,1284,144,199,254,17.83333333,7880,1653,1329,3235,1112,551,1144,2574,4162
"2144",38900,"Portland-Vancouver-Hillsboro, OR-WA",2417931,1165042,1140463,1742,89,341,358,17,2077,459,42,2,1197,377,499,559,1019
"2145",38900,"Portland-Vancouver-Hillsboro, OR-WA",2417931,1165042,1140463,1610,18,520,382,8.333333333,111,12,31,26,41,1,6,30,75
"2146",38900,"Portland-Vancouver-Hillsboro, OR-WA",2417931,1165042,1140463,3328,0,548,716,16.66666667,529,0,41,133,303,52,210,169,150
"2147",38900,"Portland-Vancouver-Hillsboro, OR-WA",2417931,1165042,1140463,4304,0,130,1164,11.83333333,1045,2,30,25,978,10,84,210,751
"2148",38900,"Portland-Vancouver-Hillsboro, OR-WA",2417931,1165042,1140463,2538,7,160,623,9,2093,6,498,1380,166,43,70,138,1885
"2149",38900,"Portland-Vancouver-Hillsboro, OR-WA",2417931,1165042,1140463,1809,11,145,544,15,240,27,14,26,98,75,72,110,58
"2150",38900,"Portland-Vancouver-Hillsboro, OR-WA",2417931,1165042,1140463,2285,142,233,225,15.83333333,335,79,161,19,12,64,99,108,128
"2151",38900,"Portland-Vancouver-Hillsboro, OR-WA",2417931,1165042,1140463,3191,35,133,819,12.83333333,164,2,13,22,127,0,30,55,79
"2152",38900,"Portland-Vancouver-Hillsboro, OR-WA",2417931,1165042,1140463,674,13,161,148,19.5,1608,130,123,152,663,540,547,623,438
"2153",38900,"Portland-Vancouver-Hillsboro, OR-WA",2417931,1165042,1140463,2096,54,102,552,10,325,37,30,19,140,99,128,132,65
"2154",38900,"Portland-Vancouver-Hillsboro, OR-WA",2417931,1165042,1140463,2558,65,203,631,15.16666667,480,35,21,26,376,22,114,172,194
"2155",38900,"Portland-Vancouver-Hillsboro, OR-WA",2417931,1165042,1140463,2018,60,107,572,7.166666667,94,7,1,41,45,0,16,47,31
"2156",38900,"Portland-Vancouver-Hillsboro, OR-WA",2417931,1165042,1140463,1895,0,121,611,12,257,2,13,42,196,4,82,55,120
"2157",38900,"Portland-Vancouver-Hillsboro, OR-WA",2417931,1165042,1140463,1866,0,67,505,12.16666667,175,0,7,14,140,14,50,85,40
"2158",38900,"Portland-Vancouver-Hillsboro, OR-WA",2417931,1165042,1140463,1592,13,273,437,14.83333333,45,0,19,7,18,1,17,17,11
"2159",38900,"Portland-Vancouver-Hillsboro, OR-WA",2417931,1165042,1140463,2897,7,138,719,9.166666667,394,4,103,127,159,1,83,114,197
"2160",38900,"Portland-Vancouver-Hillsboro, OR-WA",2417931,1165042,1140463,1746,0,70,383,11.5,62,0,5,7,50,0,11,10,41
"2161",38900,"Portland-Vancouver-Hillsboro, OR-WA",2417931,1165042,1140463,1826,70,275,355,15,5264,65,1388,452,3136,223,1036,1479,2749
"2162",38900,"Portland-Vancouver-Hillsboro, OR-WA",2417931,1165042,1140463,1491,94,292,277,17,285,22,33,21,128,81,64,105,116
"2163",38900,"Portland-Vancouver-Hillsboro, OR-WA",2417931,1165042,1140463,1909,33,316,451,13,37,15,7,2,13,0,10,14,13
"2164",38900,"Portland-Vancouver-Hillsboro, OR-WA",2417931,1165042,1140463,3681,48,807,755,15.33333333,850,120,31,92,562,45,132,322,396
"2165",38900,"Portland-Vancouver-Hillsboro, OR-WA",2417931,1165042,1140463,2999,17,229,707,8.5,87,0,10,38,28,11,27,19,41
"2166",38900,"Portland-Vancouver-Hillsboro, OR-WA",2417931,1165042,1140463,2946,60,328,695,16.5,5416,380,1154,1813,1783,286,671,1611,3134
"2167",38900,"Portland-Vancouver-Hillsboro, OR-WA",2417931,1165042,1140463,6048,96,553,1403,15.5,1579,55,48,445,895,136,150,421,1008
"2168",38900,"Portland-Vancouver-Hillsboro, OR-WA",2417931,1165042,1140463,1505,104,406,161,16,1145,29,333,515,268,0,194,367,584
"2169",38900,"Portland-Vancouver-Hillsboro, OR-WA",2417931,1165042,1140463,3081,191,290,443,14.5,143,0,35,22,86,0,27,87,29
"2170",38900,"Portland-Vancouver-Hillsboro, OR-WA",2417931,1165042,1140463,1644,0,76,467,8,192,1,5,82,104,0,40,43,109
"2171",38900,"Portland-Vancouver-Hillsboro, OR-WA",2417931,1165042,1140463,4921,8,210,1210,9,335,13,37,66,124,95,92,153,90
"2172",38900,"Portland-Vancouver-Hillsboro, OR-WA",2417931,1165042,1140463,4075,16,406,1074,14.33333333,226,0,19,127,42,38,52,68,106
"2173",38900,"Portland-Vancouver-Hillsboro, OR-WA",2417931,1165042,1140463,2047,61,57,573,9,363,7,33,21,282,20,92,136,135
"2174",38900,"Portland-Vancouver-Hillsboro, OR-WA",2417931,1165042,1140463,2830,0,316,628,9,157,18,11,9,38,81,74,66,17
"2175",38900,"Portland-Vancouver-Hillsboro, OR-WA",2417931,1165042,1140463,1882,35,443,423,15,442,127,25,20,99,171,235,141,66
"2176",38900,"Portland-Vancouver-Hillsboro, OR-WA",2417931,1165042,1140463,943,0,56,285,15.66666667,187,7,12,13,144,11,45,83,59
"2177",38900,"Portland-Vancouver-Hillsboro, OR-WA",2417931,1165042,1140463,1871,22,426,302,12.5,42,0,9,12,21,0,19,12,11
"2178",38900,"Portland-Vancouver-Hillsboro, OR-WA",2417931,1165042,1140463,1119,34,76,267,13.83333333,113,0,6,18,89,0,36,50,27
"2179",38900,"Portland-Vancouver-Hillsboro, OR-WA",2417931,1165042,1140463,241,0,114,57,16.83333333,7855,1452,756,2384,1957,1306,2079,2654,3122
"2180",38900,"Portland-Vancouver-Hillsboro, OR-WA",2417931,1165042,1140463,3000,11,181,460,14,6227,646,1032,2225,1998,326,993,1972,3262
"2181",38900,"Portland-Vancouver-Hillsboro, OR-WA",2417931,1165042,1140463,1131,10,97,318,16,305,0,1,104,200,0,89,131,85
"2182",38900,"Portland-Vancouver-Hillsboro, OR-WA",2417931,1165042,1140463,4879,18,405,1377,7.666666667,421,3,23,162,222,11,138,145,138
"2183",38900,"Portland-Vancouver-Hillsboro, OR-WA",2417931,1165042,1140463,3134,42,224,710,5.666666667,189,4,8,63,114,0,36,62,91
"2184",38900,"Portland-Vancouver-Hillsboro, OR-WA",2417931,1165042,1140463,5084,163,534,1268,14.66666667,2238,29,67,927,1067,148,467,957,814
"2185",38900,"Portland-Vancouver-Hillsboro, OR-WA",2417931,1165042,1140463,2752,92,502,537,15,819,111,55,86,381,186,209,275,335
"2186",38900,"Portland-Vancouver-Hillsboro, OR-WA",2417931,1165042,1140463,830,251,171,113,19.33333333,10295,691,1945,3581,2149,1929,1722,3102,5471
"2187",38900,"Portland-Vancouver-Hillsboro, OR-WA",2417931,1165042,1140463,1507,0,29,441,3.166666667,228,1,9,197,21,0,36,100,92
"2188",38900,"Portland-Vancouver-Hillsboro, OR-WA",2417931,1165042,1140463,546,0,0,177,4.833333333,348,1,0,251,96,0,47,150,151
"2189",38900,"Portland-Vancouver-Hillsboro, OR-WA",2417931,1165042,1140463,1696,15,180,441,16.33333333,88,2,8,8,43,27,31,36,21
"2190",38900,"Portland-Vancouver-Hillsboro, OR-WA",2417931,1165042,1140463,2224,174,649,250,18,647,22,55,62,190,318,209,221,217
"2191",38900,"Portland-Vancouver-Hillsboro, OR-WA",2417931,1165042,1140463,883,72,110,156,18,493,79,20,2,137,255,199,214,80
"2192",38900,"Portland-Vancouver-Hillsboro, OR-WA",2417931,1165042,1140463,1337,68,392,186,18,257,55,72,44,50,36,60,124,73
"2193",38900,"Portland-Vancouver-Hillsboro, OR-WA",2417931,1165042,1140463,902,56,124,162,18.33333333,198,42,12,16,108,20,43,86,69
"2194",38900,"Portland-Vancouver-Hillsboro, OR-WA",2417931,1165042,1140463,2266,66,233,509,17.5,768,152,161,92,152,211,208,290,270
"2195",38900,"Portland-Vancouver-Hillsboro, OR-WA",2417931,1165042,1140463,1382,0,41,451,4.333333333,92,0,0,66,26,0,19,29,44
"2196",38900,"Portland-Vancouver-Hillsboro, OR-WA",2417931,1165042,1140463,1993,0,30,613,4.666666667,107,1,0,55,51,0,26,34,47
"2197",38900,"Portland-Vancouver-Hillsboro, OR-WA",2417931,1165042,1140463,1202,12,177,270,11.83333333,11,0,9,0,2,0,4,6,1
"2198",38900,"Portland-Vancouver-Hillsboro, OR-WA",2417931,1165042,1140463,1625,37,195,417,14.66666667,175,18,36,17,63,41,63,93,19
"2199",38900,"Portland-Vancouver-Hillsboro, OR-WA",2417931,1165042,1140463,1158,116,315,177,17.66666667,2029,923,111,146,406,443,649,981,399
"2200",38900,"Portland-Vancouver-Hillsboro, OR-WA",2417931,1165042,1140463,2246,40,271,601,6.666666667,79,0,0,25,54,0,16,27,36
"2201",38900,"Portland-Vancouver-Hillsboro, OR-WA",2417931,1165042,1140463,941,32,105,222,18.33333333,1098,69,320,52,378,279,302,343,453
"2202",38900,"Portland-Vancouver-Hillsboro, OR-WA",2417931,1165042,1140463,895,4,59,231,14.16666667,49,15,8,4,18,4,18,21,10
"2203",38900,"Portland-Vancouver-Hillsboro, OR-WA",2417931,1165042,1140463,1289,0,68,281,4.5,125,0,0,86,6,33,37,44,44
"2204",38900,"Portland-Vancouver-Hillsboro, OR-WA",2417931,1165042,1140463,531,60,15,137,3.833333333,1501,16,20,1296,94,75,192,639,670
"2205",38900,"Portland-Vancouver-Hillsboro, OR-WA",2417931,1165042,1140463,1952,0,210,539,6.833333333,90,8,3,16,32,31,33,30,27
"2206",38900,"Portland-Vancouver-Hillsboro, OR-WA",2417931,1165042,1140463,1267,0,56,320,5,25,0,5,9,11,0,2,13,10
"2207",38900,"Portland-Vancouver-Hillsboro, OR-WA",2417931,1165042,1140463,2089,16,86,589,14.33333333,91,19,4,18,35,15,17,23,51
"2208",38900,"Portland-Vancouver-Hillsboro, OR-WA",2417931,1165042,1140463,1006,7,117,255,11.16666667,21,0,0,6,15,0,4,13,4
"2209",38900,"Portland-Vancouver-Hillsboro, OR-WA",2417931,1165042,1140463,1084,0,73,232,11.66666667,4841,92,36,2,4606,105,343,1098,3400
"2210",38900,"Portland-Vancouver-Hillsboro, OR-WA",2417931,1165042,1140463,1553,0,62,474,7.166666667,605,3,6,53,473,70,217,280,108
"2211",38900,"Portland-Vancouver-Hillsboro, OR-WA",2417931,1165042,1140463,1253,12,161,307,12.33333333,50,0,4,26,20,0,11,16,23
"2212",38900,"Portland-Vancouver-Hillsboro, OR-WA",2417931,1165042,1140463,736,14,150,206,10.16666667,3313,146,82,145,2742,198,413,989,1911
"2213",38900,"Portland-Vancouver-Hillsboro, OR-WA",2417931,1165042,1140463,2509,10,127,629,9.333333333,284,58,30,38,126,32,80,125,79
"2214",38900,"Portland-Vancouver-Hillsboro, OR-WA",2417931,1165042,1140463,1661,0,112,449,8.833333333,1193,36,98,485,366,208,291,365,537
"2215",38900,"Portland-Vancouver-Hillsboro, OR-WA",2417931,1165042,1140463,1640,56,312,339,14.33333333,235,4,28,16,134,53,64,108,63
"2216",38900,"Portland-Vancouver-Hillsboro, OR-WA",2417931,1165042,1140463,1422,0,33,496,7.333333333,55,0,14,15,26,0,14,12,29
"2217",38900,"Portland-Vancouver-Hillsboro, OR-WA",2417931,1165042,1140463,2702,15,262,779,13.5,1079,65,77,83,823,31,181,325,573
"2218",38900,"Portland-Vancouver-Hillsboro, OR-WA",2417931,1165042,1140463,1735,10,49,556,6.166666667,47,0,5,22,20,0,10,19,18
"2219",38900,"Portland-Vancouver-Hillsboro, OR-WA",2417931,1165042,1140463,1527,71,173,337,17.5,918,65,127,58,588,80,268,293,357
"2220",38900,"Portland-Vancouver-Hillsboro, OR-WA",2417931,1165042,1140463,1071,0,54,305,6,322,7,8,180,94,33,84,131,107
"2221",38900,"Portland-Vancouver-Hillsboro, OR-WA",2417931,1165042,1140463,2641,20,63,681,6.833333333,71,0,2,36,27,6,22,18,31
"2222",38900,"Portland-Vancouver-Hillsboro, OR-WA",2417931,1165042,1140463,2063,67,180,462,7.5,90,0,0,47,43,0,17,26,47
"2223",38900,"Portland-Vancouver-Hillsboro, OR-WA",2417931,1165042,1140463,1522,61,238,328,9.166666667,229,44,18,34,70,63,83,98,48
"2224",38900,"Portland-Vancouver-Hillsboro, OR-WA",2417931,1165042,1140463,2950,0,145,734,10.83333333,502,158,0,13,158,173,175,236,91
"2225",38900,"Portland-Vancouver-Hillsboro, OR-WA",2417931,1165042,1140463,975,10,35,269,5.333333333,60,15,18,17,10,0,11,24,25
"2226",38900,"Portland-Vancouver-Hillsboro, OR-WA",2417931,1165042,1140463,1825,6,195,448,13.33333333,2814,551,22,1794,304,143,354,893,1567
"2227",38900,"Portland-Vancouver-Hillsboro, OR-WA",2417931,1165042,1140463,2154,73,467,456,16.66666667,2794,914,201,65,1038,576,1093,1156,545
"2228",38900,"Portland-Vancouver-Hillsboro, OR-WA",2417931,1165042,1140463,2605,67,382,488,15.66666667,2267,256,462,613,720,216,465,897,905
"2229",38900,"Portland-Vancouver-Hillsboro, OR-WA",2417931,1165042,1140463,679,96,315,87,18.66666667,4494,60,2503,304,1347,280,773,922,2799
"2230",38900,"Portland-Vancouver-Hillsboro, OR-WA",2417931,1165042,1140463,2136,13,87,557,7.333333333,104,10,10,20,64,0,24,18,62
"2231",38900,"Portland-Vancouver-Hillsboro, OR-WA",2417931,1165042,1140463,845,0,56,209,11,10,0,6,4,0,0,3,3,4
"2232",38900,"Portland-Vancouver-Hillsboro, OR-WA",2417931,1165042,1140463,2263,0,177,521,12,51,0,0,11,40,0,18,24,9
"2233",38900,"Portland-Vancouver-Hillsboro, OR-WA",2417931,1165042,1140463,1043,15,129,238,14.33333333,150,7,8,2,109,24,57,78,15
"2234",38900,"Portland-Vancouver-Hillsboro, OR-WA",2417931,1165042,1140463,2185,29,377,434,17.66666667,742,254,19,21,132,316,296,308,138
"2235",38900,"Portland-Vancouver-Hillsboro, OR-WA",2417931,1165042,1140463,1956,63,457,396,17.33333333,997,293,136,7,259,302,268,454,275
"2236",38900,"Portland-Vancouver-Hillsboro, OR-WA",2417931,1165042,1140463,2247,0,120,557,14.5,162,15,8,39,53,47,50,70,42
"2237",38900,"Portland-Vancouver-Hillsboro, OR-WA",2417931,1165042,1140463,2094,0,136,578,7,28,4,1,7,16,0,5,13,10
"2238",38900,"Portland-Vancouver-Hillsboro, OR-WA",2417931,1165042,1140463,1770,308,310,355,18.16666667,1756,82,457,226,876,115,498,707,551
"2239",38900,"Portland-Vancouver-Hillsboro, OR-WA",2417931,1165042,1140463,1468,26,227,74,19,1980,75,163,481,919,342,406,603,971
"2240",38900,"Portland-Vancouver-Hillsboro, OR-WA",2417931,1165042,1140463,1469,120,373,350,18.33333333,725,39,190,121,312,63,142,266,317
"2241",38900,"Portland-Vancouver-Hillsboro, OR-WA",2417931,1165042,1140463,1278,0,83,296,11.83333333,34,0,0,15,19,0,6,12,16
"2242",38900,"Portland-Vancouver-Hillsboro, OR-WA",2417931,1165042,1140463,1944,3,107,445,10,28,1,0,21,6,0,7,4,17
"2243",38900,"Portland-Vancouver-Hillsboro, OR-WA",2417931,1165042,1140463,3106,0,35,881,7.333333333,154,0,1,120,33,0,45,54,55
"2244",38900,"Portland-Vancouver-Hillsboro, OR-WA",2417931,1165042,1140463,1003,18,137,233,15.66666667,195,63,12,31,29,60,75,82,38
"2245",38900,"Portland-Vancouver-Hillsboro, OR-WA",2417931,1165042,1140463,2016,0,142,542,11.5,64,0,8,20,36,0,14,21,29
"2246",38900,"Portland-Vancouver-Hillsboro, OR-WA",2417931,1165042,1140463,3620,40,249,901,10.83333333,157,0,21,74,62,0,30,44,83
"2247",38900,"Portland-Vancouver-Hillsboro, OR-WA",2417931,1165042,1140463,1211,0,89,286,11.83333333,91,6,76,4,5,0,7,40,44
"2248",38900,"Portland-Vancouver-Hillsboro, OR-WA",2417931,1165042,1140463,1923,55,445,384,14.83333333,366,33,39,25,117,152,115,167,84
"2249",38900,"Portland-Vancouver-Hillsboro, OR-WA",2417931,1165042,1140463,1525,30,260,425,7.833333333,166,5,11,13,137,0,34,76,56
"2250",38900,"Portland-Vancouver-Hillsboro, OR-WA",2417931,1165042,1140463,2089,20,320,409,14.83333333,273,142,48,7,38,38,90,117,66
"2251",38900,"Portland-Vancouver-Hillsboro, OR-WA",2417931,1165042,1140463,1293,0,54,374,7.666666667,33,0,1,20,12,0,14,7,12
"2252",38900,"Portland-Vancouver-Hillsboro, OR-WA",2417931,1165042,1140463,1839,0,320,401,10.16666667,3870,12,4,7,3778,69,683,1280,1907
"2253",38900,"Portland-Vancouver-Hillsboro, OR-WA",2417931,1165042,1140463,2535,0,202,683,13.16666667,109,12,3,15,79,0,30,63,16
"2254",38900,"Portland-Vancouver-Hillsboro, OR-WA",2417931,1165042,1140463,2102,60,228,486,9,115,13,38,20,44,0,24,20,71
"2255",38900,"Portland-Vancouver-Hillsboro, OR-WA",2417931,1165042,1140463,1949,214,461,293,10,46,0,13,28,5,0,13,26,7
"2256",38900,"Portland-Vancouver-Hillsboro, OR-WA",2417931,1165042,1140463,2892,63,115,681,10.33333333,680,338,40,17,155,130,184,381,115
"2257",38900,"Portland-Vancouver-Hillsboro, OR-WA",2417931,1165042,1140463,1153,29,251,201,12,293,157,5,0,79,52,77,165,51
"2258",38900,"Portland-Vancouver-Hillsboro, OR-WA",2417931,1165042,1140463,2288,0,51,704,11.16666667,52,1,6,26,19,0,18,18,16
"2259",38900,"Portland-Vancouver-Hillsboro, OR-WA",2417931,1165042,1140463,2815,20,176,723,15.33333333,1255,390,40,424,209,192,300,493,462
"2260",38900,"Portland-Vancouver-Hillsboro, OR-WA",2417931,1165042,1140463,1683,53,52,499,6.666666667,401,1,55,113,232,0,38,97,266
"2261",38900,"Portland-Vancouver-Hillsboro, OR-WA",2417931,1165042,1140463,3267,32,294,886,7.333333333,212,9,55,54,86,8,46,75,91
"2262",38900,"Portland-Vancouver-Hillsboro, OR-WA",2417931,1165042,1140463,1195,70,346,175,16,136,12,2,22,100,0,23,26,87
"2263",38900,"Portland-Vancouver-Hillsboro, OR-WA",2417931,1165042,1140463,1233,5,85,318,9,79,10,8,42,4,15,37,19,23
"2264",38900,"Portland-Vancouver-Hillsboro, OR-WA",2417931,1165042,1140463,1745,68,133,461,3.666666667,226,6,1,168,20,31,75,83,68
"2265",38900,"Portland-Vancouver-Hillsboro, OR-WA",2417931,1165042,1140463,2993,0,375,806,7,333,24,73,90,86,60,113,112,108
"2266",38900,"Portland-Vancouver-Hillsboro, OR-WA",2417931,1165042,1140463,1147,6,33,261,7.166666667,179,29,20,67,27,36,68,62,49
"2267",38900,"Portland-Vancouver-Hillsboro, OR-WA",2417931,1165042,1140463,1189,34,496,91,13.16666667,499,125,279,10,38,47,74,169,256
"2268",38900,"Portland-Vancouver-Hillsboro, OR-WA",2417931,1165042,1140463,525,0,36,190,16.16666667,753,401,10,10,273,59,197,415,141
"2269",38900,"Portland-Vancouver-Hillsboro, OR-WA",2417931,1165042,1140463,1420,0,142,374,12.66666667,76,0,0,43,33,0,18,9,49
"2270",38900,"Portland-Vancouver-Hillsboro, OR-WA",2417931,1165042,1140463,1885,48,368,480,17.33333333,941,412,93,66,249,121,223,448,270
"2271",38900,"Portland-Vancouver-Hillsboro, OR-WA",2417931,1165042,1140463,393,0,55,103,12.33333333,17,1,0,2,13,1,11,3,3
"2272",38900,"Portland-Vancouver-Hillsboro, OR-WA",2417931,1165042,1140463,1299,34,140,257,16.83333333,431,30,1,175,135,90,137,209,85
"2273",38900,"Portland-Vancouver-Hillsboro, OR-WA",2417931,1165042,1140463,2078,20,162,670,5.166666667,281,0,1,246,34,0,27,71,183
"2274",38900,"Portland-Vancouver-Hillsboro, OR-WA",2417931,1165042,1140463,1263,0,72,388,4,46,5,0,33,8,0,11,11,24
"2275",38900,"Portland-Vancouver-Hillsboro, OR-WA",2417931,1165042,1140463,1310,0,0,407,5.5,96,20,2,24,43,7,40,38,18
"2276",38900,"Portland-Vancouver-Hillsboro, OR-WA",2417931,1165042,1140463,2301,13,129,542,4.5,244,0,7,170,49,18,51,83,110
"2277",38900,"Portland-Vancouver-Hillsboro, OR-WA",2417931,1165042,1140463,2856,0,100,837,5,256,21,12,152,42,29,68,72,116
"2278",38900,"Portland-Vancouver-Hillsboro, OR-WA",2417931,1165042,1140463,1186,0,0,332,4.833333333,67,0,12,11,44,0,16,38,13
"2279",38900,"Portland-Vancouver-Hillsboro, OR-WA",2417931,1165042,1140463,897,18,71,344,5.666666667,191,20,0,131,40,0,52,93,46
"2280",38900,"Portland-Vancouver-Hillsboro, OR-WA",2417931,1165042,1140463,2732,0,243,788,11.83333333,748,24,32,558,134,0,98,79,571
"2281",38900,"Portland-Vancouver-Hillsboro, OR-WA",2417931,1165042,1140463,1236,7,105,284,3.666666667,91,4,2,72,13,0,34,39,18
"2282",38900,"Portland-Vancouver-Hillsboro, OR-WA",2417931,1165042,1140463,1691,33,86,492,5.666666667,184,25,6,84,66,3,29,84,71
"2283",38900,"Portland-Vancouver-Hillsboro, OR-WA",2417931,1165042,1140463,2412,11,40,552,5,264,0,149,54,61,0,34,70,160
"2284",38900,"Portland-Vancouver-Hillsboro, OR-WA",2417931,1165042,1140463,1145,0,0,355,12,14,0,0,7,7,0,9,4,1
"2285",38900,"Portland-Vancouver-Hillsboro, OR-WA",2417931,1165042,1140463,949,0,25,228,4.666666667,576,0,0,563,13,0,61,143,372
"2286",38900,"Portland-Vancouver-Hillsboro, OR-WA",2417931,1165042,1140463,1544,43,185,336,6.833333333,157,2,15,13,110,17,24,76,57
"2287",38900,"Portland-Vancouver-Hillsboro, OR-WA",2417931,1165042,1140463,2208,0,154,688,14.5,376,116,23,84,60,93,124,146,106
"2288",38900,"Portland-Vancouver-Hillsboro, OR-WA",2417931,1165042,1140463,2458,19,163,802,5.333333333,125,0,23,52,36,14,20,27,78
"2289",38900,"Portland-Vancouver-Hillsboro, OR-WA",2417931,1165042,1140463,1259,7,72,394,9,815,140,19,326,209,121,150,205,460
"2290",38900,"Portland-Vancouver-Hillsboro, OR-WA",2417931,1165042,1140463,2252,37,94,463,5.5,148,21,2,52,50,23,38,60,50
"2291",38900,"Portland-Vancouver-Hillsboro, OR-WA",2417931,1165042,1140463,2340,26,102,668,5.666666667,390,0,32,76,282,0,102,99,189
"2292",38900,"Portland-Vancouver-Hillsboro, OR-WA",2417931,1165042,1140463,2214,26,53,585,3.666666667,405,1,1,364,39,0,93,167,145
"2293",38900,"Portland-Vancouver-Hillsboro, OR-WA",2417931,1165042,1140463,1197,31,55,416,3.333333333,46,0,0,37,9,0,7,13,26
"2294",38900,"Portland-Vancouver-Hillsboro, OR-WA",2417931,1165042,1140463,1204,7,13,353,4.5,169,1,14,62,92,0,23,25,121
"2295",38900,"Portland-Vancouver-Hillsboro, OR-WA",2417931,1165042,1140463,1040,11,84,265,9,1086,37,6,1010,33,0,79,367,640
"2296",38900,"Portland-Vancouver-Hillsboro, OR-WA",2417931,1165042,1140463,2115,16,254,639,8.333333333,553,146,0,162,245,0,82,185,286
"2297",38900,"Portland-Vancouver-Hillsboro, OR-WA",2417931,1165042,1140463,836,21,84,198,14.16666667,213,124,11,1,54,23,82,95,36
"2298",38900,"Portland-Vancouver-Hillsboro, OR-WA",2417931,1165042,1140463,707,17,62,208,14.16666667,257,4,5,9,207,32,53,109,95
"2299",38900,"Portland-Vancouver-Hillsboro, OR-WA",2417931,1165042,1140463,1172,27,144,248,12.16666667,17,0,3,0,14,0,8,8,1
"2300",38900,"Portland-Vancouver-Hillsboro, OR-WA",2417931,1165042,1140463,1019,33,248,259,12.16666667,58,0,7,12,39,0,18,31,9
"2301",38900,"Portland-Vancouver-Hillsboro, OR-WA",2417931,1165042,1140463,872,0,73,266,7.333333333,31,0,3,3,25,0,5,17,9
"2302",38900,"Portland-Vancouver-Hillsboro, OR-WA",2417931,1165042,1140463,5009,0,222,1353,5.166666667,488,8,14,66,393,7,124,124,240
"2303",38900,"Portland-Vancouver-Hillsboro, OR-WA",2417931,1165042,1140463,2820,15,266,719,6.5,1719,30,35,1307,325,22,255,512,952
"2304",38900,"Portland-Vancouver-Hillsboro, OR-WA",2417931,1165042,1140463,1135,11,157,215,11.33333333,25,0,0,6,19,0,3,4,18
"2305",38900,"Portland-Vancouver-Hillsboro, OR-WA",2417931,1165042,1140463,1670,19,122,444,6.833333333,90,0,3,28,42,17,39,21,30
"2306",38900,"Portland-Vancouver-Hillsboro, OR-WA",2417931,1165042,1140463,2027,0,90,563,3.666666667,106,0,1,74,31,0,34,32,40
"2307",38900,"Portland-Vancouver-Hillsboro, OR-WA",2417931,1165042,1140463,3145,233,419,736,16,6238,1012,2460,542,1684,540,811,1640,3787
"2308",38900,"Portland-Vancouver-Hillsboro, OR-WA",2417931,1165042,1140463,2360,9,108,657,4.333333333,113,0,0,65,48,0,17,38,58
"2309",38900,"Portland-Vancouver-Hillsboro, OR-WA",2417931,1165042,1140463,2397,31,109,639,5.5,158,20,11,78,49,0,41,52,65
"2310",38900,"Portland-Vancouver-Hillsboro, OR-WA",2417931,1165042,1140463,2059,34,472,318,12,170,0,51,5,114,0,55,82,33
"2311",38900,"Portland-Vancouver-Hillsboro, OR-WA",2417931,1165042,1140463,1385,0,45,453,3.333333333,83,0,2,73,8,0,17,38,28
"2312",38900,"Portland-Vancouver-Hillsboro, OR-WA",2417931,1165042,1140463,1701,19,137,466,5.833333333,170,16,0,54,89,11,64,76,30
"2313",38900,"Portland-Vancouver-Hillsboro, OR-WA",2417931,1165042,1140463,1277,0,60,394,3.333333333,35,2,1,21,11,0,4,20,11
"2314",38900,"Portland-Vancouver-Hillsboro, OR-WA",2417931,1165042,1140463,974,10,56,276,13,51,0,15,20,16,0,15,25,11
"2315",38900,"Portland-Vancouver-Hillsboro, OR-WA",2417931,1165042,1140463,1869,23,23,532,7,564,6,47,85,393,33,140,147,277
"2316",38900,"Portland-Vancouver-Hillsboro, OR-WA",2417931,1165042,1140463,1025,10,8,328,2.833333333,51,0,9,41,1,0,13,13,25
"2317",38900,"Portland-Vancouver-Hillsboro, OR-WA",2417931,1165042,1140463,1074,0,31,334,4,40,3,1,18,18,0,10,11,19
"2318",38900,"Portland-Vancouver-Hillsboro, OR-WA",2417931,1165042,1140463,1466,9,50,468,4.333333333,108,0,1,65,42,0,24,17,67
"2319",38900,"Portland-Vancouver-Hillsboro, OR-WA",2417931,1165042,1140463,1577,10,73,552,5.333333333,67,8,1,27,15,16,25,20,22
"2320",38900,"Portland-Vancouver-Hillsboro, OR-WA",2417931,1165042,1140463,1167,0,0,349,3.833333333,87,1,0,75,11,0,18,24,45
"2321",38900,"Portland-Vancouver-Hillsboro, OR-WA",2417931,1165042,1140463,806,0,139,195,4.5,4912,3,1924,2840,135,10,233,693,3986
"2322",38900,"Portland-Vancouver-Hillsboro, OR-WA",2417931,1165042,1140463,1744,7,105,562,4.833333333,340,17,0,44,32,247,59,146,135
"2323",38900,"Portland-Vancouver-Hillsboro, OR-WA",2417931,1165042,1140463,2832,32,108,801,6,231,8,14,104,84,21,58,88,85
"2324",38900,"Portland-Vancouver-Hillsboro, OR-WA",2417931,1165042,1140463,784,0,42,257,4.5,28,2,0,18,8,0,3,9,16
"2325",38900,"Portland-Vancouver-Hillsboro, OR-WA",2417931,1165042,1140463,1468,0,28,450,7.5,75,10,17,24,24,0,15,21,39
"2326",38900,"Portland-Vancouver-Hillsboro, OR-WA",2417931,1165042,1140463,1813,46,591,459,8.333333333,4803,189,800,2875,384,555,599,1294,2910
"2327",38900,"Portland-Vancouver-Hillsboro, OR-WA",2417931,1165042,1140463,1747,7,133,534,13.83333333,673,9,22,101,478,63,255,296,122
"2328",38900,"Portland-Vancouver-Hillsboro, OR-WA",2417931,1165042,1140463,803,6,108,262,3.666666667,90,0,0,29,4,57,35,40,15
"2329",38900,"Portland-Vancouver-Hillsboro, OR-WA",2417931,1165042,1140463,1420,20,154,433,3.333333333,104,1,5,75,23,0,49,33,22
"2330",38900,"Portland-Vancouver-Hillsboro, OR-WA",2417931,1165042,1140463,1944,50,164,418,11,160,24,3,108,4,21,23,38,99
"2331",38900,"Portland-Vancouver-Hillsboro, OR-WA",2417931,1165042,1140463,143,0,11,29,3.833333333,29,0,0,27,2,0,1,1,27
"2332",38900,"Portland-Vancouver-Hillsboro, OR-WA",2417931,1165042,1140463,736,23,99,172,3,59,0,1,2,8,48,19,29,11
"2333",38900,"Portland-Vancouver-Hillsboro, OR-WA",2417931,1165042,1140463,916,50,102,268,7.333333333,358,9,152,69,62,66,96,100,162
"2334",38900,"Portland-Vancouver-Hillsboro, OR-WA",2417931,1165042,1140463,1571,0,131,552,4.166666667,150,0,93,15,41,1,45,52,53
"2335",38900,"Portland-Vancouver-Hillsboro, OR-WA",2417931,1165042,1140463,1375,13,55,442,4.166666667,222,11,10,180,21,0,34,102,86
"2336",38900,"Portland-Vancouver-Hillsboro, OR-WA",2417931,1165042,1140463,1751,35,202,481,5.333333333,138,17,4,42,53,22,46,39,53
"2337",38900,"Portland-Vancouver-Hillsboro, OR-WA",2417931,1165042,1140463,961,63,154,188,14.66666667,761,65,47,38,258,353,319,339,103
"2338",38900,"Portland-Vancouver-Hillsboro, OR-WA",2417931,1165042,1140463,1093,0,21,347,5.166666667,28,12,0,9,7,0,8,11,9
"2339",38900,"Portland-Vancouver-Hillsboro, OR-WA",2417931,1165042,1140463,1119,14,164,315,10.16666667,4,0,0,2,2,0,2,0,2
"2340",38900,"Portland-Vancouver-Hillsboro, OR-WA",2417931,1165042,1140463,676,0,14,233,8,203,34,26,78,65,0,45,78,80
"2341",38900,"Portland-Vancouver-Hillsboro, OR-WA",2417931,1165042,1140463,985,29,63,269,12.66666667,38,0,0,25,13,0,9,17,12
"2342",38900,"Portland-Vancouver-Hillsboro, OR-WA",2417931,1165042,1140463,2301,0,124,595,5.833333333,88,0,2,16,66,4,34,16,38
"2343",38900,"Portland-Vancouver-Hillsboro, OR-WA",2417931,1165042,1140463,2199,0,114,606,5.166666667,146,18,8,87,22,11,38,48,60
"2344",38900,"Portland-Vancouver-Hillsboro, OR-WA",2417931,1165042,1140463,1302,6,120,408,6.833333333,923,18,3,98,804,0,197,211,515
"2345",38900,"Portland-Vancouver-Hillsboro, OR-WA",2417931,1165042,1140463,824,15,34,234,11.83333333,13,0,0,4,9,0,4,5,4
"2346",38900,"Portland-Vancouver-Hillsboro, OR-WA",2417931,1165042,1140463,1058,2,43,370,3.166666667,71,0,0,57,14,0,13,32,26
"2347",38900,"Portland-Vancouver-Hillsboro, OR-WA",2417931,1165042,1140463,953,35,70,304,5,87,0,2,31,17,37,13,28,46
"2348",38900,"Portland-Vancouver-Hillsboro, OR-WA",2417931,1165042,1140463,1413,53,125,397,4,264,1,14,214,35,0,99,61,104
"2349",38900,"Portland-Vancouver-Hillsboro, OR-WA",2417931,1165042,1140463,910,0,21,220,5.333333333,236,7,1,110,118,0,105,56,75
"2350",38900,"Portland-Vancouver-Hillsboro, OR-WA",2417931,1165042,1140463,1825,16,280,522,15.16666667,623,95,21,85,196,226,186,318,119
"2351",38900,"Portland-Vancouver-Hillsboro, OR-WA",2417931,1165042,1140463,2308,32,336,631,10,183,0,9,92,80,2,47,38,98
"2352",38900,"Portland-Vancouver-Hillsboro, OR-WA",2417931,1165042,1140463,2565,22,273,601,12,1140,93,31,816,117,83,150,402,588
"2353",38900,"Portland-Vancouver-Hillsboro, OR-WA",2417931,1165042,1140463,1590,37,63,399,3.833333333,38,0,10,3,22,3,11,8,19
"2354",38900,"Portland-Vancouver-Hillsboro, OR-WA",2417931,1165042,1140463,727,0,86,195,6.166666667,324,0,0,245,72,7,25,109,190
"2355",38900,"Portland-Vancouver-Hillsboro, OR-WA",2417931,1165042,1140463,2081,150,249,498,17,2706,458,392,27,1535,294,663,990,1053
"2356",38900,"Portland-Vancouver-Hillsboro, OR-WA",2417931,1165042,1140463,1818,45,192,401,12.5,146,4,10,63,69,0,35,49,62
"2357",38900,"Portland-Vancouver-Hillsboro, OR-WA",2417931,1165042,1140463,1879,35,188,476,7.5,60,19,1,15,25,0,6,27,27
"2358",38900,"Portland-Vancouver-Hillsboro, OR-WA",2417931,1165042,1140463,1996,45,443,486,7,201,0,22,18,125,36,44,67,90
"2359",38900,"Portland-Vancouver-Hillsboro, OR-WA",2417931,1165042,1140463,911,0,76,266,5.333333333,80,10,2,61,6,1,10,21,49
"2360",38900,"Portland-Vancouver-Hillsboro, OR-WA",2417931,1165042,1140463,2282,81,316,462,17,1548,330,110,663,249,196,303,600,645
"2361",38900,"Portland-Vancouver-Hillsboro, OR-WA",2417931,1165042,1140463,1497,6,146,412,12.16666667,280,2,13,15,169,81,88,120,72
"2362",38900,"Portland-Vancouver-Hillsboro, OR-WA",2417931,1165042,1140463,2562,86,333,616,13,190,90,10,17,40,33,33,82,75
"2363",38900,"Portland-Vancouver-Hillsboro, OR-WA",2417931,1165042,1140463,1498,0,89,399,11.83333333,25,1,0,7,17,0,5,9,11
"2364",38900,"Portland-Vancouver-Hillsboro, OR-WA",2417931,1165042,1140463,1786,19,179,530,8.833333333,127,7,45,24,51,0,16,35,76
"2365",38900,"Portland-Vancouver-Hillsboro, OR-WA",2417931,1165042,1140463,2191,10,275,561,14.83333333,504,314,0,15,94,81,111,211,182
"2366",38900,"Portland-Vancouver-Hillsboro, OR-WA",2417931,1165042,1140463,1429,9,153,351,7,115,0,4,93,18,0,23,13,79
"2367",38900,"Portland-Vancouver-Hillsboro, OR-WA",2417931,1165042,1140463,1275,0,83,380,12.83333333,51,5,5,17,24,0,7,15,29
"2368",38900,"Portland-Vancouver-Hillsboro, OR-WA",2417931,1165042,1140463,728,243,273,69,14.16666667,220,4,5,0,164,47,42,64,114
"2369",38900,"Portland-Vancouver-Hillsboro, OR-WA",2417931,1165042,1140463,843,0,66,321,7.166666667,102,5,43,35,19,0,26,39,37
"2370",38900,"Portland-Vancouver-Hillsboro, OR-WA",2417931,1165042,1140463,2001,76,439,388,15.5,1120,236,55,341,299,189,377,433,310
"2371",38900,"Portland-Vancouver-Hillsboro, OR-WA",2417931,1165042,1140463,2603,23,228,677,8.5,1017,116,30,672,135,64,229,428,360
"2372",38900,"Portland-Vancouver-Hillsboro, OR-WA",2417931,1165042,1140463,2013,6,260,419,9.666666667,1410,25,7,1246,68,64,88,346,976
"2373",38900,"Portland-Vancouver-Hillsboro, OR-WA",2417931,1165042,1140463,1238,14,30,296,3.833333333,143,0,0,126,15,2,33,51,59
"2374",38900,"Portland-Vancouver-Hillsboro, OR-WA",2417931,1165042,1140463,2464,14,169,638,8.666666667,661,258,15,204,72,112,158,312,191
"2375",38900,"Portland-Vancouver-Hillsboro, OR-WA",2417931,1165042,1140463,1667,4,129,447,6.833333333,62,0,0,2,60,0,4,23,35
"2376",38900,"Portland-Vancouver-Hillsboro, OR-WA",2417931,1165042,1140463,1597,0,134,385,11,44,4,0,37,3,0,16,2,26
"2377",38900,"Portland-Vancouver-Hillsboro, OR-WA",2417931,1165042,1140463,3125,81,568,712,14.83333333,275,81,8,35,123,28,66,143,66
"2378",38900,"Portland-Vancouver-Hillsboro, OR-WA",2417931,1165042,1140463,1353,69,201,320,15.66666667,1801,19,40,224,1218,300,586,770,445
"2379",38900,"Portland-Vancouver-Hillsboro, OR-WA",2417931,1165042,1140463,3390,0,142,933,5.5,1514,4,3,1172,335,0,52,185,1277
"2380",38900,"Portland-Vancouver-Hillsboro, OR-WA",2417931,1165042,1140463,2571,6,61,742,7.5,47,0,3,21,23,0,18,6,23
"2381",38900,"Portland-Vancouver-Hillsboro, OR-WA",2417931,1165042,1140463,4631,108,391,1203,9.833333333,485,1,5,311,155,13,78,163,244
"2382",38900,"Portland-Vancouver-Hillsboro, OR-WA",2417931,1165042,1140463,634,12,67,199,7.833333333,208,0,4,20,184,0,36,65,107
"2383",38900,"Portland-Vancouver-Hillsboro, OR-WA",2417931,1165042,1140463,1004,27,90,203,10.66666667,13,0,0,8,5,0,1,4,8
"2384",38900,"Portland-Vancouver-Hillsboro, OR-WA",2417931,1165042,1140463,1922,17,327,391,15.83333333,2274,10,595,249,1099,321,457,781,1036
"2385",38900,"Portland-Vancouver-Hillsboro, OR-WA",2417931,1165042,1140463,538,8,49,150,9.333333333,1164,137,630,68,316,13,141,582,441
"2386",38900,"Portland-Vancouver-Hillsboro, OR-WA",2417931,1165042,1140463,2685,0,205,656,10,432,71,5,30,89,237,155,214,63
"2387",38900,"Portland-Vancouver-Hillsboro, OR-WA",2417931,1165042,1140463,2467,0,124,595,6.833333333,90,14,0,46,29,1,26,40,24
"2388",38900,"Portland-Vancouver-Hillsboro, OR-WA",2417931,1165042,1140463,1473,0,104,500,14.16666667,308,70,38,85,96,19,73,133,102
"2389",38900,"Portland-Vancouver-Hillsboro, OR-WA",2417931,1165042,1140463,974,0,120,262,16,86,25,2,8,25,26,32,28,26
"2390",38900,"Portland-Vancouver-Hillsboro, OR-WA",2417931,1165042,1140463,1309,0,120,331,14.83333333,1020,367,86,332,62,173,212,326,482
"2391",38900,"Portland-Vancouver-Hillsboro, OR-WA",2417931,1165042,1140463,2341,15,132,571,7.666666667,41,0,0,10,31,0,13,12,16
"2392",38900,"Portland-Vancouver-Hillsboro, OR-WA",2417931,1165042,1140463,1136,0,53,295,14.66666667,123,42,12,23,30,16,29,49,45
"2393",38900,"Portland-Vancouver-Hillsboro, OR-WA",2417931,1165042,1140463,2116,19,205,566,14.33333333,230,14,23,77,108,8,65,74,91
"2394",38900,"Portland-Vancouver-Hillsboro, OR-WA",2417931,1165042,1140463,2311,24,281,443,16,892,477,48,33,190,144,218,475,199
"2395",38900,"Portland-Vancouver-Hillsboro, OR-WA",2417931,1165042,1140463,1479,14,111,434,14.66666667,387,44,9,140,183,11,54,113,220
"2396",38900,"Portland-Vancouver-Hillsboro, OR-WA",2417931,1165042,1140463,1740,23,216,445,12.33333333,457,313,14,34,40,56,131,234,92
"2397",38900,"Portland-Vancouver-Hillsboro, OR-WA",2417931,1165042,1140463,1089,12,24,331,12,58,0,2,34,21,1,16,9,33
"2398",38900,"Portland-Vancouver-Hillsboro, OR-WA",2417931,1165042,1140463,2005,0,281,449,14.83333333,297,30,7,40,77,143,134,121,42
"2399",38900,"Portland-Vancouver-Hillsboro, OR-WA",2417931,1165042,1140463,1677,24,153,492,9.666666667,427,30,13,4,37,343,191,190,46
"2400",38900,"Portland-Vancouver-Hillsboro, OR-WA",2417931,1165042,1140463,1103,0,157,323,14.66666667,55,0,34,7,14,0,16,3,36
"2401",38900,"Portland-Vancouver-Hillsboro, OR-WA",2417931,1165042,1140463,2647,11,208,728,12.5,121,5,5,72,39,0,21,48,52
"2402",38900,"Portland-Vancouver-Hillsboro, OR-WA",2417931,1165042,1140463,733,0,175,174,11.83333333,1295,5,0,2,1262,26,308,393,594
"2403",38900,"Portland-Vancouver-Hillsboro, OR-WA",2417931,1165042,1140463,1044,0,146,210,9.833333333,527,136,13,183,160,35,73,193,261
"2404",38900,"Portland-Vancouver-Hillsboro, OR-WA",2417931,1165042,1140463,2619,62,285,714,6.166666667,352,10,3,234,76,29,77,121,154
"2405",38900,"Portland-Vancouver-Hillsboro, OR-WA",2417931,1165042,1140463,1563,10,42,404,11.5,105,7,2,12,80,4,41,43,21
"2406",38900,"Portland-Vancouver-Hillsboro, OR-WA",2417931,1165042,1140463,1029,0,109,280,14.5,448,166,18,31,71,162,165,188,95
"2407",38900,"Portland-Vancouver-Hillsboro, OR-WA",2417931,1165042,1140463,1185,55,78,246,16.5,558,114,126,204,52,62,91,161,306
"2408",38900,"Portland-Vancouver-Hillsboro, OR-WA",2417931,1165042,1140463,371,12,8,133,13.83333333,1933,260,55,843,744,31,225,793,915
"2409",38900,"Portland-Vancouver-Hillsboro, OR-WA",2417931,1165042,1140463,1123,120,192,180,14.16666667,127,13,8,47,27,32,32,49,46
"2410",38900,"Portland-Vancouver-Hillsboro, OR-WA",2417931,1165042,1140463,2061,56,369,390,14.5,65,9,2,9,31,14,13,36,16
"2411",38900,"Portland-Vancouver-Hillsboro, OR-WA",2417931,1165042,1140463,1179,0,139,256,12.83333333,224,62,40,81,41,0,46,80,98
"2412",38900,"Portland-Vancouver-Hillsboro, OR-WA",2417931,1165042,1140463,1827,107,454,260,18.33333333,586,106,59,103,261,57,248,229,109
"2413",38900,"Portland-Vancouver-Hillsboro, OR-WA",2417931,1165042,1140463,2108,0,171,633,13.16666667,47,8,0,13,26,0,9,16,22
"2414",38900,"Portland-Vancouver-Hillsboro, OR-WA",2417931,1165042,1140463,2631,0,53,838,7.166666667,135,1,18,44,72,0,19,29,87
"2415",38900,"Portland-Vancouver-Hillsboro, OR-WA",2417931,1165042,1140463,3176,0,113,948,8,204,0,11,52,65,76,71,67,66
"2416",38900,"Portland-Vancouver-Hillsboro, OR-WA",2417931,1165042,1140463,1731,137,277,343,17.66666667,413,47,6,36,136,188,167,170,76
"2417",38900,"Portland-Vancouver-Hillsboro, OR-WA",2417931,1165042,1140463,1298,0,279,356,14.66666667,133,10,1,3,96,23,41,54,38
"2418",38900,"Portland-Vancouver-Hillsboro, OR-WA",2417931,1165042,1140463,1750,28,212,326,12,132,0,1,129,2,0,10,91,31
"2419",38900,"Portland-Vancouver-Hillsboro, OR-WA",2417931,1165042,1140463,899,31,211,160,14.16666667,70,0,2,32,36,0,22,33,15
"2420",38900,"Portland-Vancouver-Hillsboro, OR-WA",2417931,1165042,1140463,1108,170,163,209,17,962,106,95,48,700,13,178,397,387
"2421",38900,"Portland-Vancouver-Hillsboro, OR-WA",2417931,1165042,1140463,937,10,165,244,15.33333333,287,0,11,10,247,19,72,130,85
"2422",38900,"Portland-Vancouver-Hillsboro, OR-WA",2417931,1165042,1140463,768,4,91,196,13.16666667,15,0,0,3,12,0,7,6,2
"2423",38900,"Portland-Vancouver-Hillsboro, OR-WA",2417931,1165042,1140463,1193,11,108,375,10.16666667,34,1,4,18,11,0,3,8,23
"2424",38900,"Portland-Vancouver-Hillsboro, OR-WA",2417931,1165042,1140463,1311,0,42,451,13.66666667,42,0,11,17,14,0,5,17,20
"2425",38900,"Portland-Vancouver-Hillsboro, OR-WA",2417931,1165042,1140463,3175,0,124,797,11.16666667,92,1,0,14,77,0,22,15,55
"2426",38900,"Portland-Vancouver-Hillsboro, OR-WA",2417931,1165042,1140463,1212,15,144,277,11,35,0,4,25,6,0,15,4,16
"2427",38900,"Portland-Vancouver-Hillsboro, OR-WA",2417931,1165042,1140463,2139,85,258,511,15.16666667,1506,278,65,296,360,507,430,659,417
"2428",38900,"Portland-Vancouver-Hillsboro, OR-WA",2417931,1165042,1140463,1059,16,148,251,15.5,20,2,5,5,8,0,3,5,12
"2429",38900,"Portland-Vancouver-Hillsboro, OR-WA",2417931,1165042,1140463,998,22,128,247,15.66666667,98,0,3,31,57,7,38,31,29
"2430",38900,"Portland-Vancouver-Hillsboro, OR-WA",2417931,1165042,1140463,2047,89,254,522,15.5,99,4,5,60,11,19,32,26,41
"2431",38900,"Portland-Vancouver-Hillsboro, OR-WA",2417931,1165042,1140463,1200,71,223,262,15.66666667,486,10,4,406,41,25,65,129,292
"2432",38900,"Portland-Vancouver-Hillsboro, OR-WA",2417931,1165042,1140463,1866,15,385,430,10.33333333,675,128,39,151,255,102,170,249,256
"2433",38900,"Portland-Vancouver-Hillsboro, OR-WA",2417931,1165042,1140463,1047,16,139,271,12.66666667,151,20,14,62,30,25,31,74,46
"2434",38900,"Portland-Vancouver-Hillsboro, OR-WA",2417931,1165042,1140463,872,0,79,241,13.33333333,15,1,0,12,2,0,1,3,11
"2435",38900,"Portland-Vancouver-Hillsboro, OR-WA",2417931,1165042,1140463,584,0,37,214,6,22,0,0,18,4,0,2,9,11
"2436",38900,"Portland-Vancouver-Hillsboro, OR-WA",2417931,1165042,1140463,798,216,288,29,17.33333333,1032,88,322,135,224,263,155,336,541
"2437",38900,"Portland-Vancouver-Hillsboro, OR-WA",2417931,1165042,1140463,587,30,84,166,17.83333333,549,41,42,89,324,53,130,211,208
"2438",38900,"Portland-Vancouver-Hillsboro, OR-WA",2417931,1165042,1140463,1944,129,387,323,17.83333333,2443,9,133,496,1769,36,474,810,1159
"2439",38900,"Portland-Vancouver-Hillsboro, OR-WA",2417931,1165042,1140463,1665,37,211,374,13.83333333,745,129,2,383,229,2,60,290,395
"2440",38900,"Portland-Vancouver-Hillsboro, OR-WA",2417931,1165042,1140463,923,0,65,318,12.33333333,49,0,10,15,23,1,15,13,21
"2441",38900,"Portland-Vancouver-Hillsboro, OR-WA",2417931,1165042,1140463,1781,0,225,431,16.16666667,1272,86,81,106,717,282,313,449,510
"2442",38900,"Portland-Vancouver-Hillsboro, OR-WA",2417931,1165042,1140463,758,0,108,232,12.66666667,12,0,0,8,4,0,4,6,2
"2443",38900,"Portland-Vancouver-Hillsboro, OR-WA",2417931,1165042,1140463,1220,0,109,375,10.16666667,120,0,1,26,4,89,71,23,26
"2444",38900,"Portland-Vancouver-Hillsboro, OR-WA",2417931,1165042,1140463,1711,64,372,226,12.66666667,356,88,224,7,26,11,116,173,67
"2445",38900,"Portland-Vancouver-Hillsboro, OR-WA",2417931,1165042,1140463,1502,34,229,370,15,309,43,0,30,232,4,84,80,145
"2446",38900,"Portland-Vancouver-Hillsboro, OR-WA",2417931,1165042,1140463,1067,10,112,333,12,30,1,0,14,15,0,6,8,16
"2447",38900,"Portland-Vancouver-Hillsboro, OR-WA",2417931,1165042,1140463,1864,15,262,459,13.83333333,181,29,79,5,55,13,44,42,95
"2448",38900,"Portland-Vancouver-Hillsboro, OR-WA",2417931,1165042,1140463,1870,0,30,548,7.666666667,42,0,1,21,20,0,18,8,16
"2449",38900,"Portland-Vancouver-Hillsboro, OR-WA",2417931,1165042,1140463,1348,11,46,391,11.83333333,62,0,5,16,41,0,28,12,22
"2450",38900,"Portland-Vancouver-Hillsboro, OR-WA",2417931,1165042,1140463,2245,35,235,427,16.66666667,291,6,19,55,156,55,73,100,118
"2451",38900,"Portland-Vancouver-Hillsboro, OR-WA",2417931,1165042,1140463,1251,20,200,346,11.5,32,0,0,14,18,0,6,12,14
"2452",38900,"Portland-Vancouver-Hillsboro, OR-WA",2417931,1165042,1140463,1645,0,195,390,16.66666667,390,161,98,80,51,0,101,139,150
"2453",38900,"Portland-Vancouver-Hillsboro, OR-WA",2417931,1165042,1140463,1289,10,131,322,10.5,239,122,1,93,22,1,49,95,95
"2454",38900,"Portland-Vancouver-Hillsboro, OR-WA",2417931,1165042,1140463,1526,6,148,383,7,60,2,6,18,34,0,8,7,45
"2455",38900,"Portland-Vancouver-Hillsboro, OR-WA",2417931,1165042,1140463,2385,9,115,622,7.833333333,125,0,10,22,54,39,39,30,56
"2456",38900,"Portland-Vancouver-Hillsboro, OR-WA",2417931,1165042,1140463,2501,23,137,655,6.833333333,110,1,0,18,48,43,20,69,21
"2457",38900,"Portland-Vancouver-Hillsboro, OR-WA",2417931,1165042,1140463,1037,5,92,314,6.666666667,359,78,0,12,35,234,83,116,160
"2458",38900,"Portland-Vancouver-Hillsboro, OR-WA",2417931,1165042,1140463,3078,32,272,900,12.33333333,3772,17,1878,1277,490,110,204,617,2951
"2459",38900,"Portland-Vancouver-Hillsboro, OR-WA",2417931,1165042,1140463,1183,9,68,302,3.833333333,2510,136,7,83,2266,18,467,807,1236
"2460",38900,"Portland-Vancouver-Hillsboro, OR-WA",2417931,1165042,1140463,1126,11,17,359,11.66666667,46,31,0,8,7,0,14,19,13
"2461",38900,"Portland-Vancouver-Hillsboro, OR-WA",2417931,1165042,1140463,1220,12,137,339,6,117,6,4,53,21,33,39,28,50
"2462",38900,"Portland-Vancouver-Hillsboro, OR-WA",2417931,1165042,1140463,2365,456,553,450,11.5,135,1,0,15,119,0,40,65,30
"2463",38900,"Portland-Vancouver-Hillsboro, OR-WA",2417931,1165042,1140463,1580,18,459,196,18.33333333,4288,995,815,412,1189,877,967,1471,1850
"2464",38900,"Portland-Vancouver-Hillsboro, OR-WA",2417931,1165042,1140463,1318,0,31,437,6.666666667,30,4,0,21,5,0,9,4,17
"2465",38900,"Portland-Vancouver-Hillsboro, OR-WA",2417931,1165042,1140463,3355,33,236,680,12.66666667,150,6,3,26,108,7,33,76,41
"2466",38900,"Portland-Vancouver-Hillsboro, OR-WA",2417931,1165042,1140463,2816,0,201,698,7.833333333,152,4,0,68,51,29,39,83,30
"2467",38900,"Portland-Vancouver-Hillsboro, OR-WA",2417931,1165042,1140463,550,0,124,125,13.5,493,419,1,22,50,1,65,327,101
"2468",38900,"Portland-Vancouver-Hillsboro, OR-WA",2417931,1165042,1140463,1200,8,42,305,6.833333333,20,0,0,12,8,0,5,8,7
"2469",38900,"Portland-Vancouver-Hillsboro, OR-WA",2417931,1165042,1140463,1442,6,124,351,16.16666667,128,21,6,1,73,27,33,68,27
"2470",38900,"Portland-Vancouver-Hillsboro, OR-WA",2417931,1165042,1140463,1282,18,237,231,12.83333333,1750,121,91,852,671,15,280,571,899
"2471",38900,"Portland-Vancouver-Hillsboro, OR-WA",2417931,1165042,1140463,1946,0,42,553,14,114,0,0,25,44,45,53,40,21
"2472",38900,"Portland-Vancouver-Hillsboro, OR-WA",2417931,1165042,1140463,1760,14,299,329,14.83333333,413,29,32,35,255,62,104,186,123
"2473",38900,"Portland-Vancouver-Hillsboro, OR-WA",2417931,1165042,1140463,1627,0,76,519,12.16666667,34,0,1,6,17,10,12,8,14
"2474",38900,"Portland-Vancouver-Hillsboro, OR-WA",2417931,1165042,1140463,2299,10,123,622,15,354,57,28,175,67,27,59,121,174
"2475",38900,"Portland-Vancouver-Hillsboro, OR-WA",2417931,1165042,1140463,1049,11,49,274,10.33333333,26,1,0,14,11,0,18,7,1
"2476",38900,"Portland-Vancouver-Hillsboro, OR-WA",2417931,1165042,1140463,1421,10,114,444,7,173,0,3,7,68,95,88,64,21
"2477",38900,"Portland-Vancouver-Hillsboro, OR-WA",2417931,1165042,1140463,2036,45,265,311,14.66666667,259,63,31,4,16,145,47,171,41
"2478",38900,"Portland-Vancouver-Hillsboro, OR-WA",2417931,1165042,1140463,1938,32,335,285,13.66666667,648,197,60,16,304,71,155,266,227
"2479",38900,"Portland-Vancouver-Hillsboro, OR-WA",2417931,1165042,1140463,1998,165,441,134,11.66666667,3612,110,29,9,3352,112,574,1182,1856
"2480",38900,"Portland-Vancouver-Hillsboro, OR-WA",2417931,1165042,1140463,737,51,100,166,17.16666667,612,297,41,33,158,83,215,283,114
"2481",38900,"Portland-Vancouver-Hillsboro, OR-WA",2417931,1165042,1140463,1071,10,142,297,7.333333333,161,0,2,31,128,0,109,28,24
"2482",38900,"Portland-Vancouver-Hillsboro, OR-WA",2417931,1165042,1140463,1351,0,114,382,7,148,1,3,49,23,72,70,34,44
"2483",38900,"Portland-Vancouver-Hillsboro, OR-WA",2417931,1165042,1140463,945,26,68,223,8.5,34,14,0,0,20,0,12,17,5
"2484",39260,"Prineville, OR",22337,5454,8806,1125,16,133,335,11.16666667,551,151,11,42,273,74,159,203,189
"2485",39260,"Prineville, OR",22337,5454,8806,555,38,135,110,19.33333333,883,141,333,96,170,143,213,356,314
"2486",39260,"Prineville, OR",22337,5454,8806,1253,16,163,266,12.83333333,34,0,1,5,28,0,22,12,0
"2487",39260,"Prineville, OR",22337,5454,8806,570,0,104,140,4.166666667,588,0,16,508,49,15,61,264,263
"2488",39260,"Prineville, OR",22337,5454,8806,1123,0,90,396,4.166666667,111,0,0,82,19,10,29,47,35
"2489",39260,"Prineville, OR",22337,5454,8806,1887,101,139,438,17.66666667,843,98,85,208,263,189,268,381,194
"2490",39260,"Prineville, OR",22337,5454,8806,3352,145,557,820,7.833333333,608,91,25,52,383,57,138,280,190
"2491",39260,"Prineville, OR",22337,5454,8806,747,0,143,227,5.666666667,603,2,58,385,158,0,59,212,332
"2492",39260,"Prineville, OR",22337,5454,8806,645,0,68,157,5.166666667,30,0,3,2,3,22,17,11,2
"2493",39260,"Prineville, OR",22337,5454,8806,573,0,59,141,2.833333333,54,2,0,44,8,0,8,33,13
"2494",39260,"Prineville, OR",22337,5454,8806,3677,19,377,1194,5,47,3,11,14,13,6,16,17,14
"2495",39260,"Prineville, OR",22337,5454,8806,1079,34,156,221,11,432,26,12,314,68,12,60,163,209
"2496",39260,"Prineville, OR",22337,5454,8806,1371,0,68,468,2.666666667,74,0,0,56,18,0,16,43,15
"2497",39260,"Prineville, OR",22337,5454,8806,1080,0,39,455,4.5,93,0,0,40,46,7,31,43,19
"2498",39260,"Prineville, OR",22337,5454,8806,2456,13,159,827,10,473,20,8,211,80,154,109,183,181
"2499",39260,"Prineville, OR",22337,5454,8806,844,0,74,298,3.166666667,30,5,2,17,6,0,9,11,10
"2500",40700,"Roseburg, OR",108323,35998,38857,1402,55,88,522,3,302,7,4,242,24,25,52,69,181
"2501",40700,"Roseburg, OR",108323,35998,38857,1387,48,261,337,14.5,369,88,58,47,66,110,114,193,62
"2502",40700,"Roseburg, OR",108323,35998,38857,1584,0,282,403,6.333333333,398,52,47,176,72,51,122,157,119
"2503",40700,"Roseburg, OR",108323,35998,38857,2132,67,173,642,2.833333333,156,11,3,85,54,3,58,64,34
"2504",40700,"Roseburg, OR",108323,35998,38857,2729,21,185,777,3.666666667,189,9,1,103,64,12,60,50,79
"2505",40700,"Roseburg, OR",108323,35998,38857,1448,94,164,342,11.16666667,398,15,16,28,281,58,111,166,121
"2506",40700,"Roseburg, OR",108323,35998,38857,656,0,72,167,2.666666667,201,4,1,14,180,2,29,120,52
"2507",40700,"Roseburg, OR",108323,35998,38857,668,9,43,247,2.333333333,118,0,2,107,5,4,17,63,38
"2508",40700,"Roseburg, OR",108323,35998,38857,1900,23,116,617,3.833333333,78,4,6,46,20,2,37,22,19
"2509",40700,"Roseburg, OR",108323,35998,38857,1021,32,182,231,2.666666667,59,0,0,9,50,0,12,19,28
"2510",40700,"Roseburg, OR",108323,35998,38857,1099,0,41,341,10.66666667,108,44,17,22,18,7,35,42,31
"2511",40700,"Roseburg, OR",108323,35998,38857,709,9,68,202,3.333333333,90,0,0,64,11,15,22,25,43
"2512",40700,"Roseburg, OR",108323,35998,38857,2488,133,271,714,15.16666667,537,100,30,81,241,85,147,207,183
"2513",40700,"Roseburg, OR",108323,35998,38857,1309,0,81,499,5.166666667,170,3,3,45,37,82,66,77,27
"2514",40700,"Roseburg, OR",108323,35998,38857,924,0,55,333,2.833333333,57,0,2,34,19,2,9,25,23
"2515",40700,"Roseburg, OR",108323,35998,38857,1929,16,298,401,5.833333333,1728,18,170,1468,35,37,66,300,1362
"2516",40700,"Roseburg, OR",108323,35998,38857,1182,0,69,427,5.5,204,12,9,118,65,0,66,82,56
"2517",40700,"Roseburg, OR",108323,35998,38857,1834,65,190,375,11.33333333,71,0,5,9,57,0,30,17,24
"2518",40700,"Roseburg, OR",108323,35998,38857,831,0,157,199,14.83333333,78,29,17,7,25,0,28,28,22
"2519",40700,"Roseburg, OR",108323,35998,38857,1516,94,190,309,12.5,1088,98,33,117,167,673,245,611,232
"2520",40700,"Roseburg, OR",108323,35998,38857,646,8,84,211,7.166666667,115,0,4,9,102,0,23,51,41
"2521",40700,"Roseburg, OR",108323,35998,38857,1194,31,213,273,10.83333333,120,14,6,14,81,5,34,51,35
"2522",40700,"Roseburg, OR",108323,35998,38857,872,9,58,242,2.5,41,3,0,37,1,0,10,11,20
"2523",40700,"Roseburg, OR",108323,35998,38857,1693,55,216,415,11.16666667,535,99,23,91,307,15,111,283,141
"2524",40700,"Roseburg, OR",108323,35998,38857,1525,35,224,302,18.33333333,1299,107,153,349,575,115,258,468,573
"2525",40700,"Roseburg, OR",108323,35998,38857,3598,103,307,855,4.833333333,40,0,2,4,34,0,16,20,4
"2526",40700,"Roseburg, OR",108323,35998,38857,854,0,92,198,13.5,123,8,10,20,85,0,32,47,44
"2527",40700,"Roseburg, OR",108323,35998,38857,566,0,48,200,3.833333333,56,0,0,0,56,0,34,12,10
"2528",40700,"Roseburg, OR",108323,35998,38857,1200,18,104,350,4.833333333,461,0,72,347,42,0,81,109,271
"2529",40700,"Roseburg, OR",108323,35998,38857,2595,87,438,599,15.83333333,303,111,25,38,126,3,75,143,85
"2530",40700,"Roseburg, OR",108323,35998,38857,1008,0,49,312,12.83333333,129,25,2,73,11,18,39,59,31
"2531",40700,"Roseburg, OR",108323,35998,38857,1370,36,106,354,3.5,911,31,0,820,23,37,81,184,646
"2532",40700,"Roseburg, OR",108323,35998,38857,1161,59,182,322,4.833333333,225,57,5,119,5,39,54,105,66
"2533",40700,"Roseburg, OR",108323,35998,38857,1274,15,97,449,2.833333333,126,0,0,93,11,22,32,52,42
"2534",40700,"Roseburg, OR",108323,35998,38857,825,7,94,247,4.333333333,122,4,1,43,72,2,27,57,38
"2535",40700,"Roseburg, OR",108323,35998,38857,1511,22,254,472,6,139,2,3,50,84,0,32,79,28
"2536",40700,"Roseburg, OR",108323,35998,38857,1070,153,105,144,15.5,1129,252,510,204,37,126,339,368,422
"2537",40700,"Roseburg, OR",108323,35998,38857,673,15,251,64,14.83333333,2020,452,71,135,1051,311,724,839,457
"2538",40700,"Roseburg, OR",108323,35998,38857,598,11,184,142,14.83333333,772,244,145,144,159,80,198,378,196
"2539",40700,"Roseburg, OR",108323,35998,38857,1001,17,105,278,6.166666667,196,0,28,47,104,17,63,74,59
"2540",40700,"Roseburg, OR",108323,35998,38857,955,8,33,325,2.833333333,45,7,0,29,9,0,15,20,10
"2541",40700,"Roseburg, OR",108323,35998,38857,1737,86,246,382,12.83333333,782,54,28,462,127,111,149,347,286
"2542",40700,"Roseburg, OR",108323,35998,38857,2630,93,284,645,10.5,313,86,1,141,55,30,82,106,125
"2543",40700,"Roseburg, OR",108323,35998,38857,1063,9,96,380,2.333333333,188,1,0,177,7,3,24,95,69
"2544",40700,"Roseburg, OR",108323,35998,38857,1348,38,158,334,5.833333333,432,17,9,275,59,72,106,184,142
"2545",40700,"Roseburg, OR",108323,35998,38857,643,0,18,290,2,51,0,1,45,5,0,12,15,24
"2546",40700,"Roseburg, OR",108323,35998,38857,1303,11,66,361,3.833333333,363,20,1,313,29,0,28,165,170
"2547",40700,"Roseburg, OR",108323,35998,38857,958,37,104,217,17.66666667,219,39,52,41,44,43,78,81,60
"2548",40700,"Roseburg, OR",108323,35998,38857,523,0,53,179,2.333333333,8,2,0,5,1,0,3,5,0
"2549",40700,"Roseburg, OR",108323,35998,38857,1100,18,204,187,15.16666667,475,12,26,313,107,17,67,136,272
"2550",40700,"Roseburg, OR",108323,35998,38857,1087,0,190,278,9.333333333,134,8,3,16,57,50,43,54,37
"2551",40700,"Roseburg, OR",108323,35998,38857,1012,0,162,271,5.833333333,243,34,12,38,153,6,66,103,74
"2552",40700,"Roseburg, OR",108323,35998,38857,2980,193,425,804,7.5,3118,532,211,189,1897,289,618,1366,1134
"2553",40700,"Roseburg, OR",108323,35998,38857,2112,0,404,523,12.33333333,1243,149,78,843,91,82,249,450,544
"2554",40700,"Roseburg, OR",108323,35998,38857,1460,19,146,435,12,158,5,10,46,86,11,54,55,49
"2555",40700,"Roseburg, OR",108323,35998,38857,949,55,75,308,17.66666667,2437,331,232,518,978,378,673,985,779
"2556",40700,"Roseburg, OR",108323,35998,38857,1112,4,145,325,12,284,5,54,86,123,16,65,131,88
"2557",40700,"Roseburg, OR",108323,35998,38857,981,0,109,309,4.166666667,316,2,0,134,167,13,72,185,59
"2558",40700,"Roseburg, OR",108323,35998,38857,1614,0,143,516,6.833333333,389,44,7,45,112,181,178,156,55
"2559",40700,"Roseburg, OR",108323,35998,38857,648,10,107,171,10.33333333,444,1,39,367,30,7,36,59,349
"2560",40700,"Roseburg, OR",108323,35998,38857,621,0,91,232,4.5,108,51,0,7,16,34,49,52,7
"2561",40700,"Roseburg, OR",108323,35998,38857,875,8,45,294,4.333333333,306,21,4,237,42,2,29,116,161
"2562",40700,"Roseburg, OR",108323,35998,38857,922,0,20,357,4.5,46,0,4,7,20,15,23,20,3
"2563",40700,"Roseburg, OR",108323,35998,38857,431,26,43,125,10.16666667,72,13,0,32,10,17,31,30,11
"2564",40700,"Roseburg, OR",108323,35998,38857,1344,17,216,270,12.33333333,327,21,2,253,21,30,42,65,220
"2565",40700,"Roseburg, OR",108323,35998,38857,2321,149,331,624,7.5,698,125,15,210,252,96,212,353,133
"2566",40700,"Roseburg, OR",108323,35998,38857,475,8,129,89,15.66666667,148,25,2,13,106,2,40,68,40
"2567",40700,"Roseburg, OR",108323,35998,38857,1003,20,49,346,17.5,186,27,61,15,70,13,44,61,81
"2568",40700,"Roseburg, OR",108323,35998,38857,1530,68,185,317,5.166666667,196,28,2,100,62,4,64,77,55
"2569",40700,"Roseburg, OR",108323,35998,38857,781,32,66,254,10.83333333,339,92,52,0,192,3,69,216,54
"2570",40700,"Roseburg, OR",108323,35998,38857,3128,58,397,862,10,142,11,3,40,61,27,35,81,26
"2571",40700,"Roseburg, OR",108323,35998,38857,1286,30,185,253,4.5,171,0,29,40,9,93,69,47,55
"2572",40700,"Roseburg, OR",108323,35998,38857,1496,15,55,483,5.5,172,6,0,60,106,0,53,85,34
"2573",40700,"Roseburg, OR",108323,35998,38857,1737,44,188,474,4.833333333,580,0,3,17,560,0,183,232,165
"2574",40700,"Roseburg, OR",108323,35998,38857,1666,131,490,180,12.83333333,251,2,145,26,72,6,41,103,107
"2575",40700,"Roseburg, OR",108323,35998,38857,764,15,127,157,17.66666667,276,10,108,42,85,31,79,146,51
"2576",40700,"Roseburg, OR",108323,35998,38857,672,119,92,83,15.33333333,1737,69,1102,76,389,101,334,656,747
"2577",40700,"Roseburg, OR",108323,35998,38857,373,90,85,64,15,187,1,7,2,177,0,56,93,38
"2578",40700,"Roseburg, OR",108323,35998,38857,980,84,304,238,12,448,19,6,5,410,8,94,328,26
"2579",40700,"Roseburg, OR",108323,35998,38857,687,114,162,104,15.16666667,463,51,34,3,294,81,146,211,106
"2580",40700,"Roseburg, OR",108323,35998,38857,921,36,256,118,13.66666667,920,13,124,7,776,0,152,410,358
"2581",40700,"Roseburg, OR",108323,35998,38857,656,12,93,213,15.16666667,830,90,2,73,520,145,335,421,74
"2582",40700,"Roseburg, OR",108323,35998,38857,1638,0,155,379,8,340,0,0,15,323,2,62,117,161
"2583",40700,"Roseburg, OR",108323,35998,38857,0,0,0,0,1,0,0,0,0,0,0,0,0,0
"2584",40700,"Roseburg, OR",108323,35998,38857,1819,22,129,472,14.33333333,152,20,1,19,112,0,41,72,39
"2585",41420,"Salem, OR",416980,173421,176302,1125,37,93,225,16.83333333,789,91,27,372,205,94,173,247,369
"2586",41420,"Salem, OR",416980,173421,176302,1475,9,98,359,4.5,90,25,7,42,9,7,23,40,27
"2587",41420,"Salem, OR",416980,173421,176302,851,4,70,248,4.166666667,58,0,0,17,34,7,15,25,18
"2588",41420,"Salem, OR",416980,173421,176302,1683,41,131,448,5.5,124,9,7,19,84,5,42,59,23
"2589",41420,"Salem, OR",416980,173421,176302,1895,28,116,577,5.333333333,1595,32,385,170,7,1001,138,676,781
"2590",41420,"Salem, OR",416980,173421,176302,2136,126,471,346,17,605,251,37,24,129,164,187,324,94
"2591",41420,"Salem, OR",416980,173421,176302,3428,27,353,607,8.333333333,734,85,4,50,467,128,293,353,88
"2592",41420,"Salem, OR",416980,173421,176302,1727,45,264,503,14.5,280,11,7,25,220,17,91,118,71
"2593",41420,"Salem, OR",416980,173421,176302,3049,10,185,637,4.166666667,1287,0,12,169,1091,15,170,387,730
"2594",41420,"Salem, OR",416980,173421,176302,2241,0,211,747,5.666666667,185,6,5,56,118,0,39,59,87
"2595",41420,"Salem, OR",416980,173421,176302,1317,26,230,271,14.5,334,4,2,7,242,79,92,153,89
"2596",41420,"Salem, OR",416980,173421,176302,1162,0,55,364,2.5,99,0,5,84,10,0,34,35,30
"2597",41420,"Salem, OR",416980,173421,176302,484,0,44,179,3.5,184,0,5,147,30,2,33,73,78
"2598",41420,"Salem, OR",416980,173421,176302,1008,0,86,304,4.166666667,429,10,0,349,49,21,112,178,139
"2599",41420,"Salem, OR",416980,173421,176302,3119,94,204,844,6.333333333,819,249,9,157,370,34,216,401,202
"2600",41420,"Salem, OR",416980,173421,176302,4758,0,401,1343,14.5,266,0,50,95,121,0,49,111,106
"2601",41420,"Salem, OR",416980,173421,176302,1946,154,360,289,13.66666667,929,250,88,2,253,336,352,419,158
"2602",41420,"Salem, OR",416980,173421,176302,3347,0,231,828,12.83333333,184,2,2,50,90,40,79,69,36
"2603",41420,"Salem, OR",416980,173421,176302,2981,54,289,797,13,282,9,3,21,249,0,83,108,91
"2604",41420,"Salem, OR",416980,173421,176302,1392,15,276,335,4.166666667,25,0,0,6,19,0,5,14,6
"2605",41420,"Salem, OR",416980,173421,176302,874,12,108,199,16.16666667,1465,155,57,466,571,216,374,690,401
"2606",41420,"Salem, OR",416980,173421,176302,1294,43,382,304,17.5,375,23,43,19,163,127,99,152,124
"2607",41420,"Salem, OR",416980,173421,176302,2254,30,216,468,15.5,697,34,28,27,535,73,250,282,165
"2608",41420,"Salem, OR",416980,173421,176302,661,45,150,110,12.33333333,1384,41,793,427,27,96,128,331,925
"2609",41420,"Salem, OR",416980,173421,176302,3829,44,377,942,13.33333333,484,72,45,80,267,20,125,198,161
"2610",41420,"Salem, OR",416980,173421,176302,1560,54,174,397,8.666666667,189,0,1,2,186,0,61,98,30
"2611",41420,"Salem, OR",416980,173421,176302,1305,0,96,410,17.66666667,306,26,69,57,108,46,109,107,90
"2612",41420,"Salem, OR",416980,173421,176302,2803,0,156,460,15,196,6,30,114,46,0,48,97,51
"2613",41420,"Salem, OR",416980,173421,176302,1939,122,270,191,16.5,17450,34,8864,155,7874,523,2043,4114,11293
"2614",41420,"Salem, OR",416980,173421,176302,2348,42,406,598,15.66666667,669,65,140,65,349,50,233,299,137
"2615",41420,"Salem, OR",416980,173421,176302,2916,85,234,457,14.33333333,3838,13,747,455,2615,8,287,863,2688
"2616",41420,"Salem, OR",416980,173421,176302,3400,25,313,821,11.33333333,102,5,16,7,74,0,37,52,13
"2617",41420,"Salem, OR",416980,173421,176302,675,0,82,123,16.5,663,189,247,39,121,67,140,229,294
"2618",41420,"Salem, OR",416980,173421,176302,2344,33,243,545,9.5,173,26,24,14,99,10,45,73,55
"2619",41420,"Salem, OR",416980,173421,176302,2286,22,181,693,8.666666667,250,11,12,35,152,40,85,104,61
"2620",41420,"Salem, OR",416980,173421,176302,1481,14,202,267,16.83333333,1028,22,296,71,552,87,220,338,470
"2621",41420,"Salem, OR",416980,173421,176302,858,9,54,188,15.5,191,0,0,169,22,0,26,93,72
"2622",41420,"Salem, OR",416980,173421,176302,688,30,182,136,16.66666667,474,26,60,20,307,61,99,135,240
"2623",41420,"Salem, OR",416980,173421,176302,1365,36,70,321,9.666666667,205,23,0,22,144,16,57,68,80
"2624",41420,"Salem, OR",416980,173421,176302,1539,122,196,305,17.83333333,1090,102,311,20,335,322,397,484,209
"2625",41420,"Salem, OR",416980,173421,176302,2887,0,365,678,8.666666667,283,37,4,49,192,1,79,85,119
"2626",41420,"Salem, OR",416980,173421,176302,440,0,43,125,3,441,0,27,396,15,3,74,247,120
"2627",41420,"Salem, OR",416980,173421,176302,590,41,19,116,15.33333333,184,0,54,0,130,0,77,72,35
"2628",41420,"Salem, OR",416980,173421,176302,1973,0,55,577,3,2578,80,32,2231,155,80,328,1040,1210
"2629",41420,"Salem, OR",416980,173421,176302,742,0,86,203,8,1060,4,25,858,164,9,125,361,574
"2630",41420,"Salem, OR",416980,173421,176302,1101,41,107,170,8.166666667,770,7,3,568,150,42,265,347,158
"2631",41420,"Salem, OR",416980,173421,176302,2973,16,94,801,12.5,417,49,28,267,46,27,102,171,144
"2632",41420,"Salem, OR",416980,173421,176302,2922,44,128,914,6.833333333,717,30,9,237,415,26,218,247,252
"2633",41420,"Salem, OR",416980,173421,176302,2558,82,174,669,10.16666667,264,6,2,89,136,31,107,102,55
"2634",41420,"Salem, OR",416980,173421,176302,1536,11,241,373,14.83333333,121,0,24,16,44,37,45,50,26
"2635",41420,"Salem, OR",416980,173421,176302,3272,41,614,686,14,241,27,34,41,42,97,130,76,35
"2636",41420,"Salem, OR",416980,173421,176302,702,0,82,168,14.33333333,105,0,0,0,105,0,38,34,33
"2637",41420,"Salem, OR",416980,173421,176302,1854,33,103,538,3.833333333,3159,246,3,2541,331,38,781,1420,958
"2638",41420,"Salem, OR",416980,173421,176302,2996,0,187,875,6.5,128,0,5,29,51,43,43,48,37
"2639",41420,"Salem, OR",416980,173421,176302,1554,83,281,228,13.33333333,11446,1095,2971,3286,3464,630,1300,4191,5955
"2640",41420,"Salem, OR",416980,173421,176302,1505,5,183,373,4.666666667,754,68,10,602,68,6,88,315,351
"2641",41420,"Salem, OR",416980,173421,176302,1219,42,118,384,5,2250,59,8,1681,463,39,230,708,1312
"2642",41420,"Salem, OR",416980,173421,176302,2026,45,277,502,14.83333333,925,512,38,44,150,181,277,516,132
"2643",41420,"Salem, OR",416980,173421,176302,611,28,200,98,18,1194,122,242,280,496,54,239,464,491
"2644",41420,"Salem, OR",416980,173421,176302,2598,34,172,700,5.166666667,642,56,26,415,97,48,145,284,213
"2645",41420,"Salem, OR",416980,173421,176302,3346,120,341,412,11.83333333,132,26,4,80,22,0,34,69,29
"2646",41420,"Salem, OR",416980,173421,176302,2195,62,419,216,12.66666667,1541,0,84,2,1389,66,420,444,677
"2647",41420,"Salem, OR",416980,173421,176302,2367,73,203,298,14.16666667,29,11,0,5,8,5,9,17,3
"2648",41420,"Salem, OR",416980,173421,176302,915,0,50,237,4.5,175,0,0,105,70,0,43,92,40
"2649",41420,"Salem, OR",416980,173421,176302,2081,127,87,509,8.5,400,98,14,9,140,139,161,171,68
"2650",41420,"Salem, OR",416980,173421,176302,1176,0,29,372,2.5,339,6,1,315,8,9,76,126,137
"2651",41420,"Salem, OR",416980,173421,176302,2696,4,232,611,3.666666667,150,0,0,139,11,0,17,59,74
"2652",41420,"Salem, OR",416980,173421,176302,1226,19,192,217,8.833333333,293,28,63,118,65,19,87,104,102
"2653",41420,"Salem, OR",416980,173421,176302,2669,33,137,686,5,737,3,1,431,94,208,200,321,216
"2654",41420,"Salem, OR",416980,173421,176302,1500,0,32,364,14.33333333,140,0,11,40,89,0,37,66,37
"2655",41420,"Salem, OR",416980,173421,176302,301,0,61,72,4.666666667,224,24,11,9,20,160,103,113,8
"2656",41420,"Salem, OR",416980,173421,176302,891,0,74,292,4.166666667,198,4,0,153,20,21,75,72,51
"2657",41420,"Salem, OR",416980,173421,176302,1788,0,89,558,5,410,0,4,67,339,0,107,148,155
"2658",41420,"Salem, OR",416980,173421,176302,1667,0,33,320,11,391,77,30,188,63,33,113,196,82
"2659",41420,"Salem, OR",416980,173421,176302,1235,0,112,410,6.5,91,2,4,38,28,19,25,37,29
"2660",41420,"Salem, OR",416980,173421,176302,1084,26,20,282,2.833333333,651,20,1,601,29,0,127,301,223
"2661",41420,"Salem, OR",416980,173421,176302,2590,10,267,558,5.333333333,653,14,17,328,285,9,116,233,304
"2662",41420,"Salem, OR",416980,173421,176302,1199,0,104,238,4.166666667,271,0,7,190,17,57,64,89,118
"2663",41420,"Salem, OR",416980,173421,176302,1284,3,139,439,6,174,32,14,40,29,59,58,65,51
"2664",41420,"Salem, OR",416980,173421,176302,642,20,87,199,4.5,64,0,15,27,9,13,12,24,28
"2665",41420,"Salem, OR",416980,173421,176302,623,0,84,136,4,64,0,0,44,20,0,16,27,21
"2666",41420,"Salem, OR",416980,173421,176302,1340,35,179,245,17.33333333,2183,32,1224,0,820,107,155,526,1502
"2667",41420,"Salem, OR",416980,173421,176302,432,10,169,81,15.83333333,77,3,19,23,11,21,16,43,18
"2668",41420,"Salem, OR",416980,173421,176302,789,34,231,88,15.83333333,716,2,356,10,341,7,75,148,493
"2669",41420,"Salem, OR",416980,173421,176302,1244,81,93,196,15.5,2802,200,314,1502,589,197,442,832,1528
"2670",41420,"Salem, OR",416980,173421,176302,2373,0,209,530,11.16666667,187,0,0,3,184,0,38,61,88
"2671",41420,"Salem, OR",416980,173421,176302,1469,67,158,377,7,63,1,1,7,54,0,35,23,5
"2672",41420,"Salem, OR",416980,173421,176302,1457,0,230,339,11.83333333,92,0,3,82,7,0,73,18,1
"2673",41420,"Salem, OR",416980,173421,176302,1827,17,176,323,16,153,37,5,13,47,51,59,70,24
"2674",41420,"Salem, OR",416980,173421,176302,1133,53,81,229,11.5,38,0,0,2,36,0,11,26,1
"2675",41420,"Salem, OR",416980,173421,176302,1453,0,27,341,13.33333333,28,0,0,12,16,0,13,10,5
"2676",41420,"Salem, OR",416980,173421,176302,2668,12,173,522,14.33333333,729,401,0,55,138,135,259,283,187
"2677",41420,"Salem, OR",416980,173421,176302,1275,0,51,398,10.33333333,362,30,1,235,50,46,82,127,153
"2678",41420,"Salem, OR",416980,173421,176302,916,42,245,96,18.33333333,8163,1099,3191,632,2323,918,2082,2274,3807
"2679",41420,"Salem, OR",416980,173421,176302,991,0,170,183,16.66666667,193,6,14,10,143,20,80,72,41
"2680",41420,"Salem, OR",416980,173421,176302,1599,0,269,325,14,3713,297,692,1331,1315,78,701,1348,1664
"2681",41420,"Salem, OR",416980,173421,176302,2959,211,253,404,16,1771,901,94,88,391,297,536,883,352
"2682",41420,"Salem, OR",416980,173421,176302,1484,53,313,162,16.5,1749,207,340,30,926,246,384,564,801
"2683",41420,"Salem, OR",416980,173421,176302,1905,37,144,539,14.83333333,122,0,1,54,63,4,45,60,17
"2684",41420,"Salem, OR",416980,173421,176302,1809,20,229,477,14.66666667,179,17,2,5,120,35,40,82,57
"2685",41420,"Salem, OR",416980,173421,176302,2024,149,285,288,17,741,161,21,25,431,103,207,349,185
"2686",41420,"Salem, OR",416980,173421,176302,1913,0,101,519,12.16666667,137,0,1,54,82,0,22,49,66
"2687",41420,"Salem, OR",416980,173421,176302,2122,45,346,495,15.33333333,524,29,39,3,221,232,200,212,112
"2688",41420,"Salem, OR",416980,173421,176302,1679,16,260,466,15.5,1424,37,98,39,1166,84,335,568,521
"2689",41420,"Salem, OR",416980,173421,176302,1237,93,342,163,17.16666667,1203,30,80,622,403,68,242,639,322
"2690",41420,"Salem, OR",416980,173421,176302,1342,85,264,250,16.5,386,11,38,13,315,9,92,161,133
"2691",41420,"Salem, OR",416980,173421,176302,2102,66,398,458,16.66666667,648,209,59,65,275,40,92,274,282
"2692",41420,"Salem, OR",416980,173421,176302,1169,110,442,164,17.83333333,885,180,65,95,420,125,279,395,211
"2693",41420,"Salem, OR",416980,173421,176302,1785,20,264,384,15.5,321,23,47,3,225,23,82,116,123
"2694",41420,"Salem, OR",416980,173421,176302,1890,0,467,389,13.33333333,119,23,1,11,76,8,48,46,25
"2695",41420,"Salem, OR",416980,173421,176302,1885,72,298,362,15.83333333,727,254,38,56,369,10,188,343,196
"2696",41420,"Salem, OR",416980,173421,176302,1552,13,131,353,14.66666667,1095,602,4,23,144,322,486,462,147
"2697",41420,"Salem, OR",416980,173421,176302,2077,0,139,523,13,211,78,2,2,129,0,100,48,63
"2698",41420,"Salem, OR",416980,173421,176302,1523,62,310,274,14.33333333,356,60,7,43,201,45,142,149,65
"2699",41420,"Salem, OR",416980,173421,176302,2148,16,362,469,15.5,756,233,171,10,85,257,236,328,192
"2700",41420,"Salem, OR",416980,173421,176302,2067,0,161,412,10.66666667,209,0,2,139,68,0,36,74,99
"2701",41420,"Salem, OR",416980,173421,176302,2782,261,376,323,16.33333333,2805,1028,154,30,384,1209,1207,1265,333
"2702",41420,"Salem, OR",416980,173421,176302,1947,136,251,361,17.16666667,768,106,64,54,392,152,229,317,222
"2703",41420,"Salem, OR",416980,173421,176302,2011,16,83,401,13,53,0,0,26,27,0,19,29,5
"2704",41420,"Salem, OR",416980,173421,176302,1557,58,204,314,13.5,108,0,0,26,82,0,41,56,11
"2705",41420,"Salem, OR",416980,173421,176302,2666,93,273,398,18.16666667,1457,213,57,206,798,183,439,665,353
"2706",41420,"Salem, OR",416980,173421,176302,1404,20,300,204,13,174,0,7,17,145,5,58,84,32
"2707",41420,"Salem, OR",416980,173421,176302,2135,110,190,426,18,845,169,155,81,220,220,246,360,239
"2708",41420,"Salem, OR",416980,173421,176302,1237,29,200,260,13,252,18,0,3,174,57,80,87,85
"2709",41420,"Salem, OR",416980,173421,176302,1486,11,101,337,15.5,1190,149,158,438,263,182,263,476,451
"2710",41420,"Salem, OR",416980,173421,176302,2607,24,239,736,14.33333333,183,0,6,76,101,0,67,96,20
"2711",41420,"Salem, OR",416980,173421,176302,972,13,30,301,13.16666667,26,0,8,4,14,0,11,10,5
"2712",41420,"Salem, OR",416980,173421,176302,2294,30,283,329,15.33333333,825,195,12,18,428,172,328,379,118
"2713",41420,"Salem, OR",416980,173421,176302,2115,21,152,498,13.33333333,329,22,17,17,273,0,105,168,56
"2714",41420,"Salem, OR",416980,173421,176302,1123,0,47,335,7.333333333,196,5,51,14,126,0,43,58,95
"2715",41420,"Salem, OR",416980,173421,176302,1741,107,150,367,13.33333333,569,137,3,38,391,0,93,219,257
"2716",41420,"Salem, OR",416980,173421,176302,1516,21,448,276,14.83333333,1256,124,54,36,876,166,295,401,560
"2717",41420,"Salem, OR",416980,173421,176302,1300,74,217,306,16.33333333,358,184,15,117,38,4,67,137,154
"2718",41420,"Salem, OR",416980,173421,176302,1848,58,354,316,16,148,15,7,17,98,11,55,64,29
"2719",41420,"Salem, OR",416980,173421,176302,2763,102,338,585,17.83333333,1478,257,58,120,631,412,523,625,330
"2720",41420,"Salem, OR",416980,173421,176302,1406,92,283,220,18,996,151,79,277,459,30,166,339,491
"2721",41420,"Salem, OR",416980,173421,176302,1349,9,64,414,3.5,972,2,4,786,117,63,179,551,242
"2722",41420,"Salem, OR",416980,173421,176302,2144,12,19,612,3.666666667,192,0,2,117,72,1,47,119,26
"2723",41420,"Salem, OR",416980,173421,176302,2140,0,200,722,5.5,777,11,38,535,172,21,171,244,362
"2724",41420,"Salem, OR",416980,173421,176302,3803,19,380,825,7.5,1380,91,17,948,316,8,303,561,516
"2725",41420,"Salem, OR",416980,173421,176302,438,0,26,163,4.333333333,83,0,0,60,23,0,25,33,25
"2726",41420,"Salem, OR",416980,173421,176302,1471,21,45,382,4.5,653,40,22,512,79,0,97,296,260
"2727",41420,"Salem, OR",416980,173421,176302,4012,233,496,777,12.66666667,551,13,45,37,387,69,178,249,124
"2728",41420,"Salem, OR",416980,173421,176302,3319,31,140,77,10.5,1184,3,1051,35,95,0,41,101,1042
"2729",41420,"Salem, OR",416980,173421,176302,1283,16,81,381,15.83333333,276,5,10,26,180,55,118,95,63
"2730",41420,"Salem, OR",416980,173421,176302,2510,0,272,697,7.333333333,744,5,219,127,317,76,120,194,430
"2731",41420,"Salem, OR",416980,173421,176302,875,9,71,244,17.83333333,749,180,62,1,357,149,211,271,267
"2732",41420,"Salem, OR",416980,173421,176302,1057,25,76,297,13.83333333,356,6,34,174,114,28,98,181,77
"2733",41420,"Salem, OR",416980,173421,176302,1437,27,181,343,11.66666667,583,7,165,276,124,11,120,227,236
"2734",41420,"Salem, OR",416980,173421,176302,848,8,48,208,6.166666667,528,18,23,300,173,14,143,174,211
"2735",41420,"Salem, OR",416980,173421,176302,1760,0,75,548,4.166666667,104,8,9,63,20,4,39,44,21
"2736",41420,"Salem, OR",416980,173421,176302,2051,0,121,439,5.833333333,497,0,13,331,153,0,70,117,310
"2737",41420,"Salem, OR",416980,173421,176302,2321,26,73,501,12.5,67,0,4,30,33,0,20,39,8
"2738",41420,"Salem, OR",416980,173421,176302,2640,8,277,683,9.333333333,163,0,6,67,90,0,58,51,54
"2739",41420,"Salem, OR",416980,173421,176302,2899,121,369,683,12.83333333,632,142,106,40,324,20,171,284,177
"2740",41420,"Salem, OR",416980,173421,176302,699,0,96,174,12.83333333,122,0,0,4,93,25,35,57,30
"2741",41420,"Salem, OR",416980,173421,176302,1001,41,47,264,5,411,0,40,251,114,6,57,183,171
"2742",41420,"Salem, OR",416980,173421,176302,1076,47,245,110,16.16666667,164,24,10,28,102,0,50,61,53
"2743",41420,"Salem, OR",416980,173421,176302,654,67,153,48,17.16666667,180,25,14,5,115,21,32,78,70
"2744",41420,"Salem, OR",416980,173421,176302,2624,85,279,454,14,221,20,0,13,188,0,89,94,38
"2745",41420,"Salem, OR",416980,173421,176302,1448,8,159,282,12,23,0,0,6,17,0,7,11,5
"2746",41420,"Salem, OR",416980,173421,176302,1407,41,172,327,11.33333333,74,0,0,10,64,0,34,21,19
"2747",41420,"Salem, OR",416980,173421,176302,2153,18,85,694,5.166666667,220,0,38,101,78,3,41,81,98
"2748",41420,"Salem, OR",416980,173421,176302,2450,0,8,85,12.5,3193,340,1117,774,928,34,608,964,1621
"2749",41420,"Salem, OR",416980,173421,176302,1585,19,122,375,4.5,163,12,0,107,44,0,30,80,53
"2750",41420,"Salem, OR",416980,173421,176302,1714,17,184,365,5.833333333,899,3,35,577,187,97,231,264,404
"2751",41420,"Salem, OR",416980,173421,176302,1929,0,402,480,7.5,412,20,38,32,247,75,118,157,137
"2752",41420,"Salem, OR",416980,173421,176302,547,0,53,153,16.66666667,112,0,7,6,84,15,24,69,19
"2753",41420,"Salem, OR",416980,173421,176302,1635,0,18,476,5.5,353,15,26,177,127,8,99,137,117
"2754",41420,"Salem, OR",416980,173421,176302,2928,32,243,709,5.166666667,439,29,7,249,149,5,88,208,143
"2755",41420,"Salem, OR",416980,173421,176302,1431,0,61,490,3.666666667,343,2,9,306,26,0,46,207,90
"2756",41420,"Salem, OR",416980,173421,176302,622,0,21,186,2.166666667,831,8,13,795,3,12,147,370,314
"2757",41420,"Salem, OR",416980,173421,176302,3140,0,263,875,6.166666667,398,16,65,173,140,4,92,159,147
"2758",41420,"Salem, OR",416980,173421,176302,893,66,84,112,14.83333333,568,0,16,42,507,3,236,205,127
"2759",41420,"Salem, OR",416980,173421,176302,1237,6,191,235,13.5,2110,321,89,1081,378,241,434,931,745
"2760",41420,"Salem, OR",416980,173421,176302,1899,10,107,333,8.333333333,1011,329,435,120,90,37,148,327,536
"2761",41420,"Salem, OR",416980,173421,176302,977,72,71,225,13.33333333,423,14,37,158,166,48,110,215,98
"2762",41420,"Salem, OR",416980,173421,176302,1045,27,58,204,9.666666667,247,1,0,31,211,4,23,90,134
"2763",41420,"Salem, OR",416980,173421,176302,1465,32,140,385,4.5,221,0,6,74,141,0,63,40,118
"2764",41420,"Salem, OR",416980,173421,176302,3013,107,407,696,16.66666667,521,101,81,25,248,66,163,202,156
"2765",41420,"Salem, OR",416980,173421,176302,2887,36,349,810,12.16666667,441,6,31,273,127,4,116,231,94
"2766",41420,"Salem, OR",416980,173421,176302,2959,0,482,819,14.66666667,942,29,130,304,442,37,124,268,550
"2767",41420,"Salem, OR",416980,173421,176302,2722,31,345,566,7.333333333,163,2,22,51,80,8,32,66,65
"2768",41420,"Salem, OR",416980,173421,176302,949,16,144,191,16.5,225,5,99,40,44,37,50,81,94
"2769",41420,"Salem, OR",416980,173421,176302,816,27,57,210,13.5,1350,247,20,92,905,86,237,554,559
"2770",41420,"Salem, OR",416980,173421,176302,909,0,107,265,4.166666667,44,0,2,28,14,0,15,23,6
"2771",41420,"Salem, OR",416980,173421,176302,2467,17,324,601,13.83333333,313,0,7,12,294,0,63,130,120
"2772",41420,"Salem, OR",416980,173421,176302,843,18,47,243,8.833333333,131,0,5,10,116,0,31,70,30
"2773",41420,"Salem, OR",416980,173421,176302,1405,66,99,201,19,516,21,104,56,233,102,137,254,125
"2774",41420,"Salem, OR",416980,173421,176302,4302,213,401,718,12.66666667,828,418,19,48,250,93,208,463,157
"2775",41420,"Salem, OR",416980,173421,176302,1049,15,197,222,10.33333333,27,0,10,0,17,0,8,16,3
"2776",41420,"Salem, OR",416980,173421,176302,1333,7,217,237,13.16666667,1930,1154,63,521,9,183,909,680,341
"2777",41420,"Salem, OR",416980,173421,176302,1624,0,196,404,4.166666667,127,0,5,88,34,0,31,51,45
"2778",41420,"Salem, OR",416980,173421,176302,2231,40,155,586,13.16666667,134,0,8,34,92,0,28,69,37
"2779",41420,"Salem, OR",416980,173421,176302,733,0,46,195,6.666666667,528,42,16,414,51,5,122,260,146
"2780",41420,"Salem, OR",416980,173421,176302,1429,59,66,233,14.33333333,251,32,7,5,207,0,78,111,62
"2781",41420,"Salem, OR",416980,173421,176302,2810,12,161,468,10.83333333,438,1,25,166,240,6,115,189,134
"2782",41420,"Salem, OR",416980,173421,176302,990,0,92,234,14.5,125,9,45,12,20,39,59,46,20
"2783",41420,"Salem, OR",416980,173421,176302,2967,14,164,546,6.666666667,180,22,4,95,56,3,73,73,34
"2784",41420,"Salem, OR",416980,173421,176302,1107,0,182,156,17.16666667,159,8,36,13,51,51,40,72,47
"2785",41420,"Salem, OR",416980,173421,176302,1244,0,101,265,13.83333333,335,1,52,168,69,45,76,121,138
"2786",41420,"Salem, OR",416980,173421,176302,1660,0,279,321,9.666666667,175,1,1,37,136,0,50,83,42
"2787",41420,"Salem, OR",416980,173421,176302,1099,17,123,253,15.83333333,906,53,54,42,719,38,149,444,313
"2788",41420,"Salem, OR",416980,173421,176302,1105,0,89,347,5,460,100,6,312,42,0,54,227,179
"2789",41420,"Salem, OR",416980,173421,176302,875,29,81,154,13.16666667,220,7,0,167,46,0,42,74,104
"2790",41420,"Salem, OR",416980,173421,176302,1142,27,185,254,9.833333333,242,28,11,165,38,0,26,92,124
"2791",41420,"Salem, OR",416980,173421,176302,2213,32,205,551,13.83333333,67,1,2,6,58,0,24,30,13
"2792",41420,"Salem, OR",416980,173421,176302,2514,70,359,468,8,1557,291,49,942,192,83,302,689,566
"2793",41420,"Salem, OR",416980,173421,176302,2017,55,140,495,17.33333333,1102,95,141,88,671,107,290,387,425
"2794",41420,"Salem, OR",416980,173421,176302,1686,94,323,346,14.66666667,845,45,28,16,594,162,173,339,333
"2795",41420,"Salem, OR",416980,173421,176302,1998,48,268,280,14.66666667,2060,490,731,307,502,30,234,596,1230
"2796",41420,"Salem, OR",416980,173421,176302,2054,0,24,528,10.5,44,0,0,6,38,0,12,21,11
"2797",41420,"Salem, OR",416980,173421,176302,624,0,180,144,12.83333333,98,3,1,72,22,0,21,42,35
"2798",41420,"Salem, OR",416980,173421,176302,2519,117,409,496,12,79,0,19,42,18,0,31,31,17
"2799",41420,"Salem, OR",416980,173421,176302,1434,16,222,357,10,149,20,17,11,50,51,49,62,38
"2800",41420,"Salem, OR",416980,173421,176302,3441,79,517,755,12.33333333,205,2,46,10,142,5,70,110,25
"2801",41420,"Salem, OR",416980,173421,176302,3909,32,287,1046,12.33333333,239,0,11,38,189,1,89,84,66
"2802",41420,"Salem, OR",416980,173421,176302,2506,0,465,644,13.66666667,600,12,42,39,331,176,188,238,174
"2803",41420,"Salem, OR",416980,173421,176302,2189,87,452,331,15.33333333,409,102,16,14,161,116,137,207,65
"2804",41420,"Salem, OR",416980,173421,176302,2184,64,288,515,15.16666667,92,0,28,8,56,0,17,39,36
"2805",41420,"Salem, OR",416980,173421,176302,1697,0,69,381,12.16666667,568,19,3,353,161,32,145,236,187
"2806",41420,"Salem, OR",416980,173421,176302,2102,41,70,379,14.66666667,141,34,2,71,8,26,54,78,9
"2807",41420,"Salem, OR",416980,173421,176302,1058,78,186,135,13,3418,135,571,1852,804,56,549,1527,1342
"2808",41420,"Salem, OR",416980,173421,176302,1482,36,313,265,15.16666667,433,24,21,38,226,124,132,206,95
"2809",41420,"Salem, OR",416980,173421,176302,1446,0,170,357,9.833333333,124,10,0,79,35,0,23,35,66
"2810",41420,"Salem, OR",416980,173421,176302,1066,26,172,184,12.66666667,136,3,0,9,109,15,42,50,44
"2811",41420,"Salem, OR",416980,173421,176302,956,34,37,216,15.5,217,22,3,15,92,85,83,103,31
"2812",41420,"Salem, OR",416980,173421,176302,2638,0,391,548,12,199,2,10,46,141,0,34,81,84
"2813",41420,"Salem, OR",416980,173421,176302,1514,175,317,258,15,1142,284,37,1,675,145,431,561,150
"2814",41420,"Salem, OR",416980,173421,176302,2810,97,395,418,15.66666667,389,78,45,23,186,57,113,187,89
"2815",41420,"Salem, OR",416980,173421,176302,1824,71,463,207,14.33333333,259,53,4,33,155,14,56,167,36
"2816",41420,"Salem, OR",416980,173421,176302,2839,248,354,599,11.33333333,999,249,144,60,336,210,302,476,221
"2817",41420,"Salem, OR",416980,173421,176302,1049,27,122,264,14.66666667,99,13,12,26,48,0,25,53,21
"2818",45520,"The Dalles, OR",25866,10332,11859,954,68,181,208,16.16666667,70,0,0,8,61,1,25,28,17
"2819",45520,"The Dalles, OR",25866,10332,11859,1568,89,139,424,14.5,520,180,32,117,63,128,211,182,127
"2820",45520,"The Dalles, OR",25866,10332,11859,1097,16,139,434,4.666666667,169,24,6,85,30,24,54,74,41
"2821",45520,"The Dalles, OR",25866,10332,11859,1058,27,86,274,6.833333333,364,34,13,124,158,35,93,131,140
"2822",45520,"The Dalles, OR",25866,10332,11859,951,84,147,219,18,1945,201,354,368,721,301,523,738,684
"2823",45520,"The Dalles, OR",25866,10332,11859,1212,18,195,211,5.5,150,0,21,9,120,0,32,51,67
"2824",45520,"The Dalles, OR",25866,10332,11859,922,20,49,239,13.83333333,145,0,2,6,137,0,34,67,44
"2825",45520,"The Dalles, OR",25866,10332,11859,749,24,42,140,3.166666667,125,0,1,0,0,124,32,78,15
"2826",45520,"The Dalles, OR",25866,10332,11859,1335,8,130,412,5.5,436,0,6,224,161,45,193,164,79
"2827",45520,"The Dalles, OR",25866,10332,11859,1541,0,186,403,4.333333333,64,0,3,10,15,36,25,28,11
"2828",45520,"The Dalles, OR",25866,10332,11859,1307,5,121,342,5.5,208,2,23,120,58,5,58,90,60
"2829",45520,"The Dalles, OR",25866,10332,11859,979,3,171,223,16,843,118,132,366,220,7,136,325,382
"2830",45520,"The Dalles, OR",25866,10332,11859,1984,177,235,403,13.16666667,1030,323,39,70,428,170,290,507,233
"2831",45520,"The Dalles, OR",25866,10332,11859,1410,43,261,195,15.5,1567,506,100,395,234,332,428,659,480
"2832",45520,"The Dalles, OR",25866,10332,11859,1104,8,37,321,10.83333333,278,0,34,11,230,3,61,127,90
"2833",45520,"The Dalles, OR",25866,10332,11859,1028,0,54,367,9.166666667,928,1,0,31,896,0,106,353,469
"2834",45520,"The Dalles, OR",25866,10332,11859,736,0,48,185,3,294,0,1,264,11,18,63,150,81
"2835",45520,"The Dalles, OR",25866,10332,11859,1980,62,326,528,8,802,60,15,231,399,97,244,335,223
"2836",45520,"The Dalles, OR",25866,10332,11859,1085,4,58,359,3.333333333,134,0,7,104,10,13,25,73,36
"2837",45520,"The Dalles, OR",25866,10332,11859,651,7,78,193,14.5,117,0,14,32,71,0,23,54,40
"2838",45520,"The Dalles, OR",25866,10332,11859,803,17,159,180,12.83333333,79,7,0,2,70,0,18,31,30
"2839",45520,"The Dalles, OR",25866,10332,11859,1412,15,107,362,8.833333333,64,5,15,28,16,0,20,33,11
