"","CBSA","CBSA_Name","CBSA_POP","CBSA_EMP","CBSA_WRK","TotPop","AutoOwn0","AutoOwn1","AutoOwn2p","NatWalkInd","TotEmp","E5_Ret","E5_Off","E5_Ind","E5_Svc","E5_Ent","E_LowWageWk","E_MedWageWk","E_HiWageWk","City","State"
"1",40060,"Richmond, VA",1258398,644437,606810,2442,29,139,571,4.5,128,14,0,13,101,0,31,39,58,"Richmond","VA"
"2",40060,"Richmond, VA",1258398,644437,606810,661,0,88,141,5.833333333,397,17,9,20,332,19,117,100,180,"Richmond","VA"
"3",40060,"Richmond, VA",1258398,644437,606810,3937,0,284,953,8.5,1229,93,332,159,606,39,346,350,533,"Richmond","VA"
"4",40060,"Richmond, VA",1258398,644437,606810,1738,156,393,279,12.33333333,340,11,40,11,255,23,132,125,83,"Richmond","VA"
"5",40060,"Richmond, VA",1258398,644437,606810,1551,19,139,364,13,357,32,109,22,194,0,86,115,156,"Richmond","VA"
"6",40060,"Richmond, VA",1258398,644437,606810,2882,41,333,651,10.66666667,202,34,15,38,60,55,84,89,29,"Richmond","VA"
"7",40060,"Richmond, VA",1258398,644437,606810,1109,28,134,330,12.66666667,449,70,27,194,75,83,133,203,113,"Richmond","VA"
"8",40060,"Richmond, VA",1258398,644437,606810,1134,0,148,251,3.5,24,0,0,21,3,0,3,18,3,"Richmond","VA"
"9",40060,"Richmond, VA",1258398,644437,606810,1938,0,118,473,6.166666667,5621,593,239,3667,1085,37,922,1736,2963,"Richmond","VA"
"10",40060,"Richmond, VA",1258398,644437,606810,4761,37,272,1247,6.666666667,49,14,2,7,26,0,25,12,12,"Richmond","VA"
"11",40060,"Richmond, VA",1258398,644437,606810,1274,41,196,313,5.166666667,48,0,1,18,29,0,22,14,12,"Richmond","VA"
"12",40060,"Richmond, VA",1258398,644437,606810,627,27,106,125,7.166666667,7,0,2,0,5,0,2,5,0,"Richmond","VA"
"13",40060,"Richmond, VA",1258398,644437,606810,1137,26,343,248,9.333333333,386,131,53,2,185,15,182,146,58,"Richmond","VA"
"14",40060,"Richmond, VA",1258398,644437,606810,658,0,50,275,6.5,48,9,4,2,7,26,25,13,10,"Richmond","VA"
"15",40060,"Richmond, VA",1258398,644437,606810,1645,46,246,257,6.5,3439,172,65,561,2451,190,670,1109,1660,"Richmond","VA"
"16",40060,"Richmond, VA",1258398,644437,606810,951,7,125,252,6,203,4,47,27,125,0,48,87,68,"Richmond","VA"
"17",40060,"Richmond, VA",1258398,644437,606810,1039,34,167,212,7.666666667,365,60,12,137,112,44,86,140,139,"Richmond","VA"
"18",40060,"Richmond, VA",1258398,644437,606810,518,62,87,117,7.333333333,251,38,0,94,75,44,70,89,92,"Richmond","VA"
"19",40060,"Richmond, VA",1258398,644437,606810,618,43,112,146,5.333333333,253,81,14,135,12,11,76,111,66,"Richmond","VA"
"20",40060,"Richmond, VA",1258398,644437,606810,525,2,6,251,6.833333333,456,34,3,99,175,145,215,165,76,"Richmond","VA"
"21",40060,"Richmond, VA",1258398,644437,606810,1038,53,186,252,6.5,437,54,2,53,242,86,134,200,103,"Richmond","VA"
"22",40060,"Richmond, VA",1258398,644437,606810,812,20,33,278,2.166666667,37,30,0,7,0,0,18,14,5,"Richmond","VA"
"23",40060,"Richmond, VA",1258398,644437,606810,1672,0,37,539,3,94,0,0,68,26,0,19,33,42,"Richmond","VA"
"24",40060,"Richmond, VA",1258398,644437,606810,2153,29,261,634,7.5,406,77,76,89,128,36,127,147,132,"Richmond","VA"
"25",40060,"Richmond, VA",1258398,644437,606810,1230,36,140,285,10.83333333,1295,95,56,715,319,110,256,314,725,"Richmond","VA"
"26",40060,"Richmond, VA",1258398,644437,606810,1052,180,151,68,10.66666667,1228,48,0,1146,34,0,103,453,672,"Richmond","VA"
"27",40060,"Richmond, VA",1258398,644437,606810,1553,25,354,425,13.83333333,611,51,96,50,196,218,204,234,173,"Richmond","VA"
"28",40060,"Richmond, VA",1258398,644437,606810,1141,21,387,262,15.16666667,969,0,1,6,202,760,314,394,261,"Richmond","VA"
"29",40060,"Richmond, VA",1258398,644437,606810,1466,39,123,404,5.666666667,130,40,2,26,49,13,59,44,27,"Richmond","VA"
"30",40060,"Richmond, VA",1258398,644437,606810,1550,83,113,412,5,255,18,8,114,103,12,65,64,126,"Richmond","VA"
"31",40060,"Richmond, VA",1258398,644437,606810,2894,41,99,726,4.166666667,302,10,5,228,59,0,57,138,107,"Richmond","VA"
"32",40060,"Richmond, VA",1258398,644437,606810,1655,59,139,353,3.333333333,139,3,1,20,115,0,26,47,66,"Richmond","VA"
"33",40060,"Richmond, VA",1258398,644437,606810,1094,21,40,299,1.5,15,0,0,11,0,4,6,7,2,"Richmond","VA"
"34",40060,"Richmond, VA",1258398,644437,606810,2082,56,41,599,4.833333333,726,12,5,478,220,11,88,197,441,"Richmond","VA"
"35",40060,"Richmond, VA",1258398,644437,606810,2233,57,373,558,8.666666667,1346,484,74,251,361,176,366,594,386,"Richmond","VA"
"36",40060,"Richmond, VA",1258398,644437,606810,510,78,123,55,7,16,12,0,0,4,0,4,9,3,"Richmond","VA"
"37",40060,"Richmond, VA",1258398,644437,606810,2375,56,417,504,7.666666667,899,60,7,463,250,119,237,236,426,"Richmond","VA"
"38",40060,"Richmond, VA",1258398,644437,606810,364,30,45,110,7.5,52,20,0,29,3,0,14,31,7,"Richmond","VA"
"39",40060,"Richmond, VA",1258398,644437,606810,1031,175,170,69,4.833333333,20,0,0,16,4,0,7,8,5,"Richmond","VA"
"40",40060,"Richmond, VA",1258398,644437,606810,2151,0,0,0,2.333333333,493,0,442,0,38,13,35,233,225,"Richmond","VA"
"41",40060,"Richmond, VA",1258398,644437,606810,638,83,66,99,9.166666667,718,92,11,188,334,93,162,276,280,"Richmond","VA"
"42",40060,"Richmond, VA",1258398,644437,606810,875,38,210,74,8.833333333,162,0,0,34,128,0,79,48,35,"Richmond","VA"
"43",40060,"Richmond, VA",1258398,644437,606810,706,80,142,153,13,1198,31,38,5,1124,0,402,616,180,"Richmond","VA"
"44",40060,"Richmond, VA",1258398,644437,606810,1248,72,199,190,8.5,236,45,6,0,103,82,119,82,35,"Richmond","VA"
"45",40060,"Richmond, VA",1258398,644437,606810,535,68,91,125,4.166666667,11,9,0,0,2,0,2,8,1,"Richmond","VA"
"46",40060,"Richmond, VA",1258398,644437,606810,692,199,219,48,16.33333333,1596,72,502,235,516,271,393,623,580,"Richmond","VA"
"47",40060,"Richmond, VA",1258398,644437,606810,3425,17,169,1066,3,179,3,7,125,44,0,47,67,65,"Richmond","VA"
"48",40060,"Richmond, VA",1258398,644437,606810,885,13,100,272,2.666666667,84,0,2,2,80,0,21,30,33,"Richmond","VA"
"49",40060,"Richmond, VA",1258398,644437,606810,1645,5,230,395,8.833333333,1388,351,32,184,672,149,486,631,271,"Richmond","VA"
"50",40060,"Richmond, VA",1258398,644437,606810,2185,0,232,559,7.833333333,557,317,17,42,62,119,191,236,130,"Richmond","VA"
"51",40060,"Richmond, VA",1258398,644437,606810,1138,147,189,343,9.833333333,1293,392,119,78,390,314,497,435,361,"Richmond","VA"
"52",40060,"Richmond, VA",1258398,644437,606810,3016,14,64,926,4.666666667,126,0,1,17,29,79,68,34,24,"Richmond","VA"
"53",40060,"Richmond, VA",1258398,644437,606810,2133,71,251,461,4.5,1614,5,24,45,1491,49,296,513,805,"Richmond","VA"
"54",40060,"Richmond, VA",1258398,644437,606810,3456,6,315,870,7.833333333,2302,161,312,1217,579,33,245,742,1315,"Richmond","VA"
"55",40060,"Richmond, VA",1258398,644437,606810,2733,7,70,985,5.166666667,129,8,3,44,36,38,54,44,31,"Richmond","VA"
"56",40060,"Richmond, VA",1258398,644437,606810,1012,8,152,348,5,63,0,1,61,1,0,24,20,19,"Richmond","VA"
"57",40060,"Richmond, VA",1258398,644437,606810,2511,30,374,699,6.666666667,244,33,5,109,84,13,56,97,91,"Richmond","VA"
"58",40060,"Richmond, VA",1258398,644437,606810,1693,0,354,387,9.5,800,164,81,34,279,242,351,282,167,"Richmond","VA"
"59",40060,"Richmond, VA",1258398,644437,606810,2230,8,423,582,8.833333333,2689,1422,373,61,659,174,616,1249,824,"Richmond","VA"
"60",40060,"Richmond, VA",1258398,644437,606810,3275,17,287,821,8.333333333,3636,1002,36,1556,657,385,746,1521,1369,"Richmond","VA"
"61",40060,"Richmond, VA",1258398,644437,606810,1657,0,44,573,6.5,283,92,29,94,29,39,116,84,83,"Richmond","VA"
"62",40060,"Richmond, VA",1258398,644437,606810,1308,0,113,374,7.666666667,1120,23,13,132,801,151,144,233,743,"Richmond","VA"
"63",40060,"Richmond, VA",1258398,644437,606810,1800,198,320,130,12,66,26,0,0,37,3,25,29,12,"Richmond","VA"
"64",40060,"Richmond, VA",1258398,644437,606810,568,20,119,149,11.83333333,998,50,11,608,155,174,228,353,417,"Richmond","VA"
"65",40060,"Richmond, VA",1258398,644437,606810,3087,68,306,767,9.666666667,4535,499,502,1468,1781,285,1121,1639,1775,"Richmond","VA"
"66",40060,"Richmond, VA",1258398,644437,606810,3960,0,280,1217,7.666666667,13811,307,7027,1520,4657,300,1435,2934,9442,"Richmond","VA"
"67",40060,"Richmond, VA",1258398,644437,606810,1097,0,59,305,8.333333333,94,0,17,10,67,0,31,15,48,"Richmond","VA"
"68",40060,"Richmond, VA",1258398,644437,606810,3646,0,491,988,4.166666667,602,26,12,86,478,0,85,239,278,"Richmond","VA"
"69",40060,"Richmond, VA",1258398,644437,606810,855,71,253,211,15.16666667,379,33,25,23,293,5,100,188,91,"Richmond","VA"
"70",40060,"Richmond, VA",1258398,644437,606810,1149,62,174,160,15.66666667,354,25,0,217,112,0,67,128,159,"Richmond","VA"
"71",40060,"Richmond, VA",1258398,644437,606810,680,67,89,68,15.5,40,10,0,24,6,0,14,22,4,"Richmond","VA"
"72",40060,"Richmond, VA",1258398,644437,606810,3541,0,77,922,6.333333333,155,0,5,46,101,3,46,46,63,"Richmond","VA"
"73",40060,"Richmond, VA",1258398,644437,606810,3993,70,276,1166,5.166666667,74,6,0,37,30,1,26,26,22,"Richmond","VA"
"74",40060,"Richmond, VA",1258398,644437,606810,1053,8,96,311,4.833333333,58,25,4,9,20,0,30,21,7,"Richmond","VA"
"75",40060,"Richmond, VA",1258398,644437,606810,1910,15,152,530,3.5,69,6,3,4,51,5,24,35,10,"Richmond","VA"
"76",40060,"Richmond, VA",1258398,644437,606810,1917,52,498,299,6.166666667,129,0,0,23,54,52,44,62,23,"Richmond","VA"
"77",40060,"Richmond, VA",1258398,644437,606810,1373,0,170,347,5.833333333,138,36,5,57,40,0,27,71,40,"Richmond","VA"
"78",40060,"Richmond, VA",1258398,644437,606810,5322,19,284,1467,5.833333333,212,5,1,35,162,9,88,101,23,"Richmond","VA"
"79",40060,"Richmond, VA",1258398,644437,606810,2009,0,169,540,10.33333333,2292,337,421,172,1102,260,581,653,1058,"Richmond","VA"
"80",40060,"Richmond, VA",1258398,644437,606810,2750,0,61,799,5.5,104,0,6,34,64,0,21,40,43,"Richmond","VA"
"81",40060,"Richmond, VA",1258398,644437,606810,7614,23,226,2113,5.333333333,471,13,33,205,135,85,146,116,209,"Richmond","VA"
"82",40060,"Richmond, VA",1258398,644437,606810,2851,0,94,787,4,87,0,1,53,33,0,14,35,38,"Richmond","VA"
"83",40060,"Richmond, VA",1258398,644437,606810,2261,67,176,671,9.333333333,4737,899,177,1852,1424,385,1174,1585,1978,"Richmond","VA"
"84",40060,"Richmond, VA",1258398,644437,606810,1673,9,107,587,8,1190,274,20,75,784,37,362,498,330,"Richmond","VA"
"85",40060,"Richmond, VA",1258398,644437,606810,1328,28,93,337,4,34,0,1,10,23,0,8,15,11,"Richmond","VA"
"86",40060,"Richmond, VA",1258398,644437,606810,1447,121,286,293,7.166666667,2272,467,60,1282,246,217,435,871,966,"Richmond","VA"
"87",40060,"Richmond, VA",1258398,644437,606810,608,0,53,196,7.666666667,233,38,5,137,48,5,35,92,106,"Richmond","VA"
"88",40060,"Richmond, VA",1258398,644437,606810,3598,52,729,551,8,83,5,23,17,38,0,36,40,7,"Richmond","VA"
"89",40060,"Richmond, VA",1258398,644437,606810,2037,14,278,559,9.166666667,1364,119,42,202,874,127,298,442,624,"Richmond","VA"
"90",40060,"Richmond, VA",1258398,644437,606810,1935,114,279,421,6.5,169,0,20,14,135,0,52,60,57,"Richmond","VA"
"91",40060,"Richmond, VA",1258398,644437,606810,3235,62,198,850,6.666666667,280,2,18,22,238,0,165,62,53,"Richmond","VA"
"92",40060,"Richmond, VA",1258398,644437,606810,946,16,186,225,5.5,143,1,26,99,17,0,11,15,117,"Richmond","VA"
"93",40060,"Richmond, VA",1258398,644437,606810,2364,0,99,760,6,102,0,2,8,42,50,43,41,18,"Richmond","VA"
"94",40060,"Richmond, VA",1258398,644437,606810,1183,0,68,326,9.5,476,59,108,6,155,148,200,157,119,"Richmond","VA"
"95",40060,"Richmond, VA",1258398,644437,606810,1389,149,402,155,7.666666667,332,16,4,169,137,6,60,127,145,"Richmond","VA"
"96",40060,"Richmond, VA",1258398,644437,606810,1521,27,182,282,7,463,6,0,58,397,2,66,223,174,"Richmond","VA"
"97",40060,"Richmond, VA",1258398,644437,606810,901,0,96,187,7.666666667,295,25,2,206,39,23,80,165,50,"Richmond","VA"
"98",40060,"Richmond, VA",1258398,644437,606810,1852,82,217,425,12.33333333,134,31,3,30,69,1,58,52,24,"Richmond","VA"
"99",40060,"Richmond, VA",1258398,644437,606810,1015,60,116,34,8.166666667,2,0,0,1,1,0,1,1,0,"Richmond","VA"
"100",40060,"Richmond, VA",1258398,644437,606810,1505,0,233,190,11.16666667,62,38,0,2,15,7,37,21,4,"Richmond","VA"
"101",40060,"Richmond, VA",1258398,644437,606810,2233,328,1094,333,17.83333333,33016,208,16512,2386,11046,2864,3775,6518,22723,"Richmond","VA"
"102",40060,"Richmond, VA",1258398,644437,606810,2039,103,354,233,11.16666667,45,29,0,2,14,0,20,19,6,"Richmond","VA"
"103",40060,"Richmond, VA",1258398,644437,606810,1232,180,130,57,12.83333333,15,2,6,0,7,0,5,7,3,"Richmond","VA"
"104",40060,"Richmond, VA",1258398,644437,606810,867,27,127,242,11.83333333,63,0,11,22,18,12,15,21,27,"Richmond","VA"
"105",40060,"Richmond, VA",1258398,644437,606810,1887,200,303,176,13.16666667,238,79,1,132,26,0,44,79,115,"Richmond","VA"
"106",40060,"Richmond, VA",1258398,644437,606810,586,28,50,159,12.66666667,24,14,3,6,1,0,11,12,1,"Richmond","VA"
"107",40060,"Richmond, VA",1258398,644437,606810,977,64,67,157,12.5,54,12,0,21,21,0,20,22,12,"Richmond","VA"
"108",40060,"Richmond, VA",1258398,644437,606810,1237,169,148,45,14.83333333,878,30,140,646,62,0,84,389,405,"Richmond","VA"
"109",40060,"Richmond, VA",1258398,644437,606810,1237,113,133,116,11.83333333,132,3,15,99,15,0,9,13,110,"Richmond","VA"
"110",40060,"Richmond, VA",1258398,644437,606810,1650,61,153,322,14.66666667,53,2,9,6,18,18,29,13,11,"Richmond","VA"
"111",40060,"Richmond, VA",1258398,644437,606810,1051,0,140,206,14.5,32,0,0,10,21,1,15,5,12,"Richmond","VA"
"112",40060,"Richmond, VA",1258398,644437,606810,776,0,183,217,14.5,48,4,3,3,6,32,17,23,8,"Richmond","VA"
"113",40060,"Richmond, VA",1258398,644437,606810,2358,377,691,316,10.5,48,0,4,0,44,0,21,16,11,"Richmond","VA"
"114",40060,"Richmond, VA",1258398,644437,606810,838,12,137,233,16.5,177,20,12,6,78,61,70,74,33,"Richmond","VA"
"115",40060,"Richmond, VA",1258398,644437,606810,839,43,101,238,14.16666667,144,83,4,3,25,29,54,62,28,"Richmond","VA"
"116",40060,"Richmond, VA",1258398,644437,606810,3628,22,248,1072,9.5,1683,614,84,185,477,323,735,585,363,"Richmond","VA"
"117",40060,"Richmond, VA",1258398,644437,606810,1535,27,305,370,11.33333333,8443,2438,667,347,3381,1610,2908,2437,3098,"Richmond","VA"
"118",40060,"Richmond, VA",1258398,644437,606810,1604,12,328,332,8.5,189,0,32,3,54,100,92,72,25,"Richmond","VA"
"119",40060,"Richmond, VA",1258398,644437,606810,2597,0,283,618,6.166666667,19,0,2,10,7,0,3,12,4,"Richmond","VA"
"120",40060,"Richmond, VA",1258398,644437,606810,487,0,121,111,7,38,1,0,25,12,0,11,13,14,"Richmond","VA"
"121",40060,"Richmond, VA",1258398,644437,606810,2099,15,385,453,6.333333333,182,15,5,2,160,0,38,48,96,"Richmond","VA"
"122",40060,"Richmond, VA",1258398,644437,606810,2659,108,518,514,8,356,98,56,63,139,0,98,157,101,"Richmond","VA"
"123",40060,"Richmond, VA",1258398,644437,606810,1827,0,114,615,5.166666667,52,29,0,14,9,0,19,23,10,"Richmond","VA"
"124",40060,"Richmond, VA",1258398,644437,606810,1079,12,138,231,5.5,131,0,2,28,101,0,48,47,36,"Richmond","VA"
"125",40060,"Richmond, VA",1258398,644437,606810,3720,0,240,885,6.333333333,184,83,0,8,49,44,97,64,23,"Richmond","VA"
"126",40060,"Richmond, VA",1258398,644437,606810,1183,26,149,300,5.666666667,37,26,0,4,7,0,16,15,6,"Richmond","VA"
"127",40060,"Richmond, VA",1258398,644437,606810,1359,0,311,355,9.666666667,1015,156,229,73,363,194,368,326,321,"Richmond","VA"
"128",40060,"Richmond, VA",1258398,644437,606810,2954,39,199,761,6,44,0,12,9,21,2,14,16,14,"Richmond","VA"
"129",40060,"Richmond, VA",1258398,644437,606810,1516,0,189,401,7.166666667,361,233,0,14,73,41,168,148,45,"Richmond","VA"
"130",40060,"Richmond, VA",1258398,644437,606810,1076,11,171,234,5.166666667,71,0,5,5,15,46,32,22,17,"Richmond","VA"
"131",40060,"Richmond, VA",1258398,644437,606810,2795,0,149,917,6.666666667,200,119,12,30,32,7,90,77,33,"Richmond","VA"
"132",40060,"Richmond, VA",1258398,644437,606810,1890,0,93,400,4.833333333,114,0,0,17,4,93,63,30,21,"Richmond","VA"
"133",40060,"Richmond, VA",1258398,644437,606810,1968,86,202,364,9.166666667,69,9,1,5,42,12,40,17,12,"Richmond","VA"
"134",40060,"Richmond, VA",1258398,644437,606810,3223,107,282,573,8.166666667,6,0,2,0,4,0,3,2,1,"Richmond","VA"
"135",40060,"Richmond, VA",1258398,644437,606810,661,24,151,131,12.66666667,110,27,11,10,37,25,45,39,26,"Richmond","VA"
"136",40060,"Richmond, VA",1258398,644437,606810,1189,161,322,191,11.5,93,0,67,3,10,13,19,39,35,"Richmond","VA"
"137",40060,"Richmond, VA",1258398,644437,606810,1458,0,158,282,12.5,270,74,17,113,64,2,36,126,108,"Richmond","VA"
"138",40060,"Richmond, VA",1258398,644437,606810,2814,140,573,421,12.33333333,686,116,231,292,24,23,133,154,399,"Richmond","VA"
"139",40060,"Richmond, VA",1258398,644437,606810,2780,12,458,642,8.333333333,393,0,80,63,214,36,42,160,191,"Richmond","VA"
"140",40060,"Richmond, VA",1258398,644437,606810,995,0,160,209,12.83333333,3409,126,271,533,2084,395,614,1361,1434,"Richmond","VA"
"141",40060,"Richmond, VA",1258398,644437,606810,1287,10,51,418,3.166666667,57,32,0,17,8,0,9,27,21,"Richmond","VA"
"142",40060,"Richmond, VA",1258398,644437,606810,2869,30,45,778,8.833333333,18893,1350,6434,832,8845,1432,2520,4914,11459,"Richmond","VA"
"143",40060,"Richmond, VA",1258398,644437,606810,2056,64,497,512,8.333333333,4415,64,338,713,3154,146,510,1281,2624,"Richmond","VA"
"144",40060,"Richmond, VA",1258398,644437,606810,2586,38,93,824,3.666666667,72,11,0,45,16,0,23,24,25,"Richmond","VA"
"145",40060,"Richmond, VA",1258398,644437,606810,2194,34,598,479,13,444,83,97,6,258,0,47,157,240,"Richmond","VA"
"146",40060,"Richmond, VA",1258398,644437,606810,1693,0,122,419,7.333333333,419,67,16,24,279,33,158,164,97,"Richmond","VA"
"147",40060,"Richmond, VA",1258398,644437,606810,498,0,65,142,11.33333333,826,149,12,38,78,549,460,254,112,"Richmond","VA"
"148",40060,"Richmond, VA",1258398,644437,606810,1496,48,155,403,13.66666667,1057,399,23,35,198,402,517,391,149,"Richmond","VA"
"149",40060,"Richmond, VA",1258398,644437,606810,1152,24,111,339,3.333333333,95,0,0,74,21,0,27,40,28,"Richmond","VA"
"150",40060,"Richmond, VA",1258398,644437,606810,1496,0,139,409,5.333333333,437,49,14,296,67,11,81,214,142,"Richmond","VA"
"151",40060,"Richmond, VA",1258398,644437,606810,1852,18,127,444,4.333333333,275,3,110,137,25,0,51,114,110,"Richmond","VA"
"152",40060,"Richmond, VA",1258398,644437,606810,1362,0,148,493,8.166666667,1259,159,50,265,701,84,356,489,414,"Richmond","VA"
"153",40060,"Richmond, VA",1258398,644437,606810,1611,14,129,491,2.5,59,0,1,42,16,0,19,28,12,"Richmond","VA"
"154",40060,"Richmond, VA",1258398,644437,606810,1356,31,79,379,3,78,0,1,61,16,0,16,31,31,"Richmond","VA"
"155",40060,"Richmond, VA",1258398,644437,606810,1238,19,117,391,2.833333333,109,2,0,81,19,7,17,39,53,"Richmond","VA"
"156",40060,"Richmond, VA",1258398,644437,606810,1394,52,109,322,3.333333333,164,8,2,129,25,0,44,53,67,"Richmond","VA"
"157",40060,"Richmond, VA",1258398,644437,606810,2292,21,245,526,6.166666667,104,8,0,11,41,44,58,34,12,"Richmond","VA"
"158",40060,"Richmond, VA",1258398,644437,606810,1562,28,305,273,7.833333333,201,81,12,30,50,28,62,56,83,"Richmond","VA"
"159",40060,"Richmond, VA",1258398,644437,606810,1015,0,88,304,7.5,534,329,44,26,67,68,133,199,202,"Richmond","VA"
"160",40060,"Richmond, VA",1258398,644437,606810,1947,36,80,503,7,397,8,29,36,310,14,138,151,108,"Richmond","VA"
"161",40060,"Richmond, VA",1258398,644437,606810,1994,18,75,547,10,882,247,91,31,388,125,313,267,302,"Richmond","VA"
"162",40060,"Richmond, VA",1258398,644437,606810,1973,29,326,414,9.666666667,2088,944,50,9,619,466,1135,685,268,"Richmond","VA"
"163",40060,"Richmond, VA",1258398,644437,606810,2833,9,222,485,14.33333333,5774,322,3369,61,1356,666,1054,1464,3256,"Richmond","VA"
"164",40060,"Richmond, VA",1258398,644437,606810,1418,51,123,286,5.333333333,30,0,0,0,30,0,9,18,3,"Richmond","VA"
"165",40060,"Richmond, VA",1258398,644437,606810,731,42,120,150,3.666666667,2,0,0,0,2,0,2,0,0,"Richmond","VA"
"166",40060,"Richmond, VA",1258398,644437,606810,1133,185,220,141,7,173,2,66,0,105,0,22,81,70,"Richmond","VA"
"167",40060,"Richmond, VA",1258398,644437,606810,972,202,146,59,13.5,340,13,43,15,250,19,163,150,27,"Richmond","VA"
"168",40060,"Richmond, VA",1258398,644437,606810,1288,219,180,133,7.333333333,34,19,0,0,13,2,13,17,4,"Richmond","VA"
"169",40060,"Richmond, VA",1258398,644437,606810,1220,7,135,241,5.166666667,7,0,0,7,0,0,1,6,0,"Richmond","VA"
"170",40060,"Richmond, VA",1258398,644437,606810,1331,78,254,157,8.833333333,381,93,1,2,250,35,150,148,83,"Richmond","VA"
"171",40060,"Richmond, VA",1258398,644437,606810,2349,199,326,455,5.666666667,734,1,7,305,417,4,131,310,293,"Richmond","VA"
"172",40060,"Richmond, VA",1258398,644437,606810,2290,13,82,740,4.333333333,185,0,7,82,45,51,83,53,49,"Richmond","VA"
"173",40060,"Richmond, VA",1258398,644437,606810,1962,16,104,563,5.666666667,97,2,19,30,40,6,31,27,39,"Richmond","VA"
"174",40060,"Richmond, VA",1258398,644437,606810,2025,0,99,587,9.833333333,458,103,74,34,118,129,207,169,82,"Richmond","VA"
"175",40060,"Richmond, VA",1258398,644437,606810,2234,0,100,669,9.166666667,579,40,37,214,288,0,77,201,301,"Richmond","VA"
"176",40060,"Richmond, VA",1258398,644437,606810,920,0,56,292,4.333333333,91,2,4,32,53,0,25,32,34,"Richmond","VA"
"177",40060,"Richmond, VA",1258398,644437,606810,2475,0,89,829,4.666666667,251,2,8,97,124,20,64,107,80,"Richmond","VA"
"178",40060,"Richmond, VA",1258398,644437,606810,1187,40,29,386,5.166666667,166,9,5,7,133,12,52,87,27,"Richmond","VA"
"179",40060,"Richmond, VA",1258398,644437,606810,2076,26,116,607,8.333333333,963,437,10,258,230,28,248,342,373,"Richmond","VA"
"180",40060,"Richmond, VA",1258398,644437,606810,2714,7,201,882,7.666666667,605,162,67,179,93,104,218,197,190,"Richmond","VA"
"181",40060,"Richmond, VA",1258398,644437,606810,1313,15,69,433,7.166666667,3618,56,1004,1897,586,75,335,902,2381,"Richmond","VA"
"182",40060,"Richmond, VA",1258398,644437,606810,843,0,40,305,4,70,4,2,37,26,1,16,28,26,"Richmond","VA"
"183",40060,"Richmond, VA",1258398,644437,606810,1823,0,43,574,3.333333333,79,8,0,53,18,0,26,39,14,"Richmond","VA"
"184",40060,"Richmond, VA",1258398,644437,606810,1231,0,38,349,4.5,88,6,2,57,23,0,15,41,32,"Richmond","VA"
"185",40060,"Richmond, VA",1258398,644437,606810,1325,0,90,460,5.666666667,476,26,8,92,276,74,146,157,173,"Richmond","VA"
"186",40060,"Richmond, VA",1258398,644437,606810,2351,25,245,683,7.666666667,3986,720,270,2169,671,156,778,1403,1805,"Richmond","VA"
"187",40060,"Richmond, VA",1258398,644437,606810,970,41,161,268,10.33333333,1405,87,329,252,691,46,433,422,550,"Richmond","VA"
"188",40060,"Richmond, VA",1258398,644437,606810,2283,9,147,591,5.5,68,5,1,12,50,0,25,23,20,"Richmond","VA"
"189",40060,"Richmond, VA",1258398,644437,606810,816,0,154,224,9.166666667,722,64,61,4,247,346,298,252,172,"Richmond","VA"
"190",40060,"Richmond, VA",1258398,644437,606810,1129,112,215,120,15.16666667,132,27,6,34,27,38,55,69,8,"Richmond","VA"
"191",40060,"Richmond, VA",1258398,644437,606810,9478,148,656,2303,9.666666667,4441,250,1307,687,1922,275,913,1151,2377,"Richmond","VA"
"192",40060,"Richmond, VA",1258398,644437,606810,4313,0,374,1083,5.833333333,164,35,14,42,73,0,48,38,78,"Richmond","VA"
"193",40060,"Richmond, VA",1258398,644437,606810,890,0,96,204,7.166666667,35,15,4,5,11,0,12,15,8,"Richmond","VA"
"194",40060,"Richmond, VA",1258398,644437,606810,2299,21,398,563,7.5,456,33,11,43,352,17,116,192,148,"Richmond","VA"
"195",40060,"Richmond, VA",1258398,644437,606810,1978,9,108,154,7.166666667,4214,168,24,82,3744,196,1234,1054,1926,"Richmond","VA"
"196",40060,"Richmond, VA",1258398,644437,606810,1468,23,119,457,8.5,2861,214,207,1208,1135,97,689,940,1232,"Richmond","VA"
"197",40060,"Richmond, VA",1258398,644437,606810,2795,7,98,833,9,1136,322,36,100,524,154,536,399,201,"Richmond","VA"
"198",40060,"Richmond, VA",1258398,644437,606810,2684,121,342,640,6.166666667,815,5,24,306,480,0,171,422,222,"Richmond","VA"
"199",40060,"Richmond, VA",1258398,644437,606810,2486,0,26,649,7,55,0,5,15,24,11,18,17,20,"Richmond","VA"
"200",40060,"Richmond, VA",1258398,644437,606810,1499,0,221,405,5.166666667,3415,115,55,77,2999,169,591,1141,1683,"Richmond","VA"
"201",40060,"Richmond, VA",1258398,644437,606810,1458,8,26,484,4,254,0,1,210,40,3,28,88,138,"Richmond","VA"
"202",40060,"Richmond, VA",1258398,644437,606810,1774,0,70,582,6.5,299,125,3,66,57,48,125,126,48,"Richmond","VA"
"203",40060,"Richmond, VA",1258398,644437,606810,1881,0,52,554,4.833333333,69,0,3,15,51,0,13,31,25,"Richmond","VA"
"204",40060,"Richmond, VA",1258398,644437,606810,2310,0,119,674,3.333333333,245,12,2,194,37,0,43,81,121,"Richmond","VA"
"205",40060,"Richmond, VA",1258398,644437,606810,2041,0,189,511,5,2854,93,114,2215,414,18,474,1120,1260,"Richmond","VA"
"206",40060,"Richmond, VA",1258398,644437,606810,1758,56,151,365,2.333333333,45,2,0,38,3,2,5,20,20,"Richmond","VA"
"207",40060,"Richmond, VA",1258398,644437,606810,2822,0,275,741,4.833333333,191,0,0,117,74,0,36,61,94,"Richmond","VA"
"208",40060,"Richmond, VA",1258398,644437,606810,1556,35,98,384,7.166666667,702,34,58,294,121,195,212,176,314,"Richmond","VA"
"209",40060,"Richmond, VA",1258398,644437,606810,748,8,60,132,6.666666667,1062,35,48,10,969,0,149,558,355,"Richmond","VA"
"210",40060,"Richmond, VA",1258398,644437,606810,2202,47,219,629,5.5,1253,34,228,44,938,9,359,312,582,"Richmond","VA"
"211",40060,"Richmond, VA",1258398,644437,606810,2256,0,11,782,6.833333333,286,0,22,137,125,2,67,61,158,"Richmond","VA"
"212",40060,"Richmond, VA",1258398,644437,606810,2100,0,245,540,5.166666667,122,0,5,24,91,2,35,59,28,"Richmond","VA"
"213",40060,"Richmond, VA",1258398,644437,606810,921,0,57,281,3.333333333,36,0,1,16,19,0,3,16,17,"Richmond","VA"
"214",40060,"Richmond, VA",1258398,644437,606810,3371,0,222,833,5.666666667,45,2,5,20,18,0,19,18,8,"Richmond","VA"
"215",40060,"Richmond, VA",1258398,644437,606810,3424,89,706,770,10.33333333,2850,1003,104,37,724,982,1353,1032,465,"Richmond","VA"
"216",40060,"Richmond, VA",1258398,644437,606810,3121,79,231,850,6.5,103,0,12,35,56,0,39,44,20,"Richmond","VA"
"217",40060,"Richmond, VA",1258398,644437,606810,2609,20,20,762,5.333333333,138,7,13,83,34,1,28,23,87,"Richmond","VA"
"218",40060,"Richmond, VA",1258398,644437,606810,2642,10,194,742,9,341,27,11,61,215,27,119,109,113,"Richmond","VA"
"219",40060,"Richmond, VA",1258398,644437,606810,1459,30,261,394,8,2489,1016,72,142,963,296,756,1108,625,"Richmond","VA"
"220",40060,"Richmond, VA",1258398,644437,606810,1744,26,220,472,7.666666667,454,19,0,14,409,12,162,153,139,"Richmond","VA"
"221",40060,"Richmond, VA",1258398,644437,606810,1973,12,85,614,4.666666667,73,22,0,24,27,0,19,37,17,"Richmond","VA"
"222",40060,"Richmond, VA",1258398,644437,606810,3590,56,54,1035,5.666666667,136,20,4,50,61,1,25,54,57,"Richmond","VA"
"223",40060,"Richmond, VA",1258398,644437,606810,6346,41,251,1577,8.5,1193,432,31,159,295,276,509,498,186,"Richmond","VA"
"224",40060,"Richmond, VA",1258398,644437,606810,3079,24,395,658,6.666666667,516,31,16,315,122,32,99,188,229,"Richmond","VA"
"225",40060,"Richmond, VA",1258398,644437,606810,557,3,91,113,15.66666667,633,45,30,22,175,361,226,237,170,"Richmond","VA"
"226",40060,"Richmond, VA",1258398,644437,606810,1083,50,147,205,17.83333333,541,127,11,61,108,234,234,215,92,"Richmond","VA"
"227",40060,"Richmond, VA",1258398,644437,606810,1909,176,370,403,18.33333333,1088,102,264,236,173,313,241,323,524,"Richmond","VA"
"228",40060,"Richmond, VA",1258398,644437,606810,1489,79,167,194,16,1054,133,82,338,175,326,311,348,395,"Richmond","VA"
"229",40060,"Richmond, VA",1258398,644437,606810,730,0,72,283,9.833333333,3185,471,843,220,1230,421,657,985,1543,"Richmond","VA"
"230",40060,"Richmond, VA",1258398,644437,606810,504,34,49,184,6.5,136,11,4,55,34,32,45,70,21,"Richmond","VA"
"231",40060,"Richmond, VA",1258398,644437,606810,545,15,143,101,3.833333333,2892,139,2,771,13,1967,1419,792,681,"Richmond","VA"
"232",40060,"Richmond, VA",1258398,644437,606810,1905,90,242,143,9.833333333,6,4,0,0,2,0,4,2,0,"Richmond","VA"
"233",40060,"Richmond, VA",1258398,644437,606810,1523,28,212,212,11.5,43,14,0,6,23,0,9,13,21,"Richmond","VA"
"234",40060,"Richmond, VA",1258398,644437,606810,1646,102,321,218,13.66666667,214,17,0,137,24,36,45,76,93,"Richmond","VA"
"235",40060,"Richmond, VA",1258398,644437,606810,1136,22,282,183,15.33333333,85,3,15,0,67,0,38,28,19,"Richmond","VA"
"236",40060,"Richmond, VA",1258398,644437,606810,1486,93,269,389,16.66666667,1123,306,22,89,170,536,428,491,204,"Richmond","VA"
"237",40060,"Richmond, VA",1258398,644437,606810,478,18,97,113,11.33333333,0,0,0,0,0,0,0,0,0,"Richmond","VA"
"238",40060,"Richmond, VA",1258398,644437,606810,1609,44,470,208,13.33333333,79,10,8,17,30,14,34,34,11,"Richmond","VA"
"239",40060,"Richmond, VA",1258398,644437,606810,695,81,96,76,14,34,0,0,32,2,0,3,18,13,"Richmond","VA"
"240",40060,"Richmond, VA",1258398,644437,606810,2490,446,202,120,12.83333333,11,10,0,0,1,0,2,9,0,"Richmond","VA"
"241",40060,"Richmond, VA",1258398,644437,606810,840,149,66,58,15.16666667,231,30,2,104,95,0,39,87,105,"Richmond","VA"
"242",40060,"Richmond, VA",1258398,644437,606810,1220,57,170,103,14.5,471,0,0,265,204,2,72,120,279,"Richmond","VA"
"243",40060,"Richmond, VA",1258398,644437,606810,1418,27,158,266,14,37,3,8,3,4,19,4,22,11,"Richmond","VA"
"244",40060,"Richmond, VA",1258398,644437,606810,912,0,107,183,12.5,8,0,0,0,8,0,4,2,2,"Richmond","VA"
"245",40060,"Richmond, VA",1258398,644437,606810,1071,7,65,312,5.166666667,147,0,10,80,14,43,46,57,44,"Richmond","VA"
"246",40060,"Richmond, VA",1258398,644437,606810,2320,75,262,657,11.5,587,27,97,7,450,6,129,179,279,"Richmond","VA"
"247",40060,"Richmond, VA",1258398,644437,606810,3185,87,531,363,15.83333333,1505,741,27,21,443,273,628,608,269,"Richmond","VA"
"248",40060,"Richmond, VA",1258398,644437,606810,2102,0,207,320,9.666666667,440,37,83,12,247,61,176,174,90,"Richmond","VA"
"249",40060,"Richmond, VA",1258398,644437,606810,1503,17,108,342,15,883,489,20,21,270,83,411,271,201,"Richmond","VA"
"250",40060,"Richmond, VA",1258398,644437,606810,2202,27,258,582,8.833333333,1088,453,68,43,457,67,404,482,202,"Richmond","VA"
"251",40060,"Richmond, VA",1258398,644437,606810,1928,88,700,324,11.16666667,75,6,61,0,8,0,11,21,43,"Richmond","VA"
"252",40060,"Richmond, VA",1258398,644437,606810,965,0,75,436,6.5,237,6,16,54,84,77,67,97,73,"Richmond","VA"
"253",40060,"Richmond, VA",1258398,644437,606810,3046,0,21,145,3.166666667,747,0,684,11,52,0,36,386,325,"Richmond","VA"
"254",40060,"Richmond, VA",1258398,644437,606810,2018,4,60,643,5.5,156,8,4,41,57,46,65,55,36,"Richmond","VA"
"255",40060,"Richmond, VA",1258398,644437,606810,2190,50,72,670,5.333333333,226,10,7,113,65,31,47,89,90,"Richmond","VA"
"256",40060,"Richmond, VA",1258398,644437,606810,1386,0,134,378,3.333333333,77,5,4,21,41,6,24,40,13,"Richmond","VA"
"257",40060,"Richmond, VA",1258398,644437,606810,942,30,99,295,6.833333333,274,49,12,95,57,61,89,98,87,"Richmond","VA"
"258",40060,"Richmond, VA",1258398,644437,606810,2831,31,160,873,3.5,255,47,4,93,108,3,58,134,63,"Richmond","VA"
"259",40060,"Richmond, VA",1258398,644437,606810,3155,9,261,1157,7,1407,27,275,54,941,110,374,418,615,"Richmond","VA"
"260",40060,"Richmond, VA",1258398,644437,606810,2001,15,166,708,3.333333333,159,11,1,93,37,17,57,59,43,"Richmond","VA"
"261",40060,"Richmond, VA",1258398,644437,606810,2643,0,179,775,7,1006,270,12,397,212,115,291,394,321,"Richmond","VA"
"262",40060,"Richmond, VA",1258398,644437,606810,1586,0,125,512,6.666666667,1311,63,59,691,470,28,272,433,606,"Richmond","VA"
"263",40060,"Richmond, VA",1258398,644437,606810,1158,39,194,215,10.33333333,96,32,3,17,41,3,35,34,27,"Richmond","VA"
"264",40060,"Richmond, VA",1258398,644437,606810,3169,90,380,505,13.66666667,351,128,5,31,85,102,216,85,50,"Richmond","VA"
"265",40060,"Richmond, VA",1258398,644437,606810,1551,46,127,347,9.166666667,31,14,0,3,9,5,15,13,3,"Richmond","VA"
"266",40060,"Richmond, VA",1258398,644437,606810,1299,69,215,312,9.5,128,15,20,56,23,14,37,51,40,"Richmond","VA"
"267",40060,"Richmond, VA",1258398,644437,606810,2274,77,596,324,14.5,1050,269,59,37,495,190,405,365,280,"Richmond","VA"
"268",40060,"Richmond, VA",1258398,644437,606810,619,39,54,113,8.166666667,898,0,7,2,825,64,238,312,348,"Richmond","VA"
"269",40060,"Richmond, VA",1258398,644437,606810,1189,0,262,287,7,18,0,7,3,8,0,4,9,5,"Richmond","VA"
"270",40060,"Richmond, VA",1258398,644437,606810,2764,34,183,787,8,292,31,24,35,194,8,78,120,94,"Richmond","VA"
"271",40060,"Richmond, VA",1258398,644437,606810,1079,0,18,362,6.333333333,55,2,18,13,22,0,20,14,21,"Richmond","VA"
"272",40060,"Richmond, VA",1258398,644437,606810,929,18,188,142,14.33333333,2600,281,105,184,1472,558,1147,957,496,"Richmond","VA"
"273",40060,"Richmond, VA",1258398,644437,606810,1249,9,117,274,12.5,4040,181,2801,103,781,174,362,972,2706,"Richmond","VA"
"274",40060,"Richmond, VA",1258398,644437,606810,1410,14,203,347,8.5,1335,25,57,570,670,13,287,535,513,"Richmond","VA"
"275",40060,"Richmond, VA",1258398,644437,606810,785,0,91,239,12,13215,570,5425,3171,3702,347,1587,3640,7988,"Richmond","VA"
"276",40060,"Richmond, VA",1258398,644437,606810,1706,159,252,220,10.16666667,834,229,91,73,346,95,315,301,218,"Richmond","VA"
"277",40060,"Richmond, VA",1258398,644437,606810,1220,295,327,154,11.66666667,973,45,66,5,774,83,234,421,318,"Richmond","VA"
"278",40060,"Richmond, VA",1258398,644437,606810,828,81,313,150,6.666666667,23,0,5,10,2,6,8,10,5,"Richmond","VA"
"279",40060,"Richmond, VA",1258398,644437,606810,1382,0,301,326,6.666666667,86,0,10,18,54,4,28,37,21,"Richmond","VA"
"280",40060,"Richmond, VA",1258398,644437,606810,1373,13,140,460,5.333333333,35,1,3,0,31,0,6,18,11,"Richmond","VA"
"281",40060,"Richmond, VA",1258398,644437,606810,2631,29,266,626,10.66666667,825,140,113,100,357,115,284,245,296,"Richmond","VA"
"282",40060,"Richmond, VA",1258398,644437,606810,932,11,438,100,14.83333333,930,500,102,13,209,106,269,324,337,"Richmond","VA"
"283",40060,"Richmond, VA",1258398,644437,606810,1829,0,214,478,11,35,6,0,3,26,0,13,11,11,"Richmond","VA"
"284",40060,"Richmond, VA",1258398,644437,606810,869,30,270,235,9.333333333,37,0,1,0,6,30,27,9,1,"Richmond","VA"
"285",40060,"Richmond, VA",1258398,644437,606810,1530,18,103,390,9,447,61,9,21,162,194,165,180,102,"Richmond","VA"
"286",40060,"Richmond, VA",1258398,644437,606810,2656,39,732,493,10.66666667,2608,425,1213,12,394,564,741,991,876,"Richmond","VA"
"287",40060,"Richmond, VA",1258398,644437,606810,1694,0,69,483,8.666666667,285,18,5,11,112,139,132,64,89,"Richmond","VA"
"288",40060,"Richmond, VA",1258398,644437,606810,877,6,85,233,9.5,29,9,2,14,2,2,14,6,9,"Richmond","VA"
"289",40060,"Richmond, VA",1258398,644437,606810,1360,65,155,152,14.83333333,489,49,0,167,273,0,69,228,192,"Richmond","VA"
"290",40060,"Richmond, VA",1258398,644437,606810,1236,259,258,165,7.5,625,12,11,48,449,105,248,258,119,"Richmond","VA"
"291",40060,"Richmond, VA",1258398,644437,606810,2295,14,543,353,7.333333333,159,7,16,9,125,2,34,61,64,"Richmond","VA"
"292",40060,"Richmond, VA",1258398,644437,606810,1161,47,342,235,14.83333333,1399,305,129,46,812,107,228,476,695,"Richmond","VA"
"293",40060,"Richmond, VA",1258398,644437,606810,1294,48,463,195,13.5,496,407,5,7,19,58,163,151,182,"Richmond","VA"
"294",40060,"Richmond, VA",1258398,644437,606810,1291,0,89,366,10,299,46,82,55,92,24,78,83,138,"Richmond","VA"
"295",40060,"Richmond, VA",1258398,644437,606810,1867,49,232,192,11.5,52,0,32,11,9,0,15,31,6,"Richmond","VA"
"296",40060,"Richmond, VA",1258398,644437,606810,950,0,363,181,8.166666667,1179,0,2,1160,17,0,148,307,724,"Richmond","VA"
"297",40060,"Richmond, VA",1258398,644437,606810,1094,24,60,230,11.66666667,173,17,114,29,13,0,35,101,37,"Richmond","VA"
"298",40060,"Richmond, VA",1258398,644437,606810,1660,27,451,359,8.5,93,3,0,0,90,0,8,39,46,"Richmond","VA"
"299",40060,"Richmond, VA",1258398,644437,606810,1079,0,61,331,9.666666667,201,33,11,4,74,79,85,71,45,"Richmond","VA"
"300",40060,"Richmond, VA",1258398,644437,606810,1119,10,82,300,7.166666667,38,0,12,11,15,0,7,14,17,"Richmond","VA"
"301",40060,"Richmond, VA",1258398,644437,606810,789,0,140,222,14,182,6,6,1,102,67,55,57,70,"Richmond","VA"
"302",40060,"Richmond, VA",1258398,644437,606810,1373,35,254,331,18.16666667,5266,1014,1024,98,2608,522,1827,1829,1610,"Richmond","VA"
"303",40060,"Richmond, VA",1258398,644437,606810,1055,17,100,261,11.5,5930,3,690,7,5128,102,692,1630,3608,"Richmond","VA"
"304",40060,"Richmond, VA",1258398,644437,606810,1696,6,177,541,16,3404,498,1467,246,889,304,502,847,2055,"Richmond","VA"
"305",40060,"Richmond, VA",1258398,644437,606810,2394,31,312,424,8.666666667,1645,837,27,156,408,217,548,808,289,"Richmond","VA"
"306",40060,"Richmond, VA",1258398,644437,606810,2106,364,145,94,11.66666667,43,39,0,0,4,0,18,21,4,"Richmond","VA"
"307",40060,"Richmond, VA",1258398,644437,606810,1387,14,301,363,14.16666667,42,0,9,6,27,0,9,20,13,"Richmond","VA"
"308",40060,"Richmond, VA",1258398,644437,606810,1068,4,73,335,12.33333333,88,6,13,12,56,1,20,27,41,"Richmond","VA"
"309",40060,"Richmond, VA",1258398,644437,606810,1375,18,83,335,9,2549,892,126,83,924,524,1186,847,516,"Richmond","VA"
"310",40060,"Richmond, VA",1258398,644437,606810,1050,0,243,190,3.666666667,13,0,13,0,0,0,0,8,5,"Richmond","VA"
"311",40060,"Richmond, VA",1258398,644437,606810,678,0,51,229,6.833333333,74,0,5,19,50,0,24,31,19,"Richmond","VA"
"312",40060,"Richmond, VA",1258398,644437,606810,1470,10,55,310,7.333333333,410,0,0,125,285,0,91,230,89,"Richmond","VA"
"313",40060,"Richmond, VA",1258398,644437,606810,3096,10,148,1007,7.166666667,648,230,13,60,155,190,321,230,97,"Richmond","VA"
"314",40060,"Richmond, VA",1258398,644437,606810,1933,48,313,438,12.16666667,885,56,346,61,231,191,279,322,284,"Richmond","VA"
"315",40060,"Richmond, VA",1258398,644437,606810,2585,28,409,487,9.166666667,200,32,7,25,75,61,103,70,27,"Richmond","VA"
"316",40060,"Richmond, VA",1258398,644437,606810,550,0,39,189,7.833333333,102,0,0,9,36,57,49,33,20,"Richmond","VA"
"317",40060,"Richmond, VA",1258398,644437,606810,2581,13,343,708,8.166666667,215,1,114,41,59,0,28,45,142,"Richmond","VA"
"318",40060,"Richmond, VA",1258398,644437,606810,1849,0,168,459,6.833333333,176,9,1,0,127,39,123,40,13,"Richmond","VA"
"319",40060,"Richmond, VA",1258398,644437,606810,1765,20,390,373,5.5,1414,0,40,560,803,11,299,674,441,"Richmond","VA"
"320",40060,"Richmond, VA",1258398,644437,606810,2378,0,409,593,9.166666667,547,0,58,35,445,9,169,156,222,"Richmond","VA"
"321",40060,"Richmond, VA",1258398,644437,606810,1244,0,66,393,6,39,1,29,2,7,0,4,6,29,"Richmond","VA"
"322",40060,"Richmond, VA",1258398,644437,606810,836,22,123,170,15.16666667,370,119,4,31,62,154,187,109,74,"Richmond","VA"
"323",40060,"Richmond, VA",1258398,644437,606810,412,12,116,81,6,30,1,0,0,29,0,8,18,4,"Richmond","VA"
"324",40060,"Richmond, VA",1258398,644437,606810,1384,7,51,380,7.833333333,112,0,0,13,99,0,37,39,36,"Richmond","VA"
"325",40060,"Richmond, VA",1258398,644437,606810,1008,16,160,274,4.666666667,8,0,1,0,7,0,5,2,1,"Richmond","VA"
"326",40060,"Richmond, VA",1258398,644437,606810,1035,0,138,295,13.66666667,158,0,11,6,40,101,61,62,35,"Richmond","VA"
"327",40060,"Richmond, VA",1258398,644437,606810,4526,293,1278,633,17.33333333,5694,110,2664,613,2095,212,740,1610,3344,"Richmond","VA"
"328",40060,"Richmond, VA",1258398,644437,606810,862,41,186,176,17.16666667,640,0,469,112,53,6,17,35,588,"Richmond","VA"
"329",40060,"Richmond, VA",1258398,644437,606810,1015,20,186,234,14.33333333,713,86,4,365,202,56,131,213,369,"Richmond","VA"
"330",40060,"Richmond, VA",1258398,644437,606810,2274,0,105,405,5.166666667,868,2,472,20,329,45,138,355,375,"Richmond","VA"
"331",40060,"Richmond, VA",1258398,644437,606810,779,32,115,258,3.333333333,30,9,1,9,11,0,13,12,5,"Richmond","VA"
"332",40060,"Richmond, VA",1258398,644437,606810,781,60,152,242,5,129,51,26,26,4,22,40,59,30,"Richmond","VA"
"333",40060,"Richmond, VA",1258398,644437,606810,1048,5,25,32,3.333333333,432,0,398,6,14,14,35,202,195,"Richmond","VA"
"334",40060,"Richmond, VA",1258398,644437,606810,2291,13,118,776,6.166666667,274,17,6,74,153,24,56,104,114,"Richmond","VA"
"335",40060,"Richmond, VA",1258398,644437,606810,637,33,55,212,4,113,0,0,77,35,1,30,38,45,"Richmond","VA"
"336",40060,"Richmond, VA",1258398,644437,606810,3061,16,102,935,3.5,158,2,13,114,29,0,27,59,72,"Richmond","VA"
"337",40060,"Richmond, VA",1258398,644437,606810,1159,9,178,300,2.833333333,19,0,3,14,2,0,6,7,6,"Richmond","VA"
"338",40060,"Richmond, VA",1258398,644437,606810,1329,0,69,407,6.833333333,162,1,14,8,106,33,61,63,38,"Richmond","VA"
"339",40060,"Richmond, VA",1258398,644437,606810,2504,10,76,861,5.166666667,139,0,3,47,55,34,39,49,51,"Richmond","VA"
"340",40060,"Richmond, VA",1258398,644437,606810,1002,0,71,274,4.833333333,1324,4,1087,107,124,2,194,321,809,"Richmond","VA"
"341",40060,"Richmond, VA",1258398,644437,606810,2618,5,98,774,5.833333333,6978,598,259,4963,1008,150,1080,2326,3572,"Richmond","VA"
"342",40060,"Richmond, VA",1258398,644437,606810,2581,124,495,464,14,1264,845,20,41,291,67,324,691,249,"Richmond","VA"
"343",40060,"Richmond, VA",1258398,644437,606810,1161,6,128,366,8.833333333,1288,460,40,18,389,381,615,444,229,"Richmond","VA"
"344",40060,"Richmond, VA",1258398,644437,606810,925,10,48,238,7.833333333,5557,2740,199,251,779,1588,2417,2198,942,"Richmond","VA"
"345",40060,"Richmond, VA",1258398,644437,606810,2192,134,276,512,7.5,688,125,26,55,431,51,282,292,114,"Richmond","VA"
"346",40060,"Richmond, VA",1258398,644437,606810,1023,37,178,326,10.33333333,833,130,63,31,508,101,361,283,189,"Richmond","VA"
"347",40060,"Richmond, VA",1258398,644437,606810,1455,0,140,451,8.166666667,166,0,14,12,121,19,40,79,47,"Richmond","VA"
"348",40060,"Richmond, VA",1258398,644437,606810,1119,23,116,276,9,136,34,12,11,63,16,52,48,36,"Richmond","VA"
"349",40060,"Richmond, VA",1258398,644437,606810,1912,62,298,339,12.16666667,485,112,58,47,131,137,189,216,80,"Richmond","VA"
"350",40060,"Richmond, VA",1258398,644437,606810,745,52,159,109,5.5,680,0,2,9,669,0,136,174,370,"Richmond","VA"
"351",40060,"Richmond, VA",1258398,644437,606810,821,59,143,121,7.833333333,17,10,0,2,5,0,8,7,2,"Richmond","VA"
"352",40060,"Richmond, VA",1258398,644437,606810,719,18,139,119,11,412,237,19,1,42,113,213,135,64,"Richmond","VA"
"353",40060,"Richmond, VA",1258398,644437,606810,1310,68,190,209,7.5,5,0,0,2,3,0,2,3,0,"Richmond","VA"
"354",40060,"Richmond, VA",1258398,644437,606810,2692,30,261,748,5.666666667,27,5,5,6,11,0,10,6,11,"Richmond","VA"
"355",40060,"Richmond, VA",1258398,644437,606810,949,10,211,171,9.666666667,1159,299,38,11,261,550,623,415,121,"Richmond","VA"
"356",40060,"Richmond, VA",1258398,644437,606810,1392,78,376,177,5.166666667,131,11,0,0,26,94,94,30,7,"Richmond","VA"
"357",40060,"Richmond, VA",1258398,644437,606810,1035,33,112,273,5.166666667,44,12,0,2,30,0,35,8,1,"Richmond","VA"
"358",40060,"Richmond, VA",1258398,644437,606810,2432,92,536,393,5,27,0,0,0,27,0,7,11,9,"Richmond","VA"
"359",40060,"Richmond, VA",1258398,644437,606810,896,14,77,278,13.33333333,895,87,1,629,82,96,168,233,494,"Richmond","VA"
"360",40060,"Richmond, VA",1258398,644437,606810,2438,109,389,494,10.5,234,172,5,0,44,13,131,83,20,"Richmond","VA"
"361",40060,"Richmond, VA",1258398,644437,606810,2012,101,404,389,7.166666667,176,10,0,75,77,14,34,50,92,"Richmond","VA"
"362",40060,"Richmond, VA",1258398,644437,606810,1161,178,193,145,4.666666667,8,0,0,0,8,0,5,3,0,"Richmond","VA"
"363",40060,"Richmond, VA",1258398,644437,606810,2095,210,325,432,8,8857,44,106,139,8559,9,1932,2415,4510,"Richmond","VA"
"364",40060,"Richmond, VA",1258398,644437,606810,1547,18,286,302,8.166666667,150,22,41,0,64,23,66,43,41,"Richmond","VA"
"365",40060,"Richmond, VA",1258398,644437,606810,1245,7,182,235,9.666666667,12,0,0,0,12,0,4,8,0,"Richmond","VA"
"366",40060,"Richmond, VA",1258398,644437,606810,3754,0,152,1116,5.5,210,41,2,85,79,3,62,90,58,"Richmond","VA"
"367",40060,"Richmond, VA",1258398,644437,606810,2833,147,523,424,11,27,4,6,11,6,0,6,17,4,"Richmond","VA"
"368",40060,"Richmond, VA",1258398,644437,606810,1600,275,231,144,12,253,78,14,49,103,9,91,112,50,"Richmond","VA"
"369",40060,"Richmond, VA",1258398,644437,606810,1936,192,227,427,13.83333333,26,15,6,0,5,0,7,10,9,"Richmond","VA"
"370",40060,"Richmond, VA",1258398,644437,606810,1528,44,446,358,12.66666667,179,6,15,8,150,0,38,69,72,"Richmond","VA"
"371",40060,"Richmond, VA",1258398,644437,606810,0,0,0,0,2.5,2728,14,5,2347,362,0,247,200,2281,"Richmond","VA"
"372",40060,"Richmond, VA",1258398,644437,606810,1094,87,181,175,15.16666667,280,0,3,0,277,0,33,172,75,"Richmond","VA"
"373",40060,"Richmond, VA",1258398,644437,606810,1062,207,322,154,17,3272,164,950,528,1596,34,662,1051,1559,"Richmond","VA"
"374",40060,"Richmond, VA",1258398,644437,606810,1958,62,392,528,16.16666667,266,24,7,19,104,112,66,108,92,"Richmond","VA"
"375",40060,"Richmond, VA",1258398,644437,606810,965,11,173,276,17.33333333,1245,158,124,126,750,87,413,367,465,"Richmond","VA"
"376",40060,"Richmond, VA",1258398,644437,606810,759,0,62,247,15.16666667,56,14,15,13,14,0,9,22,25,"Richmond","VA"
"377",40060,"Richmond, VA",1258398,644437,606810,1344,10,267,374,18.33333333,969,297,97,52,287,236,389,328,252,"Richmond","VA"
"378",40060,"Richmond, VA",1258398,644437,606810,1315,0,80,440,14.83333333,916,137,49,7,254,469,349,329,238,"Richmond","VA"
"379",40060,"Richmond, VA",1258398,644437,606810,2219,0,0,0,7.833333333,2,0,0,0,2,0,1,1,0,"Richmond","VA"
"380",40060,"Richmond, VA",1258398,644437,606810,1220,10,151,396,17.16666667,685,118,50,10,372,135,207,257,221,"Richmond","VA"
"381",40060,"Richmond, VA",1258398,644437,606810,1101,8,248,306,14.66666667,159,3,4,7,58,87,55,65,39,"Richmond","VA"
"382",40060,"Richmond, VA",1258398,644437,606810,2155,169,225,428,14,295,104,35,15,79,62,106,122,67,"Richmond","VA"
"383",40060,"Richmond, VA",1258398,644437,606810,2655,0,110,722,5,88,0,9,0,78,1,14,10,64,"Richmond","VA"
"384",40060,"Richmond, VA",1258398,644437,606810,2067,0,246,479,5.666666667,62,0,0,10,52,0,27,17,18,"Richmond","VA"
"385",40060,"Richmond, VA",1258398,644437,606810,1196,52,204,281,5.833333333,14,0,0,1,13,0,10,1,3,"Richmond","VA"
"386",40060,"Richmond, VA",1258398,644437,606810,618,31,359,74,12.66666667,619,299,124,0,29,167,207,219,193,"Richmond","VA"
"387",40060,"Richmond, VA",1258398,644437,606810,635,0,218,93,11,167,15,0,70,82,0,38,69,60,"Richmond","VA"
"388",40060,"Richmond, VA",1258398,644437,606810,2011,14,439,448,14,271,46,60,49,75,41,67,118,86,"Richmond","VA"
"389",40060,"Richmond, VA",1258398,644437,606810,5174,16,405,1580,8.5,380,4,61,86,176,53,79,148,153,"Richmond","VA"
"390",40060,"Richmond, VA",1258398,644437,606810,1463,11,185,410,13.16666667,268,51,19,3,66,129,116,95,57,"Richmond","VA"
"391",40060,"Richmond, VA",1258398,644437,606810,1901,44,102,522,7,97,0,21,24,50,2,17,26,54,"Richmond","VA"
"392",40060,"Richmond, VA",1258398,644437,606810,1510,0,186,419,6.166666667,23,0,0,6,17,0,7,7,9,"Richmond","VA"
"393",40060,"Richmond, VA",1258398,644437,606810,2880,0,124,788,8.333333333,113,14,4,24,70,1,36,43,34,"Richmond","VA"
"394",40060,"Richmond, VA",1258398,644437,606810,1641,47,399,326,6.833333333,31,0,9,3,19,0,7,9,15,"Richmond","VA"
"395",40060,"Richmond, VA",1258398,644437,606810,1210,23,223,308,16.33333333,845,196,70,73,295,211,212,356,277,"Richmond","VA"
"396",40060,"Richmond, VA",1258398,644437,606810,1043,0,66,273,10.33333333,8,0,3,0,4,1,3,5,0,"Richmond","VA"
"397",40060,"Richmond, VA",1258398,644437,606810,966,0,137,311,12.33333333,232,4,15,20,190,3,78,105,49,"Richmond","VA"
"398",40060,"Richmond, VA",1258398,644437,606810,2111,22,286,419,15.5,883,168,133,46,194,342,363,335,185,"Richmond","VA"
"399",40060,"Richmond, VA",1258398,644437,606810,1121,14,454,200,15.16666667,148,40,59,0,28,21,33,58,57,"Richmond","VA"
"400",40060,"Richmond, VA",1258398,644437,606810,1414,0,76,389,5.5,47,5,1,28,13,0,13,9,25,"Richmond","VA"
"401",40060,"Richmond, VA",1258398,644437,606810,2924,23,258,648,10,581,93,162,58,230,38,123,191,267,"Richmond","VA"
"402",40060,"Richmond, VA",1258398,644437,606810,3221,54,561,721,10.33333333,148,70,8,50,10,10,50,60,38,"Richmond","VA"
"403",40060,"Richmond, VA",1258398,644437,606810,1040,89,195,158,7.333333333,2461,37,224,1726,392,82,287,714,1460,"Richmond","VA"
"404",40060,"Richmond, VA",1258398,644437,606810,2412,7,202,670,5.166666667,121,0,0,63,19,39,40,43,38,"Richmond","VA"
"405",40060,"Richmond, VA",1258398,644437,606810,3534,11,409,743,11.66666667,219,38,0,58,84,39,81,95,43,"Richmond","VA"
"406",40060,"Richmond, VA",1258398,644437,606810,1846,0,162,572,12.5,148,22,0,13,113,0,70,66,12,"Richmond","VA"
"407",40060,"Richmond, VA",1258398,644437,606810,2243,269,495,484,8.333333333,1009,36,88,69,690,126,276,469,264,"Richmond","VA"
"408",40060,"Richmond, VA",1258398,644437,606810,2498,117,640,355,15.66666667,4427,1071,122,1028,509,1697,1888,1503,1036,"Richmond","VA"
"409",40060,"Richmond, VA",1258398,644437,606810,1405,0,280,265,14.33333333,1893,68,128,831,733,133,518,611,764,"Richmond","VA"
"410",40060,"Richmond, VA",1258398,644437,606810,2829,38,630,326,11.66666667,279,25,2,9,243,0,97,116,66,"Richmond","VA"
"411",40060,"Richmond, VA",1258398,644437,606810,1391,37,192,347,14,264,46,29,65,88,36,99,96,69,"Richmond","VA"
"412",40060,"Richmond, VA",1258398,644437,606810,0,0,0,0,8.833333333,2541,58,255,1143,944,141,789,918,834,"Richmond","VA"
"413",40060,"Richmond, VA",1258398,644437,606810,3270,20,828,581,14.33333333,4449,2098,408,156,454,1333,1660,1748,1041,"Richmond","VA"
"414",40060,"Richmond, VA",1258398,644437,606810,2574,19,106,748,7.333333333,210,10,3,12,95,90,76,80,54,"Richmond","VA"
"415",40060,"Richmond, VA",1258398,644437,606810,1241,40,82,326,9.5,513,121,24,164,33,171,215,158,140,"Richmond","VA"
"416",40060,"Richmond, VA",1258398,644437,606810,1133,0,119,364,5.5,23,17,0,2,4,0,8,10,5,"Richmond","VA"
"417",40060,"Richmond, VA",1258398,644437,606810,2620,6,25,764,8,120,15,13,36,39,17,30,38,52,"Richmond","VA"
"418",40060,"Richmond, VA",1258398,644437,606810,2470,6,267,625,7.166666667,53,8,0,6,22,17,32,15,6,"Richmond","VA"
"419",40060,"Richmond, VA",1258398,644437,606810,844,71,179,140,14,288,123,26,0,139,0,138,91,59,"Richmond","VA"
"420",40060,"Richmond, VA",1258398,644437,606810,1058,38,285,196,12,1219,96,2,785,334,2,213,419,587,"Richmond","VA"
"421",40060,"Richmond, VA",1258398,644437,606810,1120,25,498,197,8.5,92,0,0,19,59,14,41,15,36,"Richmond","VA"
"422",40060,"Richmond, VA",1258398,644437,606810,2044,0,149,608,6.166666667,34,16,1,7,10,0,12,11,11,"Richmond","VA"
"423",40060,"Richmond, VA",1258398,644437,606810,2199,199,496,335,11.83333333,2330,63,477,472,1246,72,514,737,1079,"Richmond","VA"
"424",40060,"Richmond, VA",1258398,644437,606810,1310,182,86,213,12.33333333,2175,70,14,975,1071,45,615,900,660,"Richmond","VA"
"425",40060,"Richmond, VA",1258398,644437,606810,1233,33,275,237,9.166666667,79,1,0,70,8,0,11,42,26,"Richmond","VA"
"426",40060,"Richmond, VA",1258398,644437,606810,1547,22,250,456,16.83333333,554,62,69,34,263,126,160,222,172,"Richmond","VA"
"427",40060,"Richmond, VA",1258398,644437,606810,1177,264,222,173,16.33333333,164,8,1,18,95,42,59,76,29,"Richmond","VA"
"428",40060,"Richmond, VA",1258398,644437,606810,1810,81,267,419,16.5,92,27,0,26,23,16,20,38,34,"Richmond","VA"
"429",40060,"Richmond, VA",1258398,644437,606810,1372,12,138,243,17.83333333,1699,212,120,806,390,171,510,575,614,"Richmond","VA"
"430",40060,"Richmond, VA",1258398,644437,606810,1556,128,123,171,13,24,2,2,1,19,0,2,15,7,"Richmond","VA"
"431",40060,"Richmond, VA",1258398,644437,606810,1850,221,218,179,14.16666667,560,138,14,352,42,14,103,154,303,"Richmond","VA"
"432",40060,"Richmond, VA",1258398,644437,606810,2805,5,111,666,5.166666667,25,5,0,0,20,0,5,0,20,"Richmond","VA"
"433",40060,"Richmond, VA",1258398,644437,606810,3386,0,5,3,3.333333333,443,0,375,0,63,5,24,291,128,"Richmond","VA"
"434",40060,"Richmond, VA",1258398,644437,606810,1306,6,84,403,4.833333333,111,2,8,68,28,5,36,52,23,"Richmond","VA"
"435",40060,"Richmond, VA",1258398,644437,606810,3860,0,148,1126,8.166666667,1190,70,100,592,364,64,239,388,563,"Richmond","VA"
"436",40060,"Richmond, VA",1258398,644437,606810,996,14,87,376,7.5,131,3,2,24,91,11,68,52,11,"Richmond","VA"
"437",40060,"Richmond, VA",1258398,644437,606810,2403,86,281,629,6.666666667,287,6,0,26,255,0,81,119,87,"Richmond","VA"
"438",40060,"Richmond, VA",1258398,644437,606810,1379,8,221,353,7.833333333,2986,1443,262,2,290,989,1419,1154,413,"Richmond","VA"
"439",40060,"Richmond, VA",1258398,644437,606810,2151,0,190,561,6.5,138,70,0,38,14,16,62,45,31,"Richmond","VA"
"440",40060,"Richmond, VA",1258398,644437,606810,1527,30,362,197,14.16666667,517,3,31,228,230,25,79,202,236,"Richmond","VA"
"441",40060,"Richmond, VA",1258398,644437,606810,821,9,106,175,10.83333333,77,17,0,48,12,0,29,35,13,"Richmond","VA"
"442",40060,"Richmond, VA",1258398,644437,606810,998,8,129,295,11.66666667,138,0,6,5,127,0,42,59,37,"Richmond","VA"
"443",40060,"Richmond, VA",1258398,644437,606810,1115,0,86,265,6.166666667,47,16,0,4,27,0,24,22,1,"Richmond","VA"
"444",40060,"Richmond, VA",1258398,644437,606810,1402,39,424,323,7.833333333,312,88,19,16,136,53,154,123,35,"Richmond","VA"
"445",40060,"Richmond, VA",1258398,644437,606810,2159,14,577,445,7.166666667,160,0,19,16,104,21,64,43,53,"Richmond","VA"
"446",40060,"Richmond, VA",1258398,644437,606810,1933,0,490,387,9.166666667,72,3,43,7,14,5,8,30,34,"Richmond","VA"
"447",40060,"Richmond, VA",1258398,644437,606810,1437,0,67,289,5.166666667,21,0,2,2,17,0,7,8,6,"Richmond","VA"
"448",40060,"Richmond, VA",1258398,644437,606810,2615,0,118,700,3.833333333,14,0,0,5,9,0,4,7,3,"Richmond","VA"
"449",40060,"Richmond, VA",1258398,644437,606810,941,0,33,274,10.83333333,505,69,11,5,207,213,256,179,70,"Richmond","VA"
"450",40060,"Richmond, VA",1258398,644437,606810,3919,177,764,863,8.666666667,1167,456,74,93,296,248,502,412,253,"Richmond","VA"
"451",40060,"Richmond, VA",1258398,644437,606810,2166,41,89,595,6.166666667,111,27,0,15,26,43,43,30,38,"Richmond","VA"
"452",40060,"Richmond, VA",1258398,644437,606810,795,22,156,204,4.333333333,6,0,0,5,1,0,1,2,3,"Richmond","VA"
"453",40060,"Richmond, VA",1258398,644437,606810,2356,194,169,588,6.166666667,304,21,0,15,268,0,100,148,56,"Richmond","VA"
"454",40060,"Richmond, VA",1258398,644437,606810,756,5,76,191,7.333333333,751,122,5,13,392,219,234,274,243,"Richmond","VA"
"455",40060,"Richmond, VA",1258398,644437,606810,1257,13,215,300,8,15,0,4,3,2,6,5,6,4,"Richmond","VA"
"456",40060,"Richmond, VA",1258398,644437,606810,1639,0,168,376,12.33333333,398,69,44,97,109,79,118,151,129,"Richmond","VA"
"457",40060,"Richmond, VA",1258398,644437,606810,2310,23,451,446,9.5,197,84,29,43,39,2,44,69,84,"Richmond","VA"
"458",40060,"Richmond, VA",1258398,644437,606810,434,36,123,127,16.16666667,811,303,26,23,247,212,397,319,95,"Richmond","VA"
"459",40060,"Richmond, VA",1258398,644437,606810,1922,56,89,674,3.666666667,77,0,23,37,17,0,19,26,32,"Richmond","VA"
"460",40060,"Richmond, VA",1258398,644437,606810,938,0,96,253,3.333333333,7,3,0,2,2,0,3,4,0,"Richmond","VA"
"461",40060,"Richmond, VA",1258398,644437,606810,1561,27,164,318,7,1123,0,892,24,206,1,85,388,650,"Richmond","VA"
"462",40060,"Richmond, VA",1258398,644437,606810,1808,70,325,326,12.16666667,5629,14,350,219,5009,37,905,1662,3062,"Richmond","VA"
"463",40060,"Richmond, VA",1258398,644437,606810,1834,5,376,441,4.833333333,65,0,5,28,32,0,11,38,16,"Richmond","VA"
"464",40060,"Richmond, VA",1258398,644437,606810,1912,15,29,611,4.833333333,222,3,15,18,46,140,86,61,75,"Richmond","VA"
"465",40060,"Richmond, VA",1258398,644437,606810,1871,35,142,437,3.833333333,1088,10,0,1010,58,10,145,313,630,"Richmond","VA"
"466",40060,"Richmond, VA",1258398,644437,606810,1398,38,539,146,10.33333333,123,0,23,0,78,22,24,60,39,"Richmond","VA"
"467",40060,"Richmond, VA",1258398,644437,606810,1234,44,163,255,10.16666667,111,0,0,108,3,0,17,37,57,"Richmond","VA"
"468",40060,"Richmond, VA",1258398,644437,606810,2741,12,245,727,6.833333333,480,7,5,28,382,58,333,95,52,"Richmond","VA"
"469",40060,"Richmond, VA",1258398,644437,606810,1769,45,136,402,14,139,4,40,17,66,12,30,46,63,"Richmond","VA"
"470",40060,"Richmond, VA",1258398,644437,606810,2092,14,112,596,6.166666667,35,0,0,18,17,0,12,19,4,"Richmond","VA"
"471",40060,"Richmond, VA",1258398,644437,606810,2182,0,197,566,6,58,0,1,8,18,31,17,29,12,"Richmond","VA"
"472",40060,"Richmond, VA",1258398,644437,606810,1456,9,131,512,5.833333333,47,1,4,15,25,2,9,20,18,"Richmond","VA"
"473",40060,"Richmond, VA",1258398,644437,606810,2197,7,375,430,7.333333333,198,0,0,198,0,0,16,36,146,"Richmond","VA"
"474",40060,"Richmond, VA",1258398,644437,606810,4536,0,149,1438,5,110,3,4,18,85,0,54,33,23,"Richmond","VA"
"475",40060,"Richmond, VA",1258398,644437,606810,1527,0,46,325,6.333333333,2,0,0,0,2,0,1,0,1,"Richmond","VA"
"476",40060,"Richmond, VA",1258398,644437,606810,741,41,94,224,2,24,3,0,18,3,0,8,7,9,"Richmond","VA"
"477",40060,"Richmond, VA",1258398,644437,606810,1885,13,103,524,5,75,3,4,17,27,24,27,36,12,"Richmond","VA"
"478",40060,"Richmond, VA",1258398,644437,606810,603,0,51,148,6.5,1074,32,37,2,537,466,222,595,257,"Richmond","VA"
"479",40060,"Richmond, VA",1258398,644437,606810,2435,96,529,384,8.333333333,983,103,89,61,487,243,269,379,335,"Richmond","VA"
"480",40060,"Richmond, VA",1258398,644437,606810,724,28,102,156,7.333333333,893,365,16,292,123,97,192,342,359,"Richmond","VA"
"481",40060,"Richmond, VA",1258398,644437,606810,2303,13,92,703,5,262,10,0,38,77,137,134,80,48,"Richmond","VA"
"482",40060,"Richmond, VA",1258398,644437,606810,3275,21,81,998,6.166666667,303,52,26,68,105,52,79,103,121,"Richmond","VA"
"483",40060,"Richmond, VA",1258398,644437,606810,2809,0,214,852,5.166666667,7070,378,115,5435,869,273,866,2816,3388,"Richmond","VA"
"484",40060,"Richmond, VA",1258398,644437,606810,2511,19,96,791,4.833333333,1352,37,9,1080,159,67,207,854,291,"Richmond","VA"
"485",40060,"Richmond, VA",1258398,644437,606810,1768,24,133,556,4.666666667,550,32,6,401,110,1,202,246,102,"Richmond","VA"
"486",40060,"Richmond, VA",1258398,644437,606810,1449,42,76,486,4.833333333,106,16,0,29,56,5,39,42,25,"Richmond","VA"
"487",40060,"Richmond, VA",1258398,644437,606810,1783,0,140,636,3.666666667,117,26,3,73,15,0,23,58,36,"Richmond","VA"
"488",40060,"Richmond, VA",1258398,644437,606810,1237,0,142,308,7.5,365,16,2,55,180,112,135,143,87,"Richmond","VA"
"489",40060,"Richmond, VA",1258398,644437,606810,1095,18,121,338,7.333333333,17,3,8,0,4,2,11,6,0,"Richmond","VA"
"490",40060,"Richmond, VA",1258398,644437,606810,3632,8,469,912,6.333333333,29,0,12,0,17,0,12,14,3,"Richmond","VA"
"491",40060,"Richmond, VA",1258398,644437,606810,2688,0,26,929,4.5,230,5,11,117,97,0,50,98,82,"Richmond","VA"
"492",40060,"Richmond, VA",1258398,644437,606810,1927,0,107,626,7.333333333,548,143,12,152,138,103,180,222,146,"Richmond","VA"
"493",40060,"Richmond, VA",1258398,644437,606810,1196,0,26,381,3.5,192,0,4,161,27,0,19,48,125,"Richmond","VA"
"494",40060,"Richmond, VA",1258398,644437,606810,1972,12,107,434,5.666666667,351,65,56,197,18,15,69,154,128,"Richmond","VA"
"495",40060,"Richmond, VA",1258398,644437,606810,1567,12,49,480,7.166666667,1633,18,273,355,943,44,403,522,708,"Richmond","VA"
"496",40060,"Richmond, VA",1258398,644437,606810,2870,29,266,930,4.666666667,205,11,7,89,34,64,75,58,72,"Richmond","VA"
"497",40060,"Richmond, VA",1258398,644437,606810,1850,0,132,606,5.333333333,133,22,3,56,27,25,35,48,50,"Richmond","VA"
"498",40060,"Richmond, VA",1258398,644437,606810,1348,0,82,383,5.333333333,135,2,29,35,57,12,42,53,40,"Richmond","VA"
"499",40060,"Richmond, VA",1258398,644437,606810,1094,40,24,337,5.5,225,42,3,105,41,34,64,72,89,"Richmond","VA"
"500",40060,"Richmond, VA",1258398,644437,606810,1984,31,87,642,4.5,90,14,1,38,34,3,34,23,33,"Richmond","VA"
"501",40060,"Richmond, VA",1258398,644437,606810,4188,32,142,1333,6.5,584,139,50,187,121,87,196,220,168,"Richmond","VA"
"502",40060,"Richmond, VA",1258398,644437,606810,1579,22,118,473,3.5,138,6,0,76,56,0,21,49,68,"Richmond","VA"
"503",40060,"Richmond, VA",1258398,644437,606810,1731,0,158,433,6.166666667,486,27,79,150,223,7,135,188,163,"Richmond","VA"
"504",40060,"Richmond, VA",1258398,644437,606810,661,22,92,152,4.833333333,20,1,0,0,5,14,10,10,0,"Richmond","VA"
"505",40060,"Richmond, VA",1258398,644437,606810,1712,0,5,0,8.333333333,1337,10,5,0,1189,133,321,329,687,"Richmond","VA"
"506",40060,"Richmond, VA",1258398,644437,606810,509,16,68,116,5,27,0,0,0,27,0,15,12,0,"Richmond","VA"
"507",40060,"Richmond, VA",1258398,644437,606810,2049,15,138,573,4.166666667,14,0,0,4,10,0,4,6,4,"Richmond","VA"
"508",40060,"Richmond, VA",1258398,644437,606810,720,0,170,143,5,136,103,3,1,27,2,68,55,13,"Richmond","VA"
"509",40060,"Richmond, VA",1258398,644437,606810,5004,47,332,1372,9.166666667,3382,327,306,947,1060,742,940,1024,1418,"Richmond","VA"
"510",40060,"Richmond, VA",1258398,644437,606810,1436,10,68,437,4.833333333,33,0,0,14,16,3,9,15,9,"Richmond","VA"
"511",40060,"Richmond, VA",1258398,644437,606810,3685,13,218,1016,6,103,3,5,54,35,6,50,17,36,"Richmond","VA"
"512",40060,"Richmond, VA",1258398,644437,606810,2333,27,198,738,7.833333333,327,2,101,11,105,108,88,120,119,"Richmond","VA"
"513",40060,"Richmond, VA",1258398,644437,606810,786,45,0,221,4.333333333,10,0,0,3,7,0,2,4,4,"Richmond","VA"
"514",40060,"Richmond, VA",1258398,644437,606810,2665,84,397,561,9,1301,254,48,114,463,422,512,482,307,"Richmond","VA"
"515",40060,"Richmond, VA",1258398,644437,606810,1145,0,45,239,5.166666667,12,0,0,0,12,0,1,4,7,"Richmond","VA"
"516",40060,"Richmond, VA",1258398,644437,606810,533,0,77,192,7.833333333,748,65,3,21,551,108,405,238,105,"Richmond","VA"
"517",40060,"Richmond, VA",1258398,644437,606810,1619,0,75,548,9.166666667,2044,883,70,295,567,229,645,766,633,"Richmond","VA"
"518",40060,"Richmond, VA",1258398,644437,606810,1763,14,110,469,8,1028,107,248,56,565,52,477,310,241,"Richmond","VA"
"519",40060,"Richmond, VA",1258398,644437,606810,893,30,156,183,5.666666667,49,12,0,12,25,0,22,18,9,"Richmond","VA"
"520",40060,"Richmond, VA",1258398,644437,606810,4758,16,275,1340,5.333333333,204,23,10,88,82,1,53,83,68,"Richmond","VA"
"521",40060,"Richmond, VA",1258398,644437,606810,1578,14,140,509,3.333333333,860,28,4,747,76,5,73,298,489,"Richmond","VA"
"522",40060,"Richmond, VA",1258398,644437,606810,1888,300,270,181,8.5,348,49,5,164,107,23,88,101,159,"Richmond","VA"
"523",40060,"Richmond, VA",1258398,644437,606810,2229,0,41,720,7.833333333,206,15,11,34,115,31,55,81,70,"Richmond","VA"
"524",40060,"Richmond, VA",1258398,644437,606810,1701,15,208,326,4.333333333,19,0,11,7,1,0,6,5,8,"Richmond","VA"
"525",40060,"Richmond, VA",1258398,644437,606810,1444,0,122,383,8.833333333,355,85,28,17,123,102,161,139,55,"Richmond","VA"
"526",40060,"Richmond, VA",1258398,644437,606810,901,7,88,300,6.5,9,0,2,2,4,1,5,4,0,"Richmond","VA"
"527",40060,"Richmond, VA",1258398,644437,606810,3563,7,159,951,7.5,384,132,18,27,192,15,144,164,76,"Richmond","VA"
"528",40060,"Richmond, VA",1258398,644437,606810,1729,63,264,255,6.333333333,23,0,21,0,0,2,4,9,10,"Richmond","VA"
"529",40060,"Richmond, VA",1258398,644437,606810,1223,0,13,392,4.166666667,5946,2,285,4596,1021,42,1078,2477,2391,"Richmond","VA"
"530",40060,"Richmond, VA",1258398,644437,606810,1498,28,238,306,9.333333333,2598,155,109,2256,52,26,162,296,2140,"Richmond","VA"
"531",40060,"Richmond, VA",1258398,644437,606810,2105,151,376,369,10.83333333,288,107,31,65,53,32,68,109,111,"Richmond","VA"
"532",40060,"Richmond, VA",1258398,644437,606810,929,0,64,342,7,74,0,22,6,33,13,23,21,30,"Richmond","VA"
"533",40060,"Richmond, VA",1258398,644437,606810,919,29,23,227,9,2429,18,547,634,1151,79,226,548,1655,"Richmond","VA"
"534",40060,"Richmond, VA",1258398,644437,606810,451,0,121,118,8.666666667,642,120,76,106,316,24,170,252,220,"Richmond","VA"
"535",40060,"Richmond, VA",1258398,644437,606810,1231,9,19,365,6.166666667,298,73,0,111,51,63,81,104,113,"Richmond","VA"
"536",40060,"Richmond, VA",1258398,644437,606810,3309,39,87,921,6.166666667,250,94,6,9,20,121,160,71,19,"Richmond","VA"
"537",40060,"Richmond, VA",1258398,644437,606810,2244,158,509,434,9.166666667,437,67,72,62,134,102,214,138,85,"Richmond","VA"
"538",40060,"Richmond, VA",1258398,644437,606810,1202,51,134,213,10,312,0,0,308,4,0,38,113,161,"Richmond","VA"
"539",40060,"Richmond, VA",1258398,644437,606810,1922,15,16,553,2.666666667,13,0,0,0,13,0,6,7,0,"Richmond","VA"
"540",40060,"Richmond, VA",1258398,644437,606810,835,0,203,163,8.333333333,993,191,339,292,92,79,193,331,469,"Richmond","VA"
"541",40060,"Richmond, VA",1258398,644437,606810,1298,0,104,327,6.666666667,11,5,1,2,3,0,2,5,4,"Richmond","VA"
"542",40060,"Richmond, VA",1258398,644437,606810,2173,0,42,731,4.5,257,3,8,163,56,27,62,104,91,"Richmond","VA"
"543",40060,"Richmond, VA",1258398,644437,606810,2310,8,184,690,8.666666667,999,502,94,37,256,110,289,375,335,"Richmond","VA"
"544",40060,"Richmond, VA",1258398,644437,606810,3072,15,160,803,6.166666667,204,1,10,35,59,99,105,35,64,"Richmond","VA"
"545",40060,"Richmond, VA",1258398,644437,606810,2303,0,104,611,8.5,1165,182,29,13,765,176,453,525,187,"Richmond","VA"
"546",40060,"Richmond, VA",1258398,644437,606810,1676,18,122,511,7,127,36,0,24,35,32,52,46,29,"Richmond","VA"
"547",40060,"Richmond, VA",1258398,644437,606810,1331,0,88,535,5.166666667,98,0,1,14,22,61,64,21,13,"Richmond","VA"
"548",40060,"Richmond, VA",1258398,644437,606810,4486,97,519,1116,8.833333333,1198,169,139,82,543,265,467,434,297,"Richmond","VA"
"549",40060,"Richmond, VA",1258398,644437,606810,1409,0,95,537,9.166666667,1236,62,77,443,449,205,354,323,559,"Richmond","VA"
"550",40060,"Richmond, VA",1258398,644437,606810,1229,7,128,279,5.166666667,42,4,0,25,10,3,14,10,18,"Richmond","VA"
"551",40060,"Richmond, VA",1258398,644437,606810,893,12,97,303,6.333333333,391,18,109,32,217,15,117,117,157,"Richmond","VA"
"552",40060,"Richmond, VA",1258398,644437,606810,1141,56,101,361,3.5,99,4,3,52,8,32,49,32,18,"Richmond","VA"
"553",40060,"Richmond, VA",1258398,644437,606810,1022,33,84,267,4.833333333,68,8,8,25,27,0,26,23,19,"Richmond","VA"
"554",40060,"Richmond, VA",1258398,644437,606810,1365,27,102,367,3.833333333,214,9,0,166,39,0,32,85,97,"Richmond","VA"
"555",40060,"Richmond, VA",1258398,644437,606810,996,35,124,224,5,130,0,15,66,29,20,20,54,56,"Richmond","VA"
"556",40060,"Richmond, VA",1258398,644437,606810,1441,27,106,313,4.333333333,54,6,11,25,6,6,18,18,18,"Richmond","VA"
"557",40060,"Richmond, VA",1258398,644437,606810,1165,14,101,298,4,90,2,48,21,19,0,19,38,33,"Richmond","VA"
"558",40060,"Richmond, VA",1258398,644437,606810,1637,12,103,480,4.333333333,2286,24,200,1932,130,0,346,1200,740,"Richmond","VA"
"559",40060,"Richmond, VA",1258398,644437,606810,2149,84,284,456,5.333333333,415,34,1,226,89,65,72,117,226,"Richmond","VA"
"560",40060,"Richmond, VA",1258398,644437,606810,1800,55,83,490,2.5,32,0,0,21,11,0,11,14,7,"Richmond","VA"
"561",40060,"Richmond, VA",1258398,644437,606810,1438,0,153,399,3.166666667,30,0,0,16,10,4,14,10,6,"Richmond","VA"
"562",40060,"Richmond, VA",1258398,644437,606810,997,17,137,282,4.333333333,80,16,0,36,28,0,41,23,16,"Richmond","VA"
"563",40060,"Richmond, VA",1258398,644437,606810,1384,0,201,366,1.833333333,34,0,6,26,2,0,12,18,4,"Richmond","VA"
"564",40060,"Richmond, VA",1258398,644437,606810,559,0,73,155,2.666666667,26,13,0,3,10,0,6,12,8,"Richmond","VA"
"565",40060,"Richmond, VA",1258398,644437,606810,1147,0,64,356,3.666666667,27,0,0,5,22,0,8,12,7,"Richmond","VA"
"566",40060,"Richmond, VA",1258398,644437,606810,1852,84,89,525,8.666666667,573,172,12,129,92,168,248,197,128,"Richmond","VA"
"567",40060,"Richmond, VA",1258398,644437,606810,1495,0,160,384,6,223,81,69,37,33,3,101,53,69,"Richmond","VA"
"568",40060,"Richmond, VA",1258398,644437,606810,2093,0,90,565,7,1415,60,272,31,1026,26,385,420,610,"Richmond","VA"
"569",40060,"Richmond, VA",1258398,644437,606810,1260,29,218,298,4.5,60,10,17,22,11,0,25,19,16,"Richmond","VA"
"570",40060,"Richmond, VA",1258398,644437,606810,1885,0,45,608,1.833333333,39,0,0,34,5,0,8,10,21,"Richmond","VA"
"571",40060,"Richmond, VA",1258398,644437,606810,1629,16,164,547,7,2729,259,392,1317,615,146,391,893,1445,"Richmond","VA"
"572",40060,"Richmond, VA",1258398,644437,606810,2588,11,241,771,5.333333333,277,113,8,38,59,59,156,81,40,"Richmond","VA"
"573",40060,"Richmond, VA",1258398,644437,606810,841,20,89,238,4.333333333,344,4,3,237,85,15,48,113,183,"Richmond","VA"
"574",40060,"Richmond, VA",1258398,644437,606810,2015,15,179,633,5.833333333,572,19,249,75,223,6,60,102,410,"Richmond","VA"
"575",40060,"Richmond, VA",1258398,644437,606810,1272,0,113,309,3,37,15,0,14,2,6,12,14,11,"Richmond","VA"
"576",40060,"Richmond, VA",1258398,644437,606810,1191,0,82,348,4.833333333,567,6,21,457,57,26,85,179,303,"Richmond","VA"
"577",40060,"Richmond, VA",1258398,644437,606810,1969,0,160,691,7.5,1214,10,324,275,532,73,158,290,766,"Richmond","VA"
"578",40060,"Richmond, VA",1258398,644437,606810,1763,17,27,633,3.5,10541,38,9447,126,336,594,453,2223,7865,"Richmond","VA"
"579",40060,"Richmond, VA",1258398,644437,606810,2792,18,113,780,5.5,62,8,0,20,34,0,21,31,10,"Richmond","VA"
"580",40060,"Richmond, VA",1258398,644437,606810,1594,0,97,427,6.166666667,341,0,0,15,326,0,66,92,183,"Richmond","VA"
"581",40060,"Richmond, VA",1258398,644437,606810,2336,0,119,630,5,56,19,0,10,27,0,21,21,14,"Richmond","VA"
"582",40060,"Richmond, VA",1258398,644437,606810,2639,30,155,656,6.333333333,150,0,0,65,68,17,54,65,31,"Richmond","VA"
"583",40060,"Richmond, VA",1258398,644437,606810,1240,0,109,397,4.333333333,13,0,0,7,6,0,9,3,1,"Richmond","VA"
"584",40060,"Richmond, VA",1258398,644437,606810,2526,0,254,640,5.5,32,0,0,18,12,2,10,16,6,"Richmond","VA"
"585",40060,"Richmond, VA",1258398,644437,606810,799,0,43,247,4.166666667,6,0,0,0,6,0,1,4,1,"Richmond","VA"
"586",40060,"Richmond, VA",1258398,644437,606810,2140,41,333,426,6.166666667,84,42,6,6,30,0,30,35,19,"Richmond","VA"
"587",40060,"Richmond, VA",1258398,644437,606810,1532,7,199,230,7.333333333,14006,0,3787,225,9781,213,2428,4270,7308,"Richmond","VA"
"588",40060,"Richmond, VA",1258398,644437,606810,578,0,75,187,14.33333333,497,19,52,47,343,36,105,195,197,"Richmond","VA"
"589",40060,"Richmond, VA",1258398,644437,606810,2284,0,170,689,13,506,83,23,21,287,92,138,192,176,"Richmond","VA"
"590",40060,"Richmond, VA",1258398,644437,606810,1623,29,164,324,8.166666667,1034,352,31,43,178,430,479,387,168,"Richmond","VA"
"591",40060,"Richmond, VA",1258398,644437,606810,1091,190,107,174,6.333333333,1660,196,17,30,1302,115,520,668,472,"Richmond","VA"
"592",40060,"Richmond, VA",1258398,644437,606810,1614,16,155,417,5,180,2,3,143,32,0,63,79,38,"Richmond","VA"
"593",40060,"Richmond, VA",1258398,644437,606810,1386,13,132,449,6.833333333,114,0,0,27,87,0,42,32,40,"Richmond","VA"
"594",40060,"Richmond, VA",1258398,644437,606810,1380,21,561,196,5.833333333,63,5,5,14,39,0,22,19,22,"Richmond","VA"
"595",40060,"Richmond, VA",1258398,644437,606810,1200,0,58,402,3.666666667,13,0,0,0,13,0,3,7,3,"Richmond","VA"
"596",40060,"Richmond, VA",1258398,644437,606810,1180,50,181,287,8.333333333,105,0,20,9,37,39,43,35,27,"Richmond","VA"
"597",40060,"Richmond, VA",1258398,644437,606810,1885,93,640,127,13.16666667,98,45,32,5,16,0,24,43,31,"Richmond","VA"
"598",40060,"Richmond, VA",1258398,644437,606810,2544,22,462,632,9.666666667,4466,1081,1125,290,784,1186,1732,1376,1358,"Richmond","VA"
"599",40060,"Richmond, VA",1258398,644437,606810,2748,103,258,777,7.833333333,2165,36,700,925,352,152,282,633,1250,"Richmond","VA"
"600",40060,"Richmond, VA",1258398,644437,606810,2795,27,175,772,4.833333333,117,0,3,24,90,0,39,49,29,"Richmond","VA"
"601",40060,"Richmond, VA",1258398,644437,606810,3228,37,485,647,8.333333333,1089,16,189,151,718,15,181,192,716,"Richmond","VA"
"602",40060,"Richmond, VA",1258398,644437,606810,512,22,91,109,4,26,18,0,1,7,0,14,12,0,"Richmond","VA"
"603",40060,"Richmond, VA",1258398,644437,606810,1874,0,142,465,9.666666667,963,137,164,223,414,25,263,362,338,"Richmond","VA"
"604",40060,"Richmond, VA",1258398,644437,606810,1405,0,164,356,8.833333333,519,41,7,104,324,43,152,157,210,"Richmond","VA"
"605",40060,"Richmond, VA",1258398,644437,606810,2874,35,332,886,10.83333333,284,15,9,30,230,0,61,88,135,"Richmond","VA"
"606",40060,"Richmond, VA",1258398,644437,606810,865,16,93,245,4.666666667,60,0,0,3,56,1,11,22,27,"Richmond","VA"
"607",40060,"Richmond, VA",1258398,644437,606810,543,51,76,65,15.33333333,79,7,0,72,0,0,14,25,40,"Richmond","VA"
"608",40060,"Richmond, VA",1258398,644437,606810,799,98,101,73,12.66666667,7,3,0,0,4,0,4,3,0,"Richmond","VA"
"609",40060,"Richmond, VA",1258398,644437,606810,1419,7,143,419,6.333333333,166,10,4,23,76,53,74,58,34,"Richmond","VA"
"610",40060,"Richmond, VA",1258398,644437,606810,835,44,236,81,14.66666667,78,28,0,6,44,0,25,38,15,"Richmond","VA"
"611",40060,"Richmond, VA",1258398,644437,606810,970,40,163,128,12.83333333,17,0,0,7,5,5,8,7,2,"Richmond","VA"
"612",40060,"Richmond, VA",1258398,644437,606810,1915,145,165,241,15.66666667,23,10,2,5,6,0,14,9,0,"Richmond","VA"
"613",40060,"Richmond, VA",1258398,644437,606810,1704,150,302,209,13.83333333,38,5,0,0,33,0,18,16,4,"Richmond","VA"
"614",40060,"Richmond, VA",1258398,644437,606810,735,67,178,125,13.83333333,17,0,0,2,15,0,8,9,0,"Richmond","VA"
"615",40060,"Richmond, VA",1258398,644437,606810,1215,82,128,136,14.33333333,108,0,64,0,44,0,8,15,85,"Richmond","VA"
"616",40060,"Richmond, VA",1258398,644437,606810,254,26,37,61,15.83333333,39,5,1,24,5,4,10,11,18,"Richmond","VA"
"617",40060,"Richmond, VA",1258398,644437,606810,1672,75,402,237,14.33333333,19,2,1,7,9,0,5,12,2,"Richmond","VA"
"618",40060,"Richmond, VA",1258398,644437,606810,759,79,138,65,13.5,11,4,0,0,7,0,3,6,2,"Richmond","VA"
"619",40060,"Richmond, VA",1258398,644437,606810,653,49,185,80,15.33333333,49,0,0,0,49,0,17,22,10,"Richmond","VA"
"620",40060,"Richmond, VA",1258398,644437,606810,1048,145,156,78,11,6,0,5,1,0,0,1,3,2,"Richmond","VA"
"621",40060,"Richmond, VA",1258398,644437,606810,1810,176,397,389,16.16666667,304,25,28,3,109,139,125,101,78,"Richmond","VA"
"622",40060,"Richmond, VA",1258398,644437,606810,1879,46,403,433,17,345,14,25,17,120,169,122,147,76,"Richmond","VA"
"623",40060,"Richmond, VA",1258398,644437,606810,2534,155,609,532,16.16666667,858,10,237,32,531,48,217,346,295,"Richmond","VA"
"624",40060,"Richmond, VA",1258398,644437,606810,1524,79,370,371,15.83333333,2165,1001,49,40,696,379,822,917,426,"Richmond","VA"
"625",40060,"Richmond, VA",1258398,644437,606810,753,54,108,80,13.5,4,4,0,0,0,0,4,0,0,"Richmond","VA"
"626",40060,"Richmond, VA",1258398,644437,606810,961,129,164,92,15.16666667,649,88,58,432,71,0,41,229,379,"Richmond","VA"
"627",40060,"Richmond, VA",1258398,644437,606810,788,0,169,85,11.83333333,15,0,8,6,1,0,0,8,7,"Richmond","VA"
"628",40060,"Richmond, VA",1258398,644437,606810,932,68,113,126,14,10,0,0,6,4,0,2,6,2,"Richmond","VA"
"629",40060,"Richmond, VA",1258398,644437,606810,2579,81,257,305,16.83333333,276,49,14,67,94,52,91,83,102,"Richmond","VA"
"630",40060,"Richmond, VA",1258398,644437,606810,1994,254,451,147,16.83333333,1827,142,211,2,801,671,682,647,498,"Richmond","VA"
"631",40060,"Richmond, VA",1258398,644437,606810,1521,48,228,274,14.66666667,306,0,7,110,54,135,55,164,87,"Richmond","VA"
"632",40060,"Richmond, VA",1258398,644437,606810,774,311,102,11,14.66666667,126,2,0,0,124,0,103,20,3,"Richmond","VA"
"633",40060,"Richmond, VA",1258398,644437,606810,1857,551,103,0,13,59,5,4,0,50,0,11,35,13,"Richmond","VA"
"634",40060,"Richmond, VA",1258398,644437,606810,2048,301,481,262,18,1383,74,142,81,734,352,514,457,412,"Richmond","VA"
"635",40060,"Richmond, VA",1258398,644437,606810,564,0,7,11,16,25620,44,7066,682,16874,954,2868,6968,15784,"Richmond","VA"
"636",40060,"Richmond, VA",1258398,644437,606810,2761,40,490,559,5.833333333,21,1,5,4,11,0,5,14,2,"Richmond","VA"
"637",40060,"Richmond, VA",1258398,644437,606810,885,15,137,162,16.16666667,130,25,2,21,22,60,68,42,20,"Richmond","VA"
"638",40060,"Richmond, VA",1258398,644437,606810,415,9,33,128,15.5,1913,90,996,178,583,66,490,363,1060,"Richmond","VA"
"639",40060,"Richmond, VA",1258398,644437,606810,581,73,109,74,16.83333333,455,64,20,288,83,0,38,157,260,"Richmond","VA"
"640",40060,"Richmond, VA",1258398,644437,606810,1153,14,125,90,15.83333333,2657,10,1295,465,803,84,334,616,1707,"Richmond","VA"
"641",40060,"Richmond, VA",1258398,644437,606810,2228,0,271,683,7.166666667,478,2,20,19,431,6,121,105,252,"Richmond","VA"
"642",40060,"Richmond, VA",1258398,644437,606810,1295,316,194,206,12.5,104,0,0,7,97,0,36,50,18,"Richmond","VA"
"643",40060,"Richmond, VA",1258398,644437,606810,1680,38,407,430,14.5,659,50,228,4,278,99,151,223,285,"Richmond","VA"
"644",40060,"Richmond, VA",1258398,644437,606810,2655,128,442,210,12.33333333,348,81,36,25,166,40,110,138,100,"Richmond","VA"
"645",40060,"Richmond, VA",1258398,644437,606810,3154,56,396,643,11.66666667,296,142,27,78,39,10,95,109,92,"Richmond","VA"
"646",40060,"Richmond, VA",1258398,644437,606810,1601,205,247,168,11.33333333,78,7,4,1,66,0,57,13,8,"Richmond","VA"
"647",40060,"Richmond, VA",1258398,644437,606810,1936,145,518,313,15,12570,824,3750,4176,2756,1064,2552,4505,5513,"Richmond","VA"
"648",40060,"Richmond, VA",1258398,644437,606810,1282,74,296,300,16,204,7,1,2,107,87,70,81,53,"Richmond","VA"
"649",40060,"Richmond, VA",1258398,644437,606810,2145,262,312,166,11.83333333,174,42,0,9,116,7,58,83,33,"Richmond","VA"
"650",40060,"Richmond, VA",1258398,644437,606810,2950,159,352,297,11.66666667,1286,0,68,713,480,25,157,445,684,"Richmond","VA"
"651",40060,"Richmond, VA",1258398,644437,606810,704,13,120,178,17.5,168,56,0,5,32,75,65,79,24,"Richmond","VA"
"652",40060,"Richmond, VA",1258398,644437,606810,1324,12,141,457,7.5,148,3,50,53,38,4,25,43,80,"Richmond","VA"
"653",40060,"Richmond, VA",1258398,644437,606810,2198,379,308,60,13.83333333,46,8,0,0,34,4,14,17,15,"Richmond","VA"
"654",40060,"Richmond, VA",1258398,644437,606810,400,48,56,97,15.16666667,390,16,0,3,356,15,57,128,205,"Richmond","VA"
"655",40060,"Richmond, VA",1258398,644437,606810,1039,87,242,88,17,133,27,0,0,90,16,57,64,12,"Richmond","VA"
"656",40060,"Richmond, VA",1258398,644437,606810,585,101,75,28,12.33333333,7,7,0,0,0,0,6,1,0,"Richmond","VA"
"657",40060,"Richmond, VA",1258398,644437,606810,1962,164,111,0,11.66666667,155,0,0,115,19,21,10,50,95,"Richmond","VA"
"658",40060,"Richmond, VA",1258398,644437,606810,4185,0,129,1294,7.166666667,413,39,22,28,161,163,211,131,71,"Richmond","VA"
"659",40060,"Richmond, VA",1258398,644437,606810,730,102,55,63,11.83333333,96,3,0,0,93,0,19,65,12,"Richmond","VA"
"660",40060,"Richmond, VA",1258398,644437,606810,3594,135,129,120,14.33333333,12607,102,20,30,11024,1431,4831,3576,4200,"Richmond","VA"
"661",40060,"Richmond, VA",1258398,644437,606810,2239,316,357,370,15,456,17,29,5,267,138,240,153,63,"Richmond","VA"
"662",40060,"Richmond, VA",1258398,644437,606810,1261,66,174,268,14.66666667,80,4,2,11,22,41,16,39,25,"Richmond","VA"
"663",40060,"Richmond, VA",1258398,644437,606810,1669,364,154,94,10.83333333,31,0,0,13,18,0,3,19,9,"Richmond","VA"
"664",40060,"Richmond, VA",1258398,644437,606810,3933,56,304,930,11.33333333,4953,2083,135,112,896,1727,2292,1779,882,"Richmond","VA"
"665",40060,"Richmond, VA",1258398,644437,606810,1088,216,243,207,7.333333333,651,100,5,8,371,167,284,253,114,"Richmond","VA"
"666",40060,"Richmond, VA",1258398,644437,606810,1418,0,205,328,12.66666667,126,0,7,15,83,21,45,40,41,"Richmond","VA"
"667",40060,"Richmond, VA",1258398,644437,606810,1309,11,116,302,5,95,0,3,9,83,0,49,39,7,"Richmond","VA"
"668",40060,"Richmond, VA",1258398,644437,606810,2999,9,249,893,8.5,306,41,20,3,132,110,114,136,56,"Richmond","VA"
"669",40060,"Richmond, VA",1258398,644437,606810,1534,0,35,488,6.333333333,69,2,1,0,37,29,29,18,22,"Richmond","VA"
"670",40060,"Richmond, VA",1258398,644437,606810,1751,8,401,346,13,114,19,23,0,54,18,36,49,29,"Richmond","VA"
"671",40060,"Richmond, VA",1258398,644437,606810,1520,15,37,435,7,26,2,0,9,15,0,4,11,11,"Richmond","VA"
"672",40060,"Richmond, VA",1258398,644437,606810,1675,72,522,314,16.66666667,268,18,126,34,82,8,27,120,121,"Richmond","VA"
"673",40060,"Richmond, VA",1258398,644437,606810,3373,208,1346,663,17.83333333,2264,120,236,141,1044,723,863,625,776,"Richmond","VA"
"674",40060,"Richmond, VA",1258398,644437,606810,1083,90,170,272,17.66666667,234,8,9,5,154,58,65,111,58,"Richmond","VA"
"675",40060,"Richmond, VA",1258398,644437,606810,1049,0,208,232,13,299,0,4,18,277,0,86,162,51,"Richmond","VA"
"676",40060,"Richmond, VA",1258398,644437,606810,568,42,48,107,10.16666667,3525,36,267,2815,336,71,169,573,2783,"Richmond","VA"
"677",40060,"Richmond, VA",1258398,644437,606810,1589,112,360,290,18,666,13,91,30,339,193,214,265,187,"Richmond","VA"
"678",40060,"Richmond, VA",1258398,644437,606810,838,296,122,48,10.5,5,0,1,0,4,0,3,1,1,"Richmond","VA"
"679",40060,"Richmond, VA",1258398,644437,606810,1026,0,312,112,15,4596,31,733,128,3481,223,856,1460,2280,"Richmond","VA"
"680",40060,"Richmond, VA",1258398,644437,606810,995,108,116,204,15.16666667,124,45,14,0,37,28,56,47,21,"Richmond","VA"
"681",40060,"Richmond, VA",1258398,644437,606810,922,38,264,214,12.83333333,38,14,1,4,11,8,18,16,4,"Richmond","VA"
"682",40060,"Richmond, VA",1258398,644437,606810,1236,329,279,218,12.33333333,1075,0,294,41,738,2,179,340,556,"Richmond","VA"
"683",40060,"Richmond, VA",1258398,644437,606810,1032,175,191,125,13,61,0,0,0,61,0,24,24,13,"Richmond","VA"
"684",40060,"Richmond, VA",1258398,644437,606810,1150,81,151,266,12.33333333,122,3,13,16,56,34,43,57,22,"Richmond","VA"
"685",40060,"Richmond, VA",1258398,644437,606810,1307,128,46,311,11.33333333,414,2,4,4,404,0,90,219,105,"Richmond","VA"
"686",40060,"Richmond, VA",1258398,644437,606810,1407,33,296,397,13.33333333,215,26,4,17,47,121,96,91,28,"Richmond","VA"
"687",40060,"Richmond, VA",1258398,644437,606810,1071,100,218,147,12.66666667,5,0,1,4,0,0,4,0,1,"Richmond","VA"
"688",40060,"Richmond, VA",1258398,644437,606810,523,9,54,159,10.83333333,4,0,0,0,4,0,2,1,1,"Richmond","VA"
"689",40060,"Richmond, VA",1258398,644437,606810,2251,95,368,318,13.83333333,349,46,0,6,272,25,83,131,135,"Richmond","VA"
"690",40060,"Richmond, VA",1258398,644437,606810,1005,61,218,132,11.16666667,10,0,0,0,10,0,8,2,0,"Richmond","VA"
"691",40060,"Richmond, VA",1258398,644437,606810,2499,17,302,697,2.666666667,282,27,0,246,9,0,48,129,105,"Richmond","VA"
"692",40060,"Richmond, VA",1258398,644437,606810,739,13,114,212,4.833333333,72,0,0,40,32,0,15,24,33,"Richmond","VA"
"693",40060,"Richmond, VA",1258398,644437,606810,968,0,102,261,5.166666667,76,54,4,5,13,0,14,32,30,"Richmond","VA"
"694",40060,"Richmond, VA",1258398,644437,606810,2287,75,582,371,13.5,6303,238,2442,471,2857,295,811,1853,3639,"Richmond","VA"
"695",40060,"Richmond, VA",1258398,644437,606810,1787,0,167,575,5.5,55,3,2,22,28,0,17,25,13,"Richmond","VA"
"696",40060,"Richmond, VA",1258398,644437,606810,2946,62,321,809,7.833333333,4602,93,1144,637,2457,271,811,1711,2080,"Richmond","VA"
"697",40060,"Richmond, VA",1258398,644437,606810,641,4,0,45,8.333333333,449,23,21,16,206,183,99,190,160,"Richmond","VA"
"698",40060,"Richmond, VA",1258398,644437,606810,1022,0,43,309,2.333333333,40,7,0,4,29,0,9,23,8,"Richmond","VA"
"699",40060,"Richmond, VA",1258398,644437,606810,1832,44,248,403,12.66666667,3628,73,1033,103,2414,5,470,818,2340,"Richmond","VA"
"700",40060,"Richmond, VA",1258398,644437,606810,1088,48,195,260,7.833333333,473,0,83,16,351,23,116,172,185,"Richmond","VA"
"701",40060,"Richmond, VA",1258398,644437,606810,1098,9,217,256,7.833333333,3557,105,1182,40,2143,87,1328,825,1404,"Richmond","VA"
"702",40060,"Richmond, VA",1258398,644437,606810,730,0,79,254,5.5,68,13,0,32,20,3,11,31,26,"Richmond","VA"
"703",40060,"Richmond, VA",1258398,644437,606810,1393,0,72,332,2.5,20,0,2,11,7,0,7,12,1,"Richmond","VA"
"704",40060,"Richmond, VA",1258398,644437,606810,2065,109,467,350,3.333333333,7898,150,130,7161,346,111,1205,2040,4653,"Richmond","VA"
"705",40060,"Richmond, VA",1258398,644437,606810,1776,42,290,195,5.333333333,10,0,0,0,10,0,2,7,1,"Richmond","VA"
"706",40060,"Richmond, VA",1258398,644437,606810,442,7,34,128,13.66666667,631,182,25,205,79,140,245,225,161,"Richmond","VA"
"707",40060,"Richmond, VA",1258398,644437,606810,823,6,74,242,6.166666667,93,8,0,36,26,23,40,27,26,"Richmond","VA"
"708",40060,"Richmond, VA",1258398,644437,606810,1945,0,176,499,10,97,30,4,29,30,4,29,41,27,"Richmond","VA"
"709",40060,"Richmond, VA",1258398,644437,606810,2909,0,159,947,10.5,1462,247,85,58,561,511,602,485,375,"Richmond","VA"
"710",40060,"Richmond, VA",1258398,644437,606810,2045,0,76,565,4.333333333,99,1,1,35,54,8,18,48,33,"Richmond","VA"
"711",40060,"Richmond, VA",1258398,644437,606810,771,9,108,174,7,65,47,0,1,17,0,24,31,10,"Richmond","VA"
"712",40060,"Richmond, VA",1258398,644437,606810,3320,0,253,747,5.666666667,68,0,18,23,27,0,10,22,36,"Richmond","VA"
"713",40060,"Richmond, VA",1258398,644437,606810,522,28,112,59,14.5,87,31,0,1,55,0,32,37,18,"Richmond","VA"
"714",40060,"Richmond, VA",1258398,644437,606810,2633,0,222,749,7,1248,106,44,382,621,95,318,350,580,"Richmond","VA"
"715",40060,"Richmond, VA",1258398,644437,606810,1324,0,85,421,4.833333333,175,40,13,97,25,0,47,57,71,"Richmond","VA"
"716",40060,"Richmond, VA",1258398,644437,606810,763,0,0,240,1.833333333,16,0,0,13,3,0,5,6,5,"Richmond","VA"
"717",40060,"Richmond, VA",1258398,644437,606810,2790,0,231,773,9.166666667,1421,181,136,506,458,140,416,439,566,"Richmond","VA"
"718",40060,"Richmond, VA",1258398,644437,606810,1656,49,302,403,8.833333333,2023,848,71,162,401,541,803,757,463,"Richmond","VA"
"719",40060,"Richmond, VA",1258398,644437,606810,1469,53,134,411,7.5,476,5,4,25,270,172,159,175,142,"Richmond","VA"
"720",40060,"Richmond, VA",1258398,644437,606810,2363,0,95,757,7.166666667,585,0,10,49,307,219,271,176,138,"Richmond","VA"
"721",40060,"Richmond, VA",1258398,644437,606810,2086,40,273,424,12.5,54,11,10,6,27,0,15,19,20,"Richmond","VA"
"722",40060,"Richmond, VA",1258398,644437,606810,1688,15,335,437,13.66666667,178,26,36,15,66,35,78,59,41,"Richmond","VA"
"723",40060,"Richmond, VA",1258398,644437,606810,1665,36,230,394,10.83333333,1798,102,30,1303,330,33,201,721,876,"Richmond","VA"
"724",40060,"Richmond, VA",1258398,644437,606810,1893,0,354,429,3.5,139,3,2,130,4,0,8,54,77,"Richmond","VA"
"725",40060,"Richmond, VA",1258398,644437,606810,2768,27,184,751,6.333333333,291,93,5,72,90,31,125,108,58,"Richmond","VA"
"726",40060,"Richmond, VA",1258398,644437,606810,1469,7,127,414,2.666666667,75,1,6,45,23,0,10,32,33,"Richmond","VA"
"727",40060,"Richmond, VA",1258398,644437,606810,1179,48,124,260,3.5,76,0,12,17,47,0,41,21,14,"Richmond","VA"
"728",40060,"Richmond, VA",1258398,644437,606810,1306,9,112,429,5.5,232,8,89,73,56,6,52,110,70,"Richmond","VA"
"729",40060,"Richmond, VA",1258398,644437,606810,0,0,0,0,1.333333333,362,0,362,0,0,0,37,163,162,"Richmond","VA"
"730",40060,"Richmond, VA",1258398,644437,606810,1538,20,103,412,2.666666667,92,3,5,68,16,0,13,39,40,"Richmond","VA"
"731",40060,"Richmond, VA",1258398,644437,606810,620,0,90,215,7.666666667,195,75,0,17,75,28,78,92,25,"Richmond","VA"
"732",33860,"Montgomery, AL",373589,165393,149732,467,48,70,71,11.66666667,16,13,0,0,3,0,8,5,3,"Montgomery","AL"
"733",33860,"Montgomery, AL",373589,165393,149732,624,35,126,60,11.5,9,0,0,0,9,0,1,6,2,"Montgomery","AL"
"734",33860,"Montgomery, AL",373589,165393,149732,634,0,64,191,3.166666667,17,2,0,3,4,8,9,4,4,"Montgomery","AL"
"735",33860,"Montgomery, AL",373589,165393,149732,2224,19,403,404,6.833333333,1108,31,30,682,343,22,230,564,314,"Montgomery","AL"
"736",33860,"Montgomery, AL",373589,165393,149732,592,72,84,99,1.333333333,4,0,0,3,1,0,3,1,0,"Montgomery","AL"
"737",33860,"Montgomery, AL",373589,165393,149732,3099,89,340,612,3.5,71,4,39,14,13,1,11,40,20,"Montgomery","AL"
"738",33860,"Montgomery, AL",373589,165393,149732,1345,6,90,453,1.5,32,0,0,30,2,0,6,17,9,"Montgomery","AL"
"739",33860,"Montgomery, AL",373589,165393,149732,1805,15,218,360,8.666666667,1003,313,22,83,257,328,465,316,222,"Montgomery","AL"
"740",33860,"Montgomery, AL",373589,165393,149732,1287,6,84,381,2.666666667,0,0,0,0,0,0,0,0,0,"Montgomery","AL"
"741",33860,"Montgomery, AL",373589,165393,149732,1573,30,116,383,3,91,2,0,41,46,2,16,32,43,"Montgomery","AL"
"742",33860,"Montgomery, AL",373589,165393,149732,653,12,73,199,6.5,56,2,0,5,31,18,21,28,7,"Montgomery","AL"
"743",33860,"Montgomery, AL",373589,165393,149732,1446,61,101,451,1.666666667,24,0,0,24,0,0,3,12,9,"Montgomery","AL"
"744",33860,"Montgomery, AL",373589,165393,149732,810,55,127,140,7.666666667,445,4,0,210,231,0,105,103,237,"Montgomery","AL"
"745",33860,"Montgomery, AL",373589,165393,149732,1218,34,136,227,9.5,1089,50,644,144,196,55,200,545,344,"Montgomery","AL"
"746",33860,"Montgomery, AL",373589,165393,149732,2641,0,324,624,4.666666667,74,0,0,11,63,0,31,27,16,"Montgomery","AL"
"747",33860,"Montgomery, AL",373589,165393,149732,835,99,89,160,9,700,178,104,8,375,35,200,272,228,"Montgomery","AL"
"748",33860,"Montgomery, AL",373589,165393,149732,705,9,120,240,7.666666667,175,25,9,0,7,134,105,55,15,"Montgomery","AL"
"749",33860,"Montgomery, AL",373589,165393,149732,570,0,44,185,10,297,89,58,47,87,16,59,103,135,"Montgomery","AL"
"750",33860,"Montgomery, AL",373589,165393,149732,1720,20,62,573,6.166666667,115,25,2,6,82,0,53,48,14,"Montgomery","AL"
"751",33860,"Montgomery, AL",373589,165393,149732,1909,13,163,459,2.333333333,24,0,0,15,9,0,5,11,8,"Montgomery","AL"
"752",33860,"Montgomery, AL",373589,165393,149732,4194,0,429,1026,5.833333333,478,36,49,109,276,8,120,157,201,"Montgomery","AL"
"753",33860,"Montgomery, AL",373589,165393,149732,2037,0,28,586,3.5,212,0,1,44,167,0,57,56,99,"Montgomery","AL"
"754",33860,"Montgomery, AL",373589,165393,149732,1916,9,315,441,3.5,193,12,2,105,74,0,29,46,118,"Montgomery","AL"
"755",33860,"Montgomery, AL",373589,165393,149732,2150,0,225,646,8,1715,693,137,29,179,677,815,641,259,"Montgomery","AL"
"756",33860,"Montgomery, AL",373589,165393,149732,2401,96,193,679,5.5,248,6,69,72,99,2,65,65,118,"Montgomery","AL"
"757",33860,"Montgomery, AL",373589,165393,149732,1522,165,152,366,3.333333333,61,0,17,33,11,0,17,29,15,"Montgomery","AL"
"758",33860,"Montgomery, AL",373589,165393,149732,963,42,146,173,5.5,281,6,14,19,231,11,74,90,117,"Montgomery","AL"
"759",33860,"Montgomery, AL",373589,165393,149732,2322,24,549,421,6.666666667,2152,692,74,0,193,1193,1223,712,217,"Montgomery","AL"
"760",33860,"Montgomery, AL",373589,165393,149732,1075,7,112,244,8.166666667,517,190,32,120,57,118,224,189,104,"Montgomery","AL"
"761",33860,"Montgomery, AL",373589,165393,149732,1087,0,112,211,7.833333333,354,23,160,74,65,32,115,148,91,"Montgomery","AL"
"762",33860,"Montgomery, AL",373589,165393,149732,1855,0,173,476,3.5,115,0,13,8,91,3,23,34,58,"Montgomery","AL"
"763",33860,"Montgomery, AL",373589,165393,149732,372,106,75,38,17.16666667,14061,356,8456,1061,2886,1302,1870,5328,6863,"Montgomery","AL"
"764",33860,"Montgomery, AL",373589,165393,149732,428,12,41,49,16.16666667,520,53,69,247,95,56,84,224,212,"Montgomery","AL"
"765",33860,"Montgomery, AL",373589,165393,149732,1249,79,252,231,17.16666667,422,55,124,169,11,63,74,170,178,"Montgomery","AL"
"766",33860,"Montgomery, AL",373589,165393,149732,2214,6,63,217,15.5,404,69,26,11,149,149,69,173,162,"Montgomery","AL"
"767",33860,"Montgomery, AL",373589,165393,149732,1081,46,174,225,12,176,23,4,118,31,0,28,62,86,"Montgomery","AL"
"768",33860,"Montgomery, AL",373589,165393,149732,689,77,194,26,14.83333333,148,22,13,0,65,48,95,47,6,"Montgomery","AL"
"769",33860,"Montgomery, AL",373589,165393,149732,762,12,108,229,13,38,18,4,0,3,13,16,10,12,"Montgomery","AL"
"770",33860,"Montgomery, AL",373589,165393,149732,913,11,122,233,14.33333333,249,141,10,0,77,21,106,79,64,"Montgomery","AL"
"771",33860,"Montgomery, AL",373589,165393,149732,1495,62,319,243,15.66666667,576,66,64,0,394,52,157,265,154,"Montgomery","AL"
"772",33860,"Montgomery, AL",373589,165393,149732,621,0,159,161,13.83333333,88,49,5,2,15,17,46,27,15,"Montgomery","AL"
"773",33860,"Montgomery, AL",373589,165393,149732,748,0,109,190,4.5,5,0,0,5,0,0,0,2,3,"Montgomery","AL"
"774",33860,"Montgomery, AL",373589,165393,149732,1147,0,115,309,15,489,87,10,6,372,14,102,177,210,"Montgomery","AL"
"775",33860,"Montgomery, AL",373589,165393,149732,1458,71,210,261,11.83333333,3036,105,8,23,2646,254,628,1240,1168,"Montgomery","AL"
"776",33860,"Montgomery, AL",373589,165393,149732,954,0,122,299,14.33333333,223,26,20,0,83,94,86,77,60,"Montgomery","AL"
"777",33860,"Montgomery, AL",373589,165393,149732,825,7,49,250,14.83333333,166,35,22,0,17,92,100,47,19,"Montgomery","AL"
"778",33860,"Montgomery, AL",373589,165393,149732,1392,27,234,199,14.16666667,247,46,4,35,160,2,55,109,83,"Montgomery","AL"
"779",33860,"Montgomery, AL",373589,165393,149732,1594,51,145,353,12.83333333,119,0,0,6,105,8,16,45,58,"Montgomery","AL"
"780",33860,"Montgomery, AL",373589,165393,149732,635,11,134,99,11.16666667,18,18,0,0,0,0,12,6,0,"Montgomery","AL"
"781",33860,"Montgomery, AL",373589,165393,149732,1174,131,125,128,10.33333333,4,4,0,0,0,0,2,2,0,"Montgomery","AL"
"782",33860,"Montgomery, AL",373589,165393,149732,637,19,80,173,12.33333333,45,0,0,0,40,5,4,16,25,"Montgomery","AL"
"783",33860,"Montgomery, AL",373589,165393,149732,540,35,93,70,15.5,196,0,0,20,150,26,45,59,92,"Montgomery","AL"
"784",33860,"Montgomery, AL",373589,165393,149732,1060,18,225,204,12.66666667,188,85,9,64,30,0,30,92,66,"Montgomery","AL"
"785",33860,"Montgomery, AL",373589,165393,149732,677,83,58,197,11.33333333,0,0,0,0,0,0,0,0,0,"Montgomery","AL"
"786",33860,"Montgomery, AL",373589,165393,149732,535,38,25,116,12,0,0,0,0,0,0,0,0,0,"Montgomery","AL"
"787",33860,"Montgomery, AL",373589,165393,149732,529,20,132,106,12.83333333,125,67,0,2,50,6,31,67,27,"Montgomery","AL"
"788",33860,"Montgomery, AL",373589,165393,149732,616,29,115,91,14.33333333,192,62,12,68,21,29,47,84,61,"Montgomery","AL"
"789",33860,"Montgomery, AL",373589,165393,149732,312,38,37,84,13.5,134,13,11,98,8,4,24,54,56,"Montgomery","AL"
"790",33860,"Montgomery, AL",373589,165393,149732,200,38,31,51,16,429,11,107,80,221,10,65,182,182,"Montgomery","AL"
"791",33860,"Montgomery, AL",373589,165393,149732,794,0,88,251,15.66666667,612,226,33,64,258,31,188,267,157,"Montgomery","AL"
"792",33860,"Montgomery, AL",373589,165393,149732,1464,0,182,358,11.66666667,23,0,2,3,18,0,1,11,11,"Montgomery","AL"
"793",33860,"Montgomery, AL",373589,165393,149732,808,0,90,195,14,222,1,3,0,150,68,69,85,68,"Montgomery","AL"
"794",33860,"Montgomery, AL",373589,165393,149732,749,0,81,199,15.33333333,569,234,10,55,223,47,203,227,139,"Montgomery","AL"
"795",33860,"Montgomery, AL",373589,165393,149732,1684,0,155,377,14.5,335,142,26,20,25,122,182,101,52,"Montgomery","AL"
"796",33860,"Montgomery, AL",373589,165393,149732,951,31,160,179,15.5,403,127,94,5,98,79,158,155,90,"Montgomery","AL"
"797",33860,"Montgomery, AL",373589,165393,149732,1320,13,149,354,11.83333333,21,5,0,0,16,0,6,11,4,"Montgomery","AL"
"798",33860,"Montgomery, AL",373589,165393,149732,2169,103,575,156,13.66666667,553,35,33,2,483,0,230,111,212,"Montgomery","AL"
"799",33860,"Montgomery, AL",373589,165393,149732,1006,58,226,165,11.33333333,4,3,1,0,0,0,1,1,2,"Montgomery","AL"
"800",33860,"Montgomery, AL",373589,165393,149732,2315,75,455,338,10.5,43,0,22,0,21,0,6,31,6,"Montgomery","AL"
"801",33860,"Montgomery, AL",373589,165393,149732,619,26,107,125,6.166666667,1446,121,0,1105,211,9,211,538,697,"Montgomery","AL"
"802",33860,"Montgomery, AL",373589,165393,149732,730,234,42,46,9.333333333,4,0,0,0,4,0,1,3,0,"Montgomery","AL"
"803",33860,"Montgomery, AL",373589,165393,149732,1470,66,188,254,15.66666667,156,7,63,42,34,10,31,76,49,"Montgomery","AL"
"804",33860,"Montgomery, AL",373589,165393,149732,1453,23,115,328,11.83333333,63,0,6,0,51,6,9,25,29,"Montgomery","AL"
"805",33860,"Montgomery, AL",373589,165393,149732,1073,41,215,188,14.16666667,213,32,66,4,103,8,109,93,11,"Montgomery","AL"
"806",33860,"Montgomery, AL",373589,165393,149732,520,115,106,63,9.833333333,96,1,0,0,95,0,44,37,15,"Montgomery","AL"
"807",33860,"Montgomery, AL",373589,165393,149732,1282,0,197,281,9.5,8,0,0,0,8,0,7,1,0,"Montgomery","AL"
"808",33860,"Montgomery, AL",373589,165393,149732,594,0,36,167,13.5,81,0,0,0,69,12,13,24,44,"Montgomery","AL"
"809",33860,"Montgomery, AL",373589,165393,149732,1392,39,182,226,9.666666667,0,0,0,0,0,0,0,0,0,"Montgomery","AL"
"810",33860,"Montgomery, AL",373589,165393,149732,1513,32,291,343,16.5,893,50,140,14,338,351,423,296,174,"Montgomery","AL"
"811",33860,"Montgomery, AL",373589,165393,149732,575,0,62,148,13.66666667,50,0,13,0,37,0,31,17,2,"Montgomery","AL"
"812",33860,"Montgomery, AL",373589,165393,149732,2225,182,472,537,16.16666667,2764,651,243,40,1127,703,1080,1058,626,"Montgomery","AL"
"813",33860,"Montgomery, AL",373589,165393,149732,2126,50,465,253,17.16666667,1803,68,396,41,1171,127,470,610,723,"Montgomery","AL"
"814",33860,"Montgomery, AL",373589,165393,149732,861,14,142,210,10.83333333,19,0,1,0,18,0,6,5,8,"Montgomery","AL"
"815",33860,"Montgomery, AL",373589,165393,149732,1151,0,142,366,13.66666667,2432,153,260,19,2000,0,795,1158,479,"Montgomery","AL"
"816",33860,"Montgomery, AL",373589,165393,149732,851,20,164,175,14,88,0,0,0,88,0,31,41,16,"Montgomery","AL"
"817",33860,"Montgomery, AL",373589,165393,149732,1074,0,81,373,15,21,0,5,4,7,5,8,10,3,"Montgomery","AL"
"818",33860,"Montgomery, AL",373589,165393,149732,964,4,95,170,11.5,373,0,1,0,369,3,48,66,259,"Montgomery","AL"
"819",33860,"Montgomery, AL",373589,165393,149732,915,6,106,176,11,4211,62,291,3302,521,35,259,1544,2408,"Montgomery","AL"
"820",33860,"Montgomery, AL",373589,165393,149732,2430,63,394,519,15.16666667,1732,205,286,846,371,24,358,638,736,"Montgomery","AL"
"821",33860,"Montgomery, AL",373589,165393,149732,1846,12,265,430,10.33333333,3,3,0,0,0,0,1,1,1,"Montgomery","AL"
"822",33860,"Montgomery, AL",373589,165393,149732,1314,160,376,185,15,928,230,17,0,484,197,481,357,90,"Montgomery","AL"
"823",33860,"Montgomery, AL",373589,165393,149732,1168,6,398,146,13.5,149,0,23,51,75,0,63,39,47,"Montgomery","AL"
"824",33860,"Montgomery, AL",373589,165393,149732,423,0,74,141,14.66666667,465,39,199,97,39,91,93,152,220,"Montgomery","AL"
"825",33860,"Montgomery, AL",373589,165393,149732,1868,72,493,319,15.33333333,1090,24,218,18,713,117,312,520,258,"Montgomery","AL"
"826",33860,"Montgomery, AL",373589,165393,149732,1029,8,59,319,3.666666667,129,14,0,78,35,2,41,61,27,"Montgomery","AL"
"827",33860,"Montgomery, AL",373589,165393,149732,423,0,14,172,12.5,44,11,0,2,31,0,11,21,12,"Montgomery","AL"
"828",33860,"Montgomery, AL",373589,165393,149732,2096,13,419,612,14.16666667,649,43,71,3,243,289,381,161,107,"Montgomery","AL"
"829",33860,"Montgomery, AL",373589,165393,149732,1204,0,286,290,12.33333333,140,1,11,0,2,126,48,66,26,"Montgomery","AL"
"830",33860,"Montgomery, AL",373589,165393,149732,1491,46,426,134,12.83333333,68,21,37,0,4,6,29,31,8,"Montgomery","AL"
"831",33860,"Montgomery, AL",373589,165393,149732,746,34,50,184,7.666666667,454,111,49,152,121,21,111,211,132,"Montgomery","AL"
"832",33860,"Montgomery, AL",373589,165393,149732,2317,0,469,449,14.5,249,0,9,56,184,0,86,96,67,"Montgomery","AL"
"833",33860,"Montgomery, AL",373589,165393,149732,5068,10,307,1366,7.166666667,230,49,15,24,126,16,67,102,61,"Montgomery","AL"
"834",33860,"Montgomery, AL",373589,165393,149732,958,0,49,186,13.5,2699,211,71,94,2202,121,733,952,1014,"Montgomery","AL"
"835",33860,"Montgomery, AL",373589,165393,149732,1528,29,418,467,8.5,543,181,34,113,166,49,195,187,161,"Montgomery","AL"
"836",33860,"Montgomery, AL",373589,165393,149732,2163,9,283,530,10.66666667,1341,16,20,1,1254,50,232,550,559,"Montgomery","AL"
"837",33860,"Montgomery, AL",373589,165393,149732,1571,87,116,316,16.5,1186,63,42,149,812,120,365,403,418,"Montgomery","AL"
"838",33860,"Montgomery, AL",373589,165393,149732,787,112,80,61,15.16666667,150,3,0,6,131,10,44,72,34,"Montgomery","AL"
"839",33860,"Montgomery, AL",373589,165393,149732,1038,9,115,269,13.5,66,0,0,22,44,0,27,32,7,"Montgomery","AL"
"840",33860,"Montgomery, AL",373589,165393,149732,1196,56,220,212,11.5,87,5,15,67,0,0,5,32,50,"Montgomery","AL"
"841",33860,"Montgomery, AL",373589,165393,149732,1023,130,166,0,11.66666667,102,1,0,90,11,0,8,23,71,"Montgomery","AL"
"842",33860,"Montgomery, AL",373589,165393,149732,1275,102,298,158,12.83333333,48,0,0,0,48,0,9,21,18,"Montgomery","AL"
"843",33860,"Montgomery, AL",373589,165393,149732,2010,10,251,530,14,1880,61,515,73,1219,12,191,748,941,"Montgomery","AL"
"844",33860,"Montgomery, AL",373589,165393,149732,397,52,122,42,15,155,19,3,13,120,0,52,57,46,"Montgomery","AL"
"845",33860,"Montgomery, AL",373589,165393,149732,880,89,174,100,13.16666667,28,2,1,0,2,23,21,5,2,"Montgomery","AL"
"846",33860,"Montgomery, AL",373589,165393,149732,1841,127,94,14,15.66666667,1169,21,48,14,1020,66,288,298,583,"Montgomery","AL"
"847",33860,"Montgomery, AL",373589,165393,149732,1033,273,225,23,13.83333333,1696,40,994,0,638,24,264,467,965,"Montgomery","AL"
"848",33860,"Montgomery, AL",373589,165393,149732,746,64,198,142,16.16666667,340,22,14,0,214,90,128,84,128,"Montgomery","AL"
"849",33860,"Montgomery, AL",373589,165393,149732,1131,0,75,272,10.33333333,18,0,0,0,18,0,5,12,1,"Montgomery","AL"
"850",33860,"Montgomery, AL",373589,165393,149732,475,0,54,153,4.833333333,241,6,20,166,49,0,31,129,81,"Montgomery","AL"
"851",33860,"Montgomery, AL",373589,165393,149732,185,27,29,36,1,0,0,0,0,0,0,0,0,0,"Montgomery","AL"
"852",33860,"Montgomery, AL",373589,165393,149732,1425,77,333,179,3.833333333,143,3,13,27,100,0,32,66,45,"Montgomery","AL"
"853",33860,"Montgomery, AL",373589,165393,149732,941,79,121,242,2.333333333,33,14,0,0,0,19,19,14,0,"Montgomery","AL"
"854",33860,"Montgomery, AL",373589,165393,149732,440,41,55,126,14.33333333,27,0,6,0,4,17,11,10,6,"Montgomery","AL"
"855",33860,"Montgomery, AL",373589,165393,149732,1113,178,173,64,13.5,453,10,0,23,403,17,124,164,165,"Montgomery","AL"
"856",33860,"Montgomery, AL",373589,165393,149732,473,9,100,101,14.33333333,47,0,0,0,40,7,7,18,22,"Montgomery","AL"
"857",33860,"Montgomery, AL",373589,165393,149732,284,34,65,54,11.33333333,2,2,0,0,0,0,0,2,0,"Montgomery","AL"
"858",33860,"Montgomery, AL",373589,165393,149732,460,73,101,69,12.83333333,4,0,0,4,0,0,0,1,3,"Montgomery","AL"
"859",33860,"Montgomery, AL",373589,165393,149732,735,0,187,102,12.16666667,51,0,6,27,18,0,13,21,17,"Montgomery","AL"
"860",33860,"Montgomery, AL",373589,165393,149732,2387,151,240,271,15,622,50,44,273,215,40,164,211,247,"Montgomery","AL"
"861",33860,"Montgomery, AL",373589,165393,149732,677,41,68,227,2.166666667,25,6,0,16,3,0,8,12,5,"Montgomery","AL"
"862",33860,"Montgomery, AL",373589,165393,149732,1067,0,99,341,2.333333333,19,0,0,4,15,0,7,10,2,"Montgomery","AL"
"863",33860,"Montgomery, AL",373589,165393,149732,425,127,74,24,13.5,50,25,4,8,13,0,17,22,11,"Montgomery","AL"
"864",33860,"Montgomery, AL",373589,165393,149732,303,33,69,45,14.83333333,67,8,0,0,1,58,41,21,5,"Montgomery","AL"
"865",33860,"Montgomery, AL",373589,165393,149732,159,15,27,50,16.5,96,57,0,0,28,11,46,35,15,"Montgomery","AL"
"866",33860,"Montgomery, AL",373589,165393,149732,993,93,200,259,15.16666667,279,36,8,29,194,12,52,94,133,"Montgomery","AL"
"867",33860,"Montgomery, AL",373589,165393,149732,890,34,125,196,14.83333333,209,90,10,0,62,47,96,70,43,"Montgomery","AL"
"868",33860,"Montgomery, AL",373589,165393,149732,908,33,225,196,15,191,89,7,0,14,81,112,46,33,"Montgomery","AL"
"869",33860,"Montgomery, AL",373589,165393,149732,1099,6,171,349,15.33333333,194,22,0,0,66,106,76,80,38,"Montgomery","AL"
"870",33860,"Montgomery, AL",373589,165393,149732,1088,39,179,185,12.83333333,78,0,0,68,10,0,7,10,61,"Montgomery","AL"
"871",33860,"Montgomery, AL",373589,165393,149732,424,18,96,50,17.66666667,908,61,31,64,659,93,400,335,173,"Montgomery","AL"
"872",33860,"Montgomery, AL",373589,165393,149732,776,40,96,144,11.83333333,117,8,0,51,51,7,8,50,59,"Montgomery","AL"
"873",33860,"Montgomery, AL",373589,165393,149732,1109,135,285,77,10.33333333,81,1,17,0,5,58,45,27,9,"Montgomery","AL"
"874",33860,"Montgomery, AL",373589,165393,149732,536,97,97,89,15,174,0,1,9,151,13,26,56,92,"Montgomery","AL"
"875",33860,"Montgomery, AL",373589,165393,149732,796,24,54,31,13.66666667,8866,15,6457,27,2187,180,806,3196,4864,"Montgomery","AL"
"876",33860,"Montgomery, AL",373589,165393,149732,2333,0,212,605,9.5,11,4,0,7,0,0,4,5,2,"Montgomery","AL"
"877",33860,"Montgomery, AL",373589,165393,149732,101,18,35,22,14.83333333,267,16,19,171,0,61,50,133,84,"Montgomery","AL"
"878",33860,"Montgomery, AL",373589,165393,149732,296,10,80,60,13.33333333,22,0,0,15,7,0,6,13,3,"Montgomery","AL"
"879",33860,"Montgomery, AL",373589,165393,149732,448,82,76,46,11.33333333,2,2,0,0,0,0,2,0,0,"Montgomery","AL"
"880",33860,"Montgomery, AL",373589,165393,149732,886,17,173,125,11.5,53,0,0,1,46,6,12,16,25,"Montgomery","AL"
"881",33860,"Montgomery, AL",373589,165393,149732,418,0,52,58,13.66666667,182,18,0,0,164,0,37,88,57,"Montgomery","AL"
"882",33860,"Montgomery, AL",373589,165393,149732,922,98,173,85,19.83333333,1314,25,402,120,669,98,245,512,557,"Montgomery","AL"
"883",33860,"Montgomery, AL",373589,165393,149732,784,54,103,109,14.33333333,2475,27,12,47,2369,20,385,1107,983,"Montgomery","AL"
"884",33860,"Montgomery, AL",373589,165393,149732,1295,0,192,306,3,16,0,1,5,10,0,2,10,4,"Montgomery","AL"
"885",33860,"Montgomery, AL",373589,165393,149732,4095,15,171,941,4.5,184,0,58,4,122,0,6,38,140,"Montgomery","AL"
"886",33860,"Montgomery, AL",373589,165393,149732,1709,57,115,405,3.166666667,24,6,2,11,5,0,4,11,9,"Montgomery","AL"
"887",33860,"Montgomery, AL",373589,165393,149732,1664,0,397,315,3.166666667,68,0,0,61,7,0,6,44,18,"Montgomery","AL"
"888",33860,"Montgomery, AL",373589,165393,149732,1735,15,88,619,5,167,35,7,60,59,6,38,74,55,"Montgomery","AL"
"889",33860,"Montgomery, AL",373589,165393,149732,1460,78,211,241,3.166666667,445,39,0,404,2,0,60,285,100,"Montgomery","AL"
"890",33860,"Montgomery, AL",373589,165393,149732,760,24,82,232,3.166666667,76,3,0,44,29,0,17,44,15,"Montgomery","AL"
"891",33860,"Montgomery, AL",373589,165393,149732,1451,120,230,223,6,279,47,39,7,180,6,65,135,79,"Montgomery","AL"
"892",33860,"Montgomery, AL",373589,165393,149732,200,21,23,29,4.666666667,45,7,11,27,0,0,16,20,9,"Montgomery","AL"
"893",33860,"Montgomery, AL",373589,165393,149732,593,9,43,154,6,674,9,116,428,121,0,54,216,404,"Montgomery","AL"
"894",33860,"Montgomery, AL",373589,165393,149732,635,31,128,166,3.5,106,0,6,74,22,4,30,64,12,"Montgomery","AL"
"895",33860,"Montgomery, AL",373589,165393,149732,1660,67,198,331,2.666666667,125,0,3,86,36,0,44,48,33,"Montgomery","AL"
"896",33860,"Montgomery, AL",373589,165393,149732,451,29,28,152,4,99,9,0,67,23,0,52,36,11,"Montgomery","AL"
"897",33860,"Montgomery, AL",373589,165393,149732,1216,17,142,208,7,237,3,52,66,116,0,53,102,82,"Montgomery","AL"
"898",33860,"Montgomery, AL",373589,165393,149732,2857,9,212,822,7.166666667,1477,708,174,33,236,326,498,695,284,"Montgomery","AL"
"899",33860,"Montgomery, AL",373589,165393,149732,1446,56,136,405,4,64,7,0,36,13,8,13,19,32,"Montgomery","AL"
"900",33860,"Montgomery, AL",373589,165393,149732,1421,0,110,425,2.5,65,7,0,49,6,3,18,25,22,"Montgomery","AL"
"901",33860,"Montgomery, AL",373589,165393,149732,1789,77,149,140,7.333333333,1431,46,218,391,741,35,288,666,477,"Montgomery","AL"
"902",33860,"Montgomery, AL",373589,165393,149732,1174,13,149,303,4.333333333,55,15,36,2,2,0,4,27,24,"Montgomery","AL"
"903",33860,"Montgomery, AL",373589,165393,149732,737,36,69,149,5.5,117,36,1,35,42,3,35,60,22,"Montgomery","AL"
"904",33860,"Montgomery, AL",373589,165393,149732,2169,89,215,580,5,47,11,2,13,21,0,18,20,9,"Montgomery","AL"
"905",33860,"Montgomery, AL",373589,165393,149732,1338,29,112,379,3,72,0,0,51,21,0,13,35,24,"Montgomery","AL"
"906",33860,"Montgomery, AL",373589,165393,149732,3649,82,622,868,6.333333333,643,263,62,1,83,234,348,214,81,"Montgomery","AL"
"907",33860,"Montgomery, AL",373589,165393,149732,725,43,55,201,4.333333333,38,7,5,11,15,0,9,26,3,"Montgomery","AL"
"908",33860,"Montgomery, AL",373589,165393,149732,597,49,100,57,13,50,0,20,0,30,0,13,29,8,"Montgomery","AL"
"909",33860,"Montgomery, AL",373589,165393,149732,937,17,106,326,3.5,72,5,0,40,24,3,23,34,15,"Montgomery","AL"
"910",33860,"Montgomery, AL",373589,165393,149732,1769,38,364,334,15.16666667,350,11,52,3,152,132,116,85,149,"Montgomery","AL"
"911",33860,"Montgomery, AL",373589,165393,149732,2053,0,244,612,12.83333333,2448,404,96,39,1572,337,721,1142,585,"Montgomery","AL"
"912",33860,"Montgomery, AL",373589,165393,149732,3904,37,295,1139,6.166666667,181,54,33,52,36,6,49,77,55,"Montgomery","AL"
"913",33860,"Montgomery, AL",373589,165393,149732,1220,30,198,257,13.66666667,153,71,47,5,14,16,42,67,44,"Montgomery","AL"
"914",33860,"Montgomery, AL",373589,165393,149732,965,22,86,293,3.166666667,5333,59,18,4217,728,311,635,888,3810,"Montgomery","AL"
"915",33860,"Montgomery, AL",373589,165393,149732,588,143,43,140,5.333333333,1873,168,176,1322,24,183,420,598,855,"Montgomery","AL"
"916",33860,"Montgomery, AL",373589,165393,149732,789,114,72,142,13.5,37,26,0,0,7,4,14,19,4,"Montgomery","AL"
"917",33860,"Montgomery, AL",373589,165393,149732,495,42,118,103,15,62,12,24,0,0,26,25,25,12,"Montgomery","AL"
"918",33860,"Montgomery, AL",373589,165393,149732,821,0,70,211,13.33333333,64,0,34,1,29,0,17,21,26,"Montgomery","AL"
"919",33860,"Montgomery, AL",373589,165393,149732,1166,22,140,346,3.666666667,52,4,0,15,33,0,31,16,5,"Montgomery","AL"
"920",33860,"Montgomery, AL",373589,165393,149732,327,0,37,99,9.5,7,0,0,7,0,0,0,3,4,"Montgomery","AL"
"921",33860,"Montgomery, AL",373589,165393,149732,596,4,115,190,2.333333333,76,66,2,6,2,0,30,36,10,"Montgomery","AL"
"922",33860,"Montgomery, AL",373589,165393,149732,1239,32,144,236,6,1699,0,899,601,188,11,109,689,901,"Montgomery","AL"
"923",33860,"Montgomery, AL",373589,165393,149732,936,54,262,175,11.66666667,37,19,18,0,0,0,10,15,12,"Montgomery","AL"
"924",33860,"Montgomery, AL",373589,165393,149732,1727,75,295,242,12.83333333,276,4,25,136,100,11,24,94,158,"Montgomery","AL"
"925",33860,"Montgomery, AL",373589,165393,149732,707,0,25,137,5.5,155,0,53,72,27,3,19,65,71,"Montgomery","AL"
"926",33860,"Montgomery, AL",373589,165393,149732,1350,0,90,408,4.666666667,149,0,6,43,100,0,42,67,40,"Montgomery","AL"
"927",33860,"Montgomery, AL",373589,165393,149732,760,43,169,52,15,1367,15,186,91,1035,40,566,480,321,"Montgomery","AL"
"928",33860,"Montgomery, AL",373589,165393,149732,1175,0,128,158,15.66666667,412,10,1,0,305,96,127,122,163,"Montgomery","AL"
"929",33860,"Montgomery, AL",373589,165393,149732,706,7,43,235,2.666666667,2050,31,0,1892,106,21,186,935,929,"Montgomery","AL"
"930",33860,"Montgomery, AL",373589,165393,149732,744,16,96,240,2.166666667,29,0,0,11,0,18,15,10,4,"Montgomery","AL"
"931",33860,"Montgomery, AL",373589,165393,149732,339,0,9,94,13.66666667,166,48,116,0,2,0,30,61,75,"Montgomery","AL"
"932",33860,"Montgomery, AL",373589,165393,149732,444,7,57,115,17.66666667,1328,248,52,304,447,277,492,491,345,"Montgomery","AL"
"933",33860,"Montgomery, AL",373589,165393,149732,1370,40,392,88,12.33333333,716,486,43,57,16,114,202,390,124,"Montgomery","AL"
"934",33860,"Montgomery, AL",373589,165393,149732,463,8,38,177,4,73,7,21,39,6,0,14,32,27,"Montgomery","AL"
"935",33860,"Montgomery, AL",373589,165393,149732,246,0,41,101,5.333333333,168,0,0,101,67,0,30,61,77,"Montgomery","AL"
"936",33860,"Montgomery, AL",373589,165393,149732,461,5,103,88,9.833333333,1372,3,79,1283,7,0,145,585,642,"Montgomery","AL"
"937",33860,"Montgomery, AL",373589,165393,149732,603,92,117,74,10.66666667,15,0,0,15,0,0,3,5,7,"Montgomery","AL"
"938",33860,"Montgomery, AL",373589,165393,149732,989,50,136,193,14.66666667,83,1,0,0,82,0,12,36,35,"Montgomery","AL"
"939",33860,"Montgomery, AL",373589,165393,149732,903,85,84,111,11.5,102,0,0,0,91,11,14,37,51,"Montgomery","AL"
"940",33860,"Montgomery, AL",373589,165393,149732,681,0,167,72,11,0,0,0,0,0,0,0,0,0,"Montgomery","AL"
"941",33860,"Montgomery, AL",373589,165393,149732,854,43,208,177,12.66666667,96,0,0,10,0,86,76,16,4,"Montgomery","AL"
"942",33860,"Montgomery, AL",373589,165393,149732,2866,155,437,780,16.5,6630,1619,659,712,1547,2093,2740,2086,1804,"Montgomery","AL"
"943",33860,"Montgomery, AL",373589,165393,149732,1571,0,195,363,6.333333333,309,81,5,113,107,3,152,115,42,"Montgomery","AL"
"944",33860,"Montgomery, AL",373589,165393,149732,791,0,163,231,14.66666667,183,31,18,0,119,15,49,77,57,"Montgomery","AL"
"945",33860,"Montgomery, AL",373589,165393,149732,1225,76,175,167,10.16666667,2345,212,55,2022,11,45,419,806,1120,"Montgomery","AL"
"946",33860,"Montgomery, AL",373589,165393,149732,320,54,60,15,16.5,47,7,18,9,13,0,22,13,12,"Montgomery","AL"
"947",33860,"Montgomery, AL",373589,165393,149732,3170,82,245,644,12.66666667,709,25,106,459,113,6,97,250,362,"Montgomery","AL"
"948",33860,"Montgomery, AL",373589,165393,149732,1091,52,76,178,11.66666667,535,90,2,383,60,0,82,196,257,"Montgomery","AL"
"949",33860,"Montgomery, AL",373589,165393,149732,1617,18,89,574,3.333333333,69,14,0,36,8,11,21,27,21,"Montgomery","AL"
"950",33860,"Montgomery, AL",373589,165393,149732,574,0,54,160,3.833333333,78,10,0,44,23,1,10,38,30,"Montgomery","AL"
"951",33860,"Montgomery, AL",373589,165393,149732,196,0,120,27,6.5,816,99,22,453,149,93,166,342,308,"Montgomery","AL"
"952",33860,"Montgomery, AL",373589,165393,149732,1161,74,289,278,6.5,367,3,0,8,319,37,63,131,173,"Montgomery","AL"
"953",33860,"Montgomery, AL",373589,165393,149732,3986,9,500,1034,8.5,900,126,94,107,383,190,300,303,297,"Montgomery","AL"
"954",33860,"Montgomery, AL",373589,165393,149732,183,0,15,52,1.5,1,0,0,1,0,0,0,1,0,"Montgomery","AL"
"955",33860,"Montgomery, AL",373589,165393,149732,927,17,84,232,3,2536,15,11,2161,241,108,226,1209,1101,"Montgomery","AL"
"956",33860,"Montgomery, AL",373589,165393,149732,2024,0,294,619,13.83333333,2019,512,81,100,480,846,643,1039,337,"Montgomery","AL"
"957",33860,"Montgomery, AL",373589,165393,149732,1890,18,131,526,5,60,6,0,0,54,0,23,32,5,"Montgomery","AL"
"958",33860,"Montgomery, AL",373589,165393,149732,3306,14,304,1004,8.666666667,820,140,87,22,224,347,348,254,218,"Montgomery","AL"
"959",33860,"Montgomery, AL",373589,165393,149732,1336,0,79,376,10.66666667,439,286,5,125,23,0,78,214,147,"Montgomery","AL"
"960",33860,"Montgomery, AL",373589,165393,149732,1699,0,138,507,4,83,0,0,6,77,0,19,47,17,"Montgomery","AL"
"961",33860,"Montgomery, AL",373589,165393,149732,2985,21,189,810,3.666666667,52,2,13,12,25,0,10,28,14,"Montgomery","AL"
"962",33860,"Montgomery, AL",373589,165393,149732,1214,32,35,365,5,184,0,1,29,150,4,40,46,98,"Montgomery","AL"
"963",33860,"Montgomery, AL",373589,165393,149732,1960,14,134,661,6.5,1270,0,617,71,534,48,217,646,407,"Montgomery","AL"
"964",33860,"Montgomery, AL",373589,165393,149732,612,21,70,172,3.333333333,30,6,0,17,7,0,7,6,17,"Montgomery","AL"
"965",33860,"Montgomery, AL",373589,165393,149732,201,0,37,61,8.5,922,107,135,401,153,126,215,313,394,"Montgomery","AL"
"966",33860,"Montgomery, AL",373589,165393,149732,1903,0,325,432,6,66,0,4,0,28,34,32,21,13,"Montgomery","AL"
"967",33860,"Montgomery, AL",373589,165393,149732,728,25,55,171,4.166666667,100,23,1,33,43,0,11,53,36,"Montgomery","AL"
"968",33860,"Montgomery, AL",373589,165393,149732,2098,43,88,640,4.333333333,137,5,0,59,61,12,37,66,34,"Montgomery","AL"
"969",33860,"Montgomery, AL",373589,165393,149732,636,0,145,149,5.5,215,10,3,31,163,8,53,56,106,"Montgomery","AL"
"970",33860,"Montgomery, AL",373589,165393,149732,1150,62,130,254,4.666666667,928,16,10,857,31,14,50,160,718,"Montgomery","AL"
"971",33860,"Montgomery, AL",373589,165393,149732,6013,210,990,1448,9.5,2156,713,145,107,801,390,698,967,491,"Montgomery","AL"
"972",33860,"Montgomery, AL",373589,165393,149732,2555,9,205,672,4.5,197,17,6,168,6,0,14,109,74,"Montgomery","AL"
"973",33860,"Montgomery, AL",373589,165393,149732,831,32,70,285,3.333333333,122,16,2,82,21,1,34,71,17,"Montgomery","AL"
"974",33860,"Montgomery, AL",373589,165393,149732,4410,49,114,412,4.166666667,496,6,403,20,67,0,32,180,284,"Montgomery","AL"
"975",33860,"Montgomery, AL",373589,165393,149732,1829,229,339,301,3.166666667,151,2,6,110,15,18,32,41,78,"Montgomery","AL"
"976",33860,"Montgomery, AL",373589,165393,149732,1881,24,165,529,5.666666667,331,14,39,52,211,15,96,98,137,"Montgomery","AL"
"977",33860,"Montgomery, AL",373589,165393,149732,1285,22,282,290,8,2180,255,478,29,83,1335,499,1254,427,"Montgomery","AL"
"978",33860,"Montgomery, AL",373589,165393,149732,1572,21,44,512,3.166666667,38,10,1,18,9,0,15,17,6,"Montgomery","AL"
"979",33860,"Montgomery, AL",373589,165393,149732,589,39,89,133,8.166666667,583,326,48,21,42,146,228,227,128,"Montgomery","AL"
"980",33860,"Montgomery, AL",373589,165393,149732,1229,0,303,208,5.5,100,32,2,5,34,27,36,51,13,"Montgomery","AL"
"981",33860,"Montgomery, AL",373589,165393,149732,786,16,83,200,3.833333333,94,13,1,62,7,11,19,25,50,"Montgomery","AL"
"982",33860,"Montgomery, AL",373589,165393,149732,993,0,159,339,4.666666667,64,4,6,33,21,0,18,32,14,"Montgomery","AL"
"983",33860,"Montgomery, AL",373589,165393,149732,1154,22,141,370,6.5,185,0,44,22,37,82,35,89,61,"Montgomery","AL"
"984",33860,"Montgomery, AL",373589,165393,149732,1225,6,90,295,2.166666667,38,0,0,33,0,5,19,17,2,"Montgomery","AL"
"985",33860,"Montgomery, AL",373589,165393,149732,1497,34,199,318,7.166666667,421,22,21,50,294,34,101,205,115,"Montgomery","AL"
"986",33860,"Montgomery, AL",373589,165393,149732,1273,44,185,353,6.166666667,496,49,0,29,388,30,105,193,198,"Montgomery","AL"
"987",33860,"Montgomery, AL",373589,165393,149732,1449,12,165,337,4.833333333,142,54,19,42,24,3,44,62,36,"Montgomery","AL"
"988",33860,"Montgomery, AL",373589,165393,149732,2208,17,176,574,5.5,111,36,8,38,16,13,33,54,24,"Montgomery","AL"
"989",33860,"Montgomery, AL",373589,165393,149732,1394,54,170,305,4.666666667,2520,27,24,1858,611,0,223,689,1608,"Montgomery","AL"
"990",33860,"Montgomery, AL",373589,165393,149732,1348,11,117,353,3.666666667,405,58,10,324,8,5,50,230,125,"Montgomery","AL"
"991",33860,"Montgomery, AL",373589,165393,149732,1110,13,115,286,2,16,0,0,6,10,0,6,7,3,"Montgomery","AL"
"992",33860,"Montgomery, AL",373589,165393,149732,2131,59,250,483,7.666666667,781,3,60,143,559,16,185,248,348,"Montgomery","AL"
"993",33860,"Montgomery, AL",373589,165393,149732,2608,40,476,494,6.666666667,607,27,4,188,373,15,141,244,222,"Montgomery","AL"
"994",33860,"Montgomery, AL",373589,165393,149732,1057,0,99,263,3.833333333,35,6,0,1,28,0,22,12,1,"Montgomery","AL"
"995",33860,"Montgomery, AL",373589,165393,149732,3909,21,499,842,7.5,878,367,80,98,225,108,293,407,178,"Montgomery","AL"
"996",33860,"Montgomery, AL",373589,165393,149732,2302,14,262,639,7.666666667,296,61,29,25,136,45,114,100,82,"Montgomery","AL"
"997",33860,"Montgomery, AL",373589,165393,149732,836,0,52,265,3.333333333,13,0,1,12,0,0,6,4,3,"Montgomery","AL"
"998",33860,"Montgomery, AL",373589,165393,149732,890,30,148,216,14.66666667,171,40,8,57,52,14,37,87,47,"Montgomery","AL"
"999",33860,"Montgomery, AL",373589,165393,149732,1121,6,183,254,18.16666667,1415,651,28,109,382,245,510,596,309,"Montgomery","AL"
"1000",33860,"Montgomery, AL",373589,165393,149732,702,8,190,88,16.16666667,360,12,21,44,283,0,214,100,46,"Montgomery","AL"
"1001",33860,"Montgomery, AL",373589,165393,149732,897,0,136,251,14.16666667,422,27,3,2,359,31,130,177,115,"Montgomery","AL"
"1002",33860,"Montgomery, AL",373589,165393,149732,635,5,147,181,12.83333333,251,38,6,1,206,0,66,58,127,"Montgomery","AL"
"1003",33860,"Montgomery, AL",373589,165393,149732,1258,18,236,304,13.66666667,160,0,0,84,66,10,17,39,104,"Montgomery","AL"
"1004",33860,"Montgomery, AL",373589,165393,149732,1713,11,144,410,14.66666667,136,6,67,5,53,5,26,54,56,"Montgomery","AL"
"1005",33860,"Montgomery, AL",373589,165393,149732,23,0,15,0,3.5,579,3,12,39,516,9,51,98,430,"Montgomery","AL"
"1006",33860,"Montgomery, AL",373589,165393,149732,1693,55,228,348,13.66666667,3828,79,2385,813,463,88,307,1651,1870,"Montgomery","AL"
"1007",33860,"Montgomery, AL",373589,165393,149732,2398,79,226,404,11.33333333,23,1,12,5,5,0,5,12,6,"Montgomery","AL"
"1008",33860,"Montgomery, AL",373589,165393,149732,1223,14,222,343,11.83333333,103,0,0,2,91,10,23,31,49,"Montgomery","AL"
"1009",33860,"Montgomery, AL",373589,165393,149732,4573,53,971,1098,7.666666667,873,245,73,46,218,291,384,290,199,"Montgomery","AL"
"1010",33860,"Montgomery, AL",373589,165393,149732,643,28,46,160,17.83333333,2108,613,335,149,668,343,1030,712,366,"Montgomery","AL"
"1011",33860,"Montgomery, AL",373589,165393,149732,1679,9,60,517,2,7,0,0,2,5,0,0,3,4,"Montgomery","AL"
"1012",33860,"Montgomery, AL",373589,165393,149732,964,19,298,238,15.16666667,1478,330,92,30,801,225,699,615,164,"Montgomery","AL"
"1013",33860,"Montgomery, AL",373589,165393,149732,5707,0,237,1578,5.5,230,8,7,55,150,10,71,94,65,"Montgomery","AL"
"1014",33860,"Montgomery, AL",373589,165393,149732,964,6,82,239,5.333333333,298,0,2,11,285,0,65,89,144,"Montgomery","AL"
"1015",33860,"Montgomery, AL",373589,165393,149732,988,0,51,266,11,8,0,0,4,4,0,6,0,2,"Montgomery","AL"
"1016",33860,"Montgomery, AL",373589,165393,149732,814,10,76,273,4.666666667,1,0,0,0,1,0,1,0,0,"Montgomery","AL"
"1017",33860,"Montgomery, AL",373589,165393,149732,2509,40,781,350,14.33333333,1516,702,129,285,290,110,285,581,650,"Montgomery","AL"
"1018",33860,"Montgomery, AL",373589,165393,149732,929,11,195,201,12.5,533,55,374,24,35,45,94,252,187,"Montgomery","AL"
"1019",33860,"Montgomery, AL",373589,165393,149732,979,0,132,275,11,4,3,1,0,0,0,1,2,1,"Montgomery","AL"
"1020",33860,"Montgomery, AL",373589,165393,149732,1700,152,394,345,15.5,357,155,75,11,69,47,109,150,98,"Montgomery","AL"
"1021",20100,"Dover, DE",174822,65758,73109,1375,102,88,327,13.5,1918,3,82,1008,815,10,281,576,1061,"Dover","DE"
"1022",20100,"Dover, DE",174822,65758,73109,1808,92,144,462,15.16666667,986,78,24,149,604,131,460,327,199,"Dover","DE"
"1023",20100,"Dover, DE",174822,65758,73109,2631,16,174,744,5.333333333,138,0,23,0,115,0,13,38,87,"Dover","DE"
"1024",20100,"Dover, DE",174822,65758,73109,2843,276,426,372,17,1418,64,220,222,784,128,388,412,618,"Dover","DE"
"1025",20100,"Dover, DE",174822,65758,73109,2395,29,181,620,7,1036,22,23,512,478,1,166,261,609,"Dover","DE"
"1026",20100,"Dover, DE",174822,65758,73109,2391,35,372,633,15.33333333,770,274,49,56,191,200,325,258,187,"Dover","DE"
"1027",20100,"Dover, DE",174822,65758,73109,1771,0,130,499,2.333333333,46,0,0,39,7,0,7,19,20,"Dover","DE"
"1028",20100,"Dover, DE",174822,65758,73109,1571,9,154,547,4.166666667,92,4,0,0,17,71,57,21,14,"Dover","DE"
"1029",20100,"Dover, DE",174822,65758,73109,1201,110,136,117,17.5,446,86,7,50,287,16,155,200,91,"Dover","DE"
"1030",20100,"Dover, DE",174822,65758,73109,3358,139,328,698,13.33333333,600,6,88,37,452,17,152,285,163,"Dover","DE"
"1031",20100,"Dover, DE",174822,65758,73109,1102,19,131,252,12.66666667,219,91,16,0,82,30,86,75,58,"Dover","DE"
"1032",20100,"Dover, DE",174822,65758,73109,2849,9,143,828,10.33333333,234,48,3,28,32,123,117,87,30,"Dover","DE"
"1033",20100,"Dover, DE",174822,65758,73109,1831,23,109,466,7.833333333,299,41,3,74,181,0,52,102,145,"Dover","DE"
"1034",20100,"Dover, DE",174822,65758,73109,3950,37,215,929,5.166666667,148,32,4,69,40,3,60,50,38,"Dover","DE"
"1035",20100,"Dover, DE",174822,65758,73109,2760,142,337,576,11,258,18,21,24,152,43,110,100,48,"Dover","DE"
"1036",20100,"Dover, DE",174822,65758,73109,584,9,61,207,4.166666667,83,28,0,12,43,0,14,34,35,"Dover","DE"
"1037",20100,"Dover, DE",174822,65758,73109,1001,10,96,343,12.83333333,2451,154,25,1628,511,133,489,1389,573,"Dover","DE"
"1038",20100,"Dover, DE",174822,65758,73109,2830,177,493,387,15.66666667,563,137,41,13,229,143,257,185,121,"Dover","DE"
"1039",20100,"Dover, DE",174822,65758,73109,2224,28,233,621,3.833333333,106,0,0,57,40,9,53,29,24,"Dover","DE"
"1040",20100,"Dover, DE",174822,65758,73109,2396,35,339,383,10.33333333,872,11,51,34,77,699,218,474,180,"Dover","DE"
"1041",20100,"Dover, DE",174822,65758,73109,1652,23,177,365,2.833333333,136,2,0,114,10,10,21,49,66,"Dover","DE"
"1042",20100,"Dover, DE",174822,65758,73109,3695,163,577,782,14.33333333,2581,186,874,393,808,320,656,850,1075,"Dover","DE"
"1043",20100,"Dover, DE",174822,65758,73109,3020,28,339,775,4.5,174,4,0,39,121,10,29,67,78,"Dover","DE"
"1044",20100,"Dover, DE",174822,65758,73109,1782,47,164,437,4.333333333,113,34,3,51,25,0,37,46,30,"Dover","DE"
"1045",20100,"Dover, DE",174822,65758,73109,2337,55,125,557,5.5,178,5,0,8,97,68,67,48,63,"Dover","DE"
"1046",20100,"Dover, DE",174822,65758,73109,2921,66,425,730,12.5,3058,1047,183,769,705,354,741,1101,1216,"Dover","DE"
"1047",20100,"Dover, DE",174822,65758,73109,1450,37,156,330,7.166666667,915,217,4,410,98,186,329,375,211,"Dover","DE"
"1048",20100,"Dover, DE",174822,65758,73109,1161,23,10,351,1.833333333,36,0,0,33,0,3,14,15,7,"Dover","DE"
"1049",20100,"Dover, DE",174822,65758,73109,2717,177,287,509,12,467,216,39,38,94,80,181,173,113,"Dover","DE"
"1050",20100,"Dover, DE",174822,65758,73109,1915,107,206,202,14.33333333,1540,0,685,119,728,8,210,397,933,"Dover","DE"
"1051",20100,"Dover, DE",174822,65758,73109,1400,148,65,211,10,388,20,4,0,357,7,102,178,108,"Dover","DE"
"1052",20100,"Dover, DE",174822,65758,73109,1216,42,366,142,7.333333333,44,0,0,38,6,0,2,15,27,"Dover","DE"
"1053",20100,"Dover, DE",174822,65758,73109,5186,69,348,1313,10,2872,105,596,1138,1019,14,443,1359,1070,"Dover","DE"
"1054",20100,"Dover, DE",174822,65758,73109,10429,60,1054,2706,6.666666667,643,75,73,89,367,39,169,232,242,"Dover","DE"
"1055",20100,"Dover, DE",174822,65758,73109,4187,128,511,790,11.66666667,2983,323,2181,118,107,254,382,843,1758,"Dover","DE"
"1056",20100,"Dover, DE",174822,65758,73109,1148,0,91,272,2.5,24,0,0,20,4,0,3,11,10,"Dover","DE"
"1057",20100,"Dover, DE",174822,65758,73109,1408,31,113,397,2.5,61,17,0,37,7,0,19,16,26,"Dover","DE"
"1058",20100,"Dover, DE",174822,65758,73109,1250,0,144,169,11.83333333,338,20,28,69,204,17,53,114,171,"Dover","DE"
"1059",20100,"Dover, DE",174822,65758,73109,2347,53,402,505,13.83333333,947,217,24,0,133,573,492,358,97,"Dover","DE"
"1060",20100,"Dover, DE",174822,65758,73109,1928,53,296,310,13.66666667,1990,270,304,735,528,153,435,906,649,"Dover","DE"
"1061",20100,"Dover, DE",174822,65758,73109,1853,31,325,558,12.33333333,4684,1748,42,27,764,2103,1590,1511,1583,"Dover","DE"
"1062",20100,"Dover, DE",174822,65758,73109,3354,70,374,780,2.833333333,74,9,1,49,15,0,21,35,18,"Dover","DE"
"1063",20100,"Dover, DE",174822,65758,73109,1642,16,277,436,14,1162,46,26,69,993,28,194,336,632,"Dover","DE"
"1064",20100,"Dover, DE",174822,65758,73109,4612,49,616,847,5.5,107,8,11,30,56,2,48,33,26,"Dover","DE"
"1065",20100,"Dover, DE",174822,65758,73109,1851,33,208,467,4.333333333,399,0,8,341,14,36,63,144,192,"Dover","DE"
"1066",20100,"Dover, DE",174822,65758,73109,5602,34,687,1264,6.333333333,375,95,23,27,218,12,105,106,164,"Dover","DE"
"1067",20100,"Dover, DE",174822,65758,73109,1958,0,249,601,4.166666667,496,25,2,47,421,1,80,178,238,"Dover","DE"
"1068",20100,"Dover, DE",174822,65758,73109,1097,0,110,256,3.333333333,67,25,0,31,11,0,21,26,20,"Dover","DE"
"1069",20100,"Dover, DE",174822,65758,73109,2119,0,161,628,4.166666667,157,21,0,79,52,5,43,39,75,"Dover","DE"
"1070",20100,"Dover, DE",174822,65758,73109,2161,2,178,681,5.5,573,67,3,89,402,12,211,147,215,"Dover","DE"
"1071",20100,"Dover, DE",174822,65758,73109,1941,43,130,575,4.5,222,0,0,162,12,48,74,103,45,"Dover","DE"
"1072",20100,"Dover, DE",174822,65758,73109,2109,55,291,528,13.66666667,1201,305,67,107,539,183,354,514,333,"Dover","DE"
"1073",20100,"Dover, DE",174822,65758,73109,2176,222,434,357,15.5,8351,224,3361,69,4173,524,1560,2810,3981,"Dover","DE"
"1074",20100,"Dover, DE",174822,65758,73109,2086,14,338,611,3.833333333,220,22,4,62,107,25,123,64,33,"Dover","DE"
"1075",20100,"Dover, DE",174822,65758,73109,2351,35,210,688,3.333333333,149,23,0,116,7,3,42,48,59,"Dover","DE"
"1076",20100,"Dover, DE",174822,65758,73109,1164,0,53,348,2.166666667,26,0,0,20,6,0,5,9,12,"Dover","DE"
"1077",20100,"Dover, DE",174822,65758,73109,4409,25,357,1242,14,2736,935,397,414,558,432,921,1000,815,"Dover","DE"
"1078",20100,"Dover, DE",174822,65758,73109,2460,117,325,618,15.5,2747,270,184,583,1543,167,710,861,1176,"Dover","DE"
"1079",20100,"Dover, DE",174822,65758,73109,3079,33,238,222,14,3811,817,76,240,2251,427,1441,1241,1129,"Dover","DE"
"1080",20100,"Dover, DE",174822,65758,73109,0,0,0,0,1,0,0,0,0,0,0,0,0,0,"Dover","DE"
"1081",20100,"Dover, DE",174822,65758,73109,1706,15,254,419,12,1020,100,10,689,115,106,226,277,517,"Dover","DE"
"1082",20100,"Dover, DE",174822,65758,73109,4465,41,795,953,6.5,1145,534,12,349,215,35,331,398,416,"Dover","DE"
"1083",20100,"Dover, DE",174822,65758,73109,1903,0,187,500,3.833333333,274,26,0,61,185,2,68,100,106,"Dover","DE"
"1084",20100,"Dover, DE",174822,65758,73109,1899,29,209,502,4.666666667,269,72,10,159,15,13,91,57,121,"Dover","DE"
"1085",20100,"Dover, DE",174822,65758,73109,3665,123,310,774,4.833333333,290,175,0,58,28,29,136,113,41,"Dover","DE"
"1086",20100,"Dover, DE",174822,65758,73109,2784,40,97,812,4.333333333,28,0,10,1,17,0,7,10,11,"Dover","DE"
"1087",20100,"Dover, DE",174822,65758,73109,2715,122,177,773,5.166666667,429,11,208,169,41,0,173,97,159,"Dover","DE"
"1088",20100,"Dover, DE",174822,65758,73109,3201,68,296,777,5.333333333,233,37,1,83,112,0,77,94,62,"Dover","DE"
"1089",20100,"Dover, DE",174822,65758,73109,2844,97,304,763,11,445,61,42,171,170,1,150,146,149,"Dover","DE"
"1090",20100,"Dover, DE",174822,65758,73109,2720,194,385,640,9.166666667,1770,17,1503,15,219,16,104,474,1192,"Dover","DE"
"1091",20100,"Dover, DE",174822,65758,73109,1321,73,199,335,2.833333333,47,0,10,5,32,0,28,15,4,"Dover","DE"
"1092",20100,"Dover, DE",174822,65758,73109,1555,18,123,477,2.833333333,80,16,0,62,2,0,16,24,40,"Dover","DE"
"1093",45220,"Tallahassee, FL",380101,179620,156596,1098,0,151,277,6.5,219,37,5,47,27,103,89,104,26,"Tallahassee","FL"
"1094",45220,"Tallahassee, FL",380101,179620,156596,2403,75,191,663,7.5,809,292,178,39,188,112,237,440,132,"Tallahassee","FL"
"1095",45220,"Tallahassee, FL",380101,179620,156596,3298,44,281,760,3.833333333,89,18,0,48,13,10,23,37,29,"Tallahassee","FL"
"1096",45220,"Tallahassee, FL",380101,179620,156596,2305,0,295,572,5.5,203,45,9,86,63,0,74,92,37,"Tallahassee","FL"
"1097",45220,"Tallahassee, FL",380101,179620,156596,956,34,165,258,4.5,33,9,5,12,2,5,17,8,8,"Tallahassee","FL"
"1098",45220,"Tallahassee, FL",380101,179620,156596,2224,18,225,660,3.833333333,192,61,0,94,26,11,109,50,33,"Tallahassee","FL"
"1099",45220,"Tallahassee, FL",380101,179620,156596,4218,48,62,265,6.166666667,1004,10,606,95,202,91,124,650,230,"Tallahassee","FL"
"1100",45220,"Tallahassee, FL",380101,179620,156596,774,18,53,227,5.166666667,37,8,9,8,3,9,23,9,5,"Tallahassee","FL"
"1101",45220,"Tallahassee, FL",380101,179620,156596,1200,62,341,256,12.5,191,0,5,0,48,138,104,72,15,"Tallahassee","FL"
"1102",45220,"Tallahassee, FL",380101,179620,156596,2230,36,294,586,4.166666667,354,11,16,278,49,0,48,241,65,"Tallahassee","FL"
"1103",45220,"Tallahassee, FL",380101,179620,156596,1649,59,233,374,4.833333333,203,3,17,82,6,95,58,106,39,"Tallahassee","FL"
"1104",45220,"Tallahassee, FL",380101,179620,156596,409,19,63,118,5.166666667,88,9,5,51,23,0,34,39,15,"Tallahassee","FL"
"1105",45220,"Tallahassee, FL",380101,179620,156596,1152,12,166,262,2.833333333,52,0,0,19,0,33,26,22,4,"Tallahassee","FL"
"1106",45220,"Tallahassee, FL",380101,179620,156596,509,0,70,117,2.333333333,5,1,0,2,2,0,4,0,1,"Tallahassee","FL"
"1107",45220,"Tallahassee, FL",380101,179620,156596,1001,0,154,345,6.166666667,1647,131,196,987,288,45,219,786,642,"Tallahassee","FL"
"1108",45220,"Tallahassee, FL",380101,179620,156596,2675,169,299,203,6.833333333,969,0,274,310,385,0,168,493,308,"Tallahassee","FL"
"1109",45220,"Tallahassee, FL",380101,179620,156596,2226,46,259,780,4.833333333,229,46,4,72,47,60,112,94,23,"Tallahassee","FL"
"1110",45220,"Tallahassee, FL",380101,179620,156596,977,0,55,336,3.666666667,57,0,0,24,31,2,22,19,16,"Tallahassee","FL"
"1111",45220,"Tallahassee, FL",380101,179620,156596,1788,97,442,324,11.83333333,448,38,1,0,40,369,306,117,25,"Tallahassee","FL"
"1112",45220,"Tallahassee, FL",380101,179620,156596,1563,5,155,364,3.666666667,39,0,2,15,19,3,14,18,7,"Tallahassee","FL"
"1113",45220,"Tallahassee, FL",380101,179620,156596,873,0,83,277,9.833333333,1635,410,250,26,663,286,775,580,280,"Tallahassee","FL"
"1114",45220,"Tallahassee, FL",380101,179620,156596,696,13,12,23,17.66666667,45,16,4,13,7,5,14,25,6,"Tallahassee","FL"
"1115",45220,"Tallahassee, FL",380101,179620,156596,2271,37,258,549,6.166666667,583,175,0,285,88,35,166,255,162,"Tallahassee","FL"
"1116",45220,"Tallahassee, FL",380101,179620,156596,1211,0,61,304,3,24,10,0,3,11,0,4,17,3,"Tallahassee","FL"
"1117",45220,"Tallahassee, FL",380101,179620,156596,494,0,102,100,4.666666667,26,10,0,2,14,0,6,12,8,"Tallahassee","FL"
"1118",45220,"Tallahassee, FL",380101,179620,156596,1297,0,355,358,13.33333333,83,5,14,1,63,0,12,18,53,"Tallahassee","FL"
"1119",45220,"Tallahassee, FL",380101,179620,156596,884,0,222,171,14.83333333,368,10,35,152,134,37,104,159,105,"Tallahassee","FL"
"1120",45220,"Tallahassee, FL",380101,179620,156596,2889,13,200,708,4.666666667,161,23,20,71,38,9,67,61,33,"Tallahassee","FL"
"1121",45220,"Tallahassee, FL",380101,179620,156596,1006,42,133,227,6.666666667,398,152,25,134,45,42,140,189,69,"Tallahassee","FL"
"1122",45220,"Tallahassee, FL",380101,179620,156596,1338,0,273,265,5.166666667,147,15,8,35,65,24,69,53,25,"Tallahassee","FL"
"1123",45220,"Tallahassee, FL",380101,179620,156596,700,70,211,85,13.83333333,119,1,24,0,17,77,81,31,7,"Tallahassee","FL"
"1124",45220,"Tallahassee, FL",380101,179620,156596,1027,36,155,147,14.66666667,106,12,8,73,3,10,38,44,24,"Tallahassee","FL"
"1125",45220,"Tallahassee, FL",380101,179620,156596,1413,17,149,350,4,197,3,3,95,96,0,49,78,70,"Tallahassee","FL"
"1126",45220,"Tallahassee, FL",380101,179620,156596,453,29,108,64,12.33333333,12,0,0,12,0,0,3,6,3,"Tallahassee","FL"
"1127",45220,"Tallahassee, FL",380101,179620,156596,1302,53,140,311,10.33333333,30,0,0,30,0,0,15,11,4,"Tallahassee","FL"
"1128",45220,"Tallahassee, FL",380101,179620,156596,1076,30,313,52,16.83333333,1117,40,122,27,247,681,689,263,165,"Tallahassee","FL"
"1129",45220,"Tallahassee, FL",380101,179620,156596,1406,88,398,257,6,357,0,0,0,357,0,79,209,69,"Tallahassee","FL"
"1130",45220,"Tallahassee, FL",380101,179620,156596,2273,35,270,606,3,35,9,1,20,5,0,12,16,7,"Tallahassee","FL"
"1131",45220,"Tallahassee, FL",380101,179620,156596,1821,264,127,166,15.83333333,645,230,25,2,308,80,315,249,81,"Tallahassee","FL"
"1132",45220,"Tallahassee, FL",380101,179620,156596,509,10,156,149,9.166666667,390,63,57,39,204,27,124,160,106,"Tallahassee","FL"
"1133",45220,"Tallahassee, FL",380101,179620,156596,1115,12,164,198,15,781,98,255,24,160,244,233,327,221,"Tallahassee","FL"
"1134",45220,"Tallahassee, FL",380101,179620,156596,3592,56,724,872,11.83333333,275,86,33,1,95,60,115,105,55,"Tallahassee","FL"
"1135",45220,"Tallahassee, FL",380101,179620,156596,845,88,95,129,13.33333333,479,18,95,0,35,331,265,142,72,"Tallahassee","FL"
"1136",45220,"Tallahassee, FL",380101,179620,156596,1934,32,293,468,11.16666667,107,0,14,41,52,0,17,48,42,"Tallahassee","FL"
"1137",45220,"Tallahassee, FL",380101,179620,156596,991,38,142,195,13,377,3,6,221,147,0,55,97,225,"Tallahassee","FL"
"1138",45220,"Tallahassee, FL",380101,179620,156596,690,14,108,115,14.66666667,4048,144,1756,1405,532,211,435,1465,2148,"Tallahassee","FL"
"1139",45220,"Tallahassee, FL",380101,179620,156596,715,0,215,158,9.5,29,7,0,1,21,0,15,12,2,"Tallahassee","FL"
"1140",45220,"Tallahassee, FL",380101,179620,156596,1058,10,213,134,11.16666667,3,0,0,2,1,0,1,1,1,"Tallahassee","FL"
"1141",45220,"Tallahassee, FL",380101,179620,156596,2426,78,259,609,10,166,7,2,76,81,0,75,70,21,"Tallahassee","FL"
"1142",45220,"Tallahassee, FL",380101,179620,156596,1713,12,250,456,13.66666667,1013,245,158,62,392,156,349,330,334,"Tallahassee","FL"
"1143",45220,"Tallahassee, FL",380101,179620,156596,1257,17,128,332,7.666666667,131,8,4,24,37,58,51,45,35,"Tallahassee","FL"
"1144",45220,"Tallahassee, FL",380101,179620,156596,1215,0,47,308,6.166666667,33,0,3,15,15,0,5,8,20,"Tallahassee","FL"
"1145",45220,"Tallahassee, FL",380101,179620,156596,2708,7,437,723,4.5,85,2,60,5,18,0,40,21,24,"Tallahassee","FL"
"1146",45220,"Tallahassee, FL",380101,179620,156596,2127,19,254,492,6.5,152,9,12,17,111,3,36,35,81,"Tallahassee","FL"
"1147",45220,"Tallahassee, FL",380101,179620,156596,808,71,201,154,6,249,6,4,5,234,0,71,96,82,"Tallahassee","FL"
"1148",45220,"Tallahassee, FL",380101,179620,156596,1854,17,102,543,7.666666667,360,128,0,28,79,125,169,146,45,"Tallahassee","FL"
"1149",45220,"Tallahassee, FL",380101,179620,156596,2475,0,164,663,6.666666667,1237,0,349,290,585,13,139,251,847,"Tallahassee","FL"
"1150",45220,"Tallahassee, FL",380101,179620,156596,1701,47,67,163,2.833333333,2042,16,61,1,1959,5,220,1436,386,"Tallahassee","FL"
"1151",45220,"Tallahassee, FL",380101,179620,156596,1142,38,271,197,7.5,539,36,0,0,468,35,92,381,66,"Tallahassee","FL"
"1152",45220,"Tallahassee, FL",380101,179620,156596,250,32,51,38,10.33333333,208,3,1,0,204,0,66,43,99,"Tallahassee","FL"
"1153",45220,"Tallahassee, FL",380101,179620,156596,924,28,33,198,14,75,9,7,12,41,6,29,37,9,"Tallahassee","FL"
"1154",45220,"Tallahassee, FL",380101,179620,156596,1800,123,287,335,11.83333333,421,43,52,0,5,321,294,98,29,"Tallahassee","FL"
"1155",45220,"Tallahassee, FL",380101,179620,156596,1847,98,146,388,13,198,29,0,46,92,31,61,61,76,"Tallahassee","FL"
"1156",45220,"Tallahassee, FL",380101,179620,156596,3431,89,325,219,6.166666667,427,19,173,106,128,1,97,272,58,"Tallahassee","FL"
"1157",45220,"Tallahassee, FL",380101,179620,156596,438,0,72,161,3.833333333,113,30,0,73,5,5,34,45,34,"Tallahassee","FL"
"1158",45220,"Tallahassee, FL",380101,179620,156596,1747,10,177,692,6,512,18,183,193,78,40,112,215,185,"Tallahassee","FL"
"1159",45220,"Tallahassee, FL",380101,179620,156596,1450,11,106,526,2.166666667,43,10,0,28,5,0,9,15,19,"Tallahassee","FL"
"1160",45220,"Tallahassee, FL",380101,179620,156596,1724,18,240,420,3.166666667,174,6,0,134,34,0,28,98,48,"Tallahassee","FL"
"1161",45220,"Tallahassee, FL",380101,179620,156596,934,30,236,204,6.333333333,142,45,0,54,28,15,42,54,46,"Tallahassee","FL"
"1162",45220,"Tallahassee, FL",380101,179620,156596,768,2,166,245,3.833333333,57,1,0,28,15,13,17,29,11,"Tallahassee","FL"
"1163",45220,"Tallahassee, FL",380101,179620,156596,1427,19,148,315,6.833333333,554,0,39,333,84,98,151,225,178,"Tallahassee","FL"
"1164",45220,"Tallahassee, FL",380101,179620,156596,1110,15,249,292,8.333333333,5807,82,45,11,5610,59,813,2174,2820,"Tallahassee","FL"
"1165",45220,"Tallahassee, FL",380101,179620,156596,2104,0,674,356,13.16666667,2230,114,254,29,1602,231,463,669,1098,"Tallahassee","FL"
"1166",45220,"Tallahassee, FL",380101,179620,156596,2615,0,533,554,13.33333333,4065,104,1367,177,2332,85,586,1817,1662,"Tallahassee","FL"
"1167",45220,"Tallahassee, FL",380101,179620,156596,579,0,97,138,13.16666667,223,16,12,3,170,22,86,44,93,"Tallahassee","FL"
"1168",45220,"Tallahassee, FL",380101,179620,156596,2041,52,605,496,12.5,1628,57,1131,109,223,108,229,639,760,"Tallahassee","FL"
"1169",45220,"Tallahassee, FL",380101,179620,156596,1601,81,421,298,14.33333333,4221,608,1186,229,1631,567,920,1365,1936,"Tallahassee","FL"
"1170",45220,"Tallahassee, FL",380101,179620,156596,1953,0,138,591,10.16666667,127,69,1,11,46,0,51,54,22,"Tallahassee","FL"
"1171",45220,"Tallahassee, FL",380101,179620,156596,1250,17,190,377,12,268,16,43,10,199,0,62,99,107,"Tallahassee","FL"
"1172",45220,"Tallahassee, FL",380101,179620,156596,730,0,52,242,9.5,35,2,4,20,9,0,14,12,9,"Tallahassee","FL"
"1173",45220,"Tallahassee, FL",380101,179620,156596,654,0,121,156,5,34,0,1,29,4,0,8,16,10,"Tallahassee","FL"
"1174",45220,"Tallahassee, FL",380101,179620,156596,1162,15,145,166,5,29,0,0,5,24,0,11,6,12,"Tallahassee","FL"
"1175",45220,"Tallahassee, FL",380101,179620,156596,1167,106,260,144,8.666666667,1,0,0,0,1,0,1,0,0,"Tallahassee","FL"
"1176",45220,"Tallahassee, FL",380101,179620,156596,2698,94,350,356,14.33333333,392,126,14,8,89,155,244,113,35,"Tallahassee","FL"
"1177",45220,"Tallahassee, FL",380101,179620,156596,1357,39,107,50,11.66666667,51,6,0,4,38,3,14,22,15,"Tallahassee","FL"
"1178",45220,"Tallahassee, FL",380101,179620,156596,883,103,121,118,12.66666667,350,0,7,320,23,0,22,80,248,"Tallahassee","FL"
"1179",45220,"Tallahassee, FL",380101,179620,156596,1294,0,0,0,12.83333333,6893,67,5,8,6785,28,932,2341,3620,"Tallahassee","FL"
"1180",45220,"Tallahassee, FL",380101,179620,156596,2262,196,230,337,12.5,135,11,11,79,34,0,21,72,42,"Tallahassee","FL"
"1181",45220,"Tallahassee, FL",380101,179620,156596,806,131,138,104,14.16666667,200,11,0,1,188,0,50,106,44,"Tallahassee","FL"
"1182",45220,"Tallahassee, FL",380101,179620,156596,1942,42,465,343,14.5,347,0,18,6,205,118,116,127,104,"Tallahassee","FL"
"1183",45220,"Tallahassee, FL",380101,179620,156596,809,0,99,219,12,465,25,8,21,84,327,237,176,52,"Tallahassee","FL"
"1184",45220,"Tallahassee, FL",380101,179620,156596,768,0,55,199,11.16666667,13,6,0,1,6,0,10,3,0,"Tallahassee","FL"
"1185",45220,"Tallahassee, FL",380101,179620,156596,1516,13,207,364,14.83333333,2962,58,1972,3,474,455,511,1442,1009,"Tallahassee","FL"
"1186",45220,"Tallahassee, FL",380101,179620,156596,2176,79,486,452,9,591,194,178,23,183,13,279,176,136,"Tallahassee","FL"
"1187",45220,"Tallahassee, FL",380101,179620,156596,1603,109,444,237,14.66666667,1291,82,329,23,488,369,453,428,410,"Tallahassee","FL"
"1188",45220,"Tallahassee, FL",380101,179620,156596,1522,0,252,466,4.666666667,19,0,0,7,12,0,6,7,6,"Tallahassee","FL"
"1189",45220,"Tallahassee, FL",380101,179620,156596,1086,0,92,345,4.833333333,76,0,0,9,67,0,25,37,14,"Tallahassee","FL"
"1190",45220,"Tallahassee, FL",380101,179620,156596,600,22,66,186,4.333333333,17,0,10,3,4,0,1,9,7,"Tallahassee","FL"
"1191",45220,"Tallahassee, FL",380101,179620,156596,1129,19,93,357,11.16666667,369,1,87,3,277,1,98,148,123,"Tallahassee","FL"
"1192",45220,"Tallahassee, FL",380101,179620,156596,1181,11,187,272,4,43,0,3,30,3,7,11,17,15,"Tallahassee","FL"
"1193",45220,"Tallahassee, FL",380101,179620,156596,3340,0,91,1006,7.166666667,258,21,14,60,72,91,127,78,53,"Tallahassee","FL"
"1194",45220,"Tallahassee, FL",380101,179620,156596,1805,87,226,126,15.33333333,3106,107,74,48,2745,132,905,1070,1131,"Tallahassee","FL"
"1195",45220,"Tallahassee, FL",380101,179620,156596,916,68,311,209,18,3428,497,395,143,1429,964,1421,1213,794,"Tallahassee","FL"
"1196",45220,"Tallahassee, FL",380101,179620,156596,665,7,181,115,14.83333333,913,111,266,46,456,34,187,319,407,"Tallahassee","FL"
"1197",45220,"Tallahassee, FL",380101,179620,156596,1636,69,501,375,12,3685,2470,91,11,533,580,1983,1163,539,"Tallahassee","FL"
"1198",45220,"Tallahassee, FL",380101,179620,156596,1851,0,143,520,4.666666667,49,0,10,19,20,0,21,11,17,"Tallahassee","FL"
"1199",45220,"Tallahassee, FL",380101,179620,156596,1348,30,169,272,9.5,17,0,2,1,14,0,11,3,3,"Tallahassee","FL"
"1200",45220,"Tallahassee, FL",380101,179620,156596,961,77,408,237,15.33333333,23913,95,17772,210,4603,1233,2911,7527,13475,"Tallahassee","FL"
"1201",45220,"Tallahassee, FL",380101,179620,156596,1548,39,330,414,15.5,1221,239,191,14,296,481,525,378,318,"Tallahassee","FL"
"1202",45220,"Tallahassee, FL",380101,179620,156596,903,26,208,261,13,304,113,3,13,110,65,104,119,81,"Tallahassee","FL"
"1203",45220,"Tallahassee, FL",380101,179620,156596,653,140,181,62,14.83333333,108,13,0,39,56,0,10,32,66,"Tallahassee","FL"
"1204",45220,"Tallahassee, FL",380101,179620,156596,1537,116,249,418,13.66666667,232,15,182,2,6,27,32,108,92,"Tallahassee","FL"
"1205",45220,"Tallahassee, FL",380101,179620,156596,1664,136,369,182,13.66666667,710,219,22,332,77,60,205,314,191,"Tallahassee","FL"
"1206",45220,"Tallahassee, FL",380101,179620,156596,1474,0,128,430,4,163,1,0,8,142,12,28,68,67,"Tallahassee","FL"
"1207",45220,"Tallahassee, FL",380101,179620,156596,955,71,140,267,17.66666667,2769,79,979,180,1116,415,641,834,1294,"Tallahassee","FL"
"1208",45220,"Tallahassee, FL",380101,179620,156596,1123,18,199,252,13.16666667,1979,65,971,18,283,642,730,845,404,"Tallahassee","FL"
"1209",45220,"Tallahassee, FL",380101,179620,156596,1373,0,0,0,17.33333333,154,0,100,0,30,24,33,60,61,"Tallahassee","FL"
"1210",45220,"Tallahassee, FL",380101,179620,156596,2447,0,0,0,14.66666667,274,9,12,2,6,245,173,75,26,"Tallahassee","FL"
"1211",45220,"Tallahassee, FL",380101,179620,156596,1411,12,287,311,7.166666667,9,0,0,1,8,0,7,2,0,"Tallahassee","FL"
"1212",45220,"Tallahassee, FL",380101,179620,156596,1732,0,262,456,7,457,7,53,265,103,29,89,198,170,"Tallahassee","FL"
"1213",45220,"Tallahassee, FL",380101,179620,156596,480,0,61,110,6.666666667,550,400,21,38,45,46,143,323,84,"Tallahassee","FL"
"1214",45220,"Tallahassee, FL",380101,179620,156596,2286,95,569,426,16.5,3428,261,1166,140,1270,591,1101,1234,1093,"Tallahassee","FL"
"1215",45220,"Tallahassee, FL",380101,179620,156596,1478,18,312,285,11.33333333,131,3,0,66,62,0,49,50,32,"Tallahassee","FL"
"1216",45220,"Tallahassee, FL",380101,179620,156596,1794,12,229,517,6,85,18,4,24,28,11,38,29,18,"Tallahassee","FL"
"1217",45220,"Tallahassee, FL",380101,179620,156596,3039,85,191,233,13.5,11088,535,1203,913,8360,77,2563,4164,4361,"Tallahassee","FL"
"1218",45220,"Tallahassee, FL",380101,179620,156596,2440,77,607,413,15.16666667,709,227,111,20,66,285,327,231,151,"Tallahassee","FL"
"1219",45220,"Tallahassee, FL",380101,179620,156596,1254,77,242,131,17,429,35,22,154,16,202,208,152,69,"Tallahassee","FL"
"1220",45220,"Tallahassee, FL",380101,179620,156596,770,77,108,116,11.66666667,148,7,4,23,114,0,17,84,47,"Tallahassee","FL"
"1221",45220,"Tallahassee, FL",380101,179620,156596,1644,9,281,392,6.166666667,93,26,18,7,42,0,18,32,43,"Tallahassee","FL"
"1222",45220,"Tallahassee, FL",380101,179620,156596,2960,37,715,407,15.66666667,1155,227,353,308,86,181,234,571,350,"Tallahassee","FL"
"1223",45220,"Tallahassee, FL",380101,179620,156596,923,0,0,0,12.33333333,13,2,0,0,11,0,1,6,6,"Tallahassee","FL"
"1224",45220,"Tallahassee, FL",380101,179620,156596,1825,98,481,400,13.33333333,1250,451,8,360,252,179,409,490,351,"Tallahassee","FL"
"1225",45220,"Tallahassee, FL",380101,179620,156596,823,0,112,259,12.33333333,2283,161,1636,6,264,216,352,1059,872,"Tallahassee","FL"
"1226",45220,"Tallahassee, FL",380101,179620,156596,3095,111,502,815,11.83333333,209,1,2,77,129,0,45,106,58,"Tallahassee","FL"
"1227",45220,"Tallahassee, FL",380101,179620,156596,1462,14,204,464,10.5,77,0,0,12,12,53,49,26,2,"Tallahassee","FL"
"1228",45220,"Tallahassee, FL",380101,179620,156596,2852,156,303,605,11.16666667,40,0,5,16,19,0,9,20,11,"Tallahassee","FL"
"1229",45220,"Tallahassee, FL",380101,179620,156596,1719,44,228,380,13.16666667,533,384,0,1,74,74,250,208,75,"Tallahassee","FL"
"1230",45220,"Tallahassee, FL",380101,179620,156596,2478,92,351,365,14.16666667,184,76,41,0,0,67,105,53,26,"Tallahassee","FL"
"1231",45220,"Tallahassee, FL",380101,179620,156596,2100,9,309,468,10.16666667,7,0,0,0,7,0,1,5,1,"Tallahassee","FL"
"1232",45220,"Tallahassee, FL",380101,179620,156596,1482,126,255,179,13,1261,861,130,51,102,117,313,608,340,"Tallahassee","FL"
"1233",45220,"Tallahassee, FL",380101,179620,156596,1724,50,396,458,13.66666667,388,32,39,36,207,74,137,148,103,"Tallahassee","FL"
"1234",45220,"Tallahassee, FL",380101,179620,156596,1617,0,274,401,5.166666667,258,5,126,0,99,28,117,95,46,"Tallahassee","FL"
"1235",45220,"Tallahassee, FL",380101,179620,156596,4994,15,289,1386,4.5,132,11,9,8,104,0,45,30,57,"Tallahassee","FL"
"1236",45220,"Tallahassee, FL",380101,179620,156596,2245,149,280,410,13.83333333,77,50,0,0,27,0,31,27,19,"Tallahassee","FL"
"1237",45220,"Tallahassee, FL",380101,179620,156596,1168,9,112,386,4.833333333,97,6,6,37,48,0,25,48,24,"Tallahassee","FL"
"1238",45220,"Tallahassee, FL",380101,179620,156596,3506,49,362,814,5.5,667,111,36,351,23,146,172,258,237,"Tallahassee","FL"
"1239",45220,"Tallahassee, FL",380101,179620,156596,785,19,67,241,2,10,0,0,1,9,0,2,8,0,"Tallahassee","FL"
"1240",45220,"Tallahassee, FL",380101,179620,156596,1085,61,118,165,4,78,14,4,59,1,0,31,39,8,"Tallahassee","FL"
"1241",45220,"Tallahassee, FL",380101,179620,156596,1368,71,103,305,2.5,49,1,0,43,5,0,25,15,9,"Tallahassee","FL"
"1242",45220,"Tallahassee, FL",380101,179620,156596,979,75,145,270,2.833333333,545,18,4,513,9,1,116,359,70,"Tallahassee","FL"
"1243",45220,"Tallahassee, FL",380101,179620,156596,1456,128,335,205,2.166666667,39,0,1,28,0,10,28,8,3,"Tallahassee","FL"
"1244",45220,"Tallahassee, FL",380101,179620,156596,974,32,101,209,7.666666667,314,45,20,102,144,3,59,117,138,"Tallahassee","FL"
"1245",45220,"Tallahassee, FL",380101,179620,156596,927,0,189,237,3.333333333,511,6,0,491,14,0,30,245,236,"Tallahassee","FL"
"1246",45220,"Tallahassee, FL",380101,179620,156596,2003,77,352,560,5.833333333,144,16,1,44,56,27,56,55,33,"Tallahassee","FL"
"1247",45220,"Tallahassee, FL",380101,179620,156596,1274,17,207,422,4.666666667,436,54,15,330,18,19,75,263,98,"Tallahassee","FL"
"1248",45220,"Tallahassee, FL",380101,179620,156596,1039,28,186,236,3.333333333,93,8,0,68,17,0,23,45,25,"Tallahassee","FL"
"1249",45220,"Tallahassee, FL",380101,179620,156596,2443,56,400,489,5.166666667,1394,261,30,1022,47,34,567,574,253,"Tallahassee","FL"
"1250",45220,"Tallahassee, FL",380101,179620,156596,2753,65,134,131,6.833333333,470,68,44,26,316,16,113,285,72,"Tallahassee","FL"
"1251",45220,"Tallahassee, FL",380101,179620,156596,543,0,118,201,2.833333333,23,0,3,14,5,1,6,15,2,"Tallahassee","FL"
"1252",45220,"Tallahassee, FL",380101,179620,156596,757,42,39,122,3.333333333,64,9,0,6,1,48,23,33,8,"Tallahassee","FL"
"1253",45220,"Tallahassee, FL",380101,179620,156596,475,73,49,109,3.166666667,45,0,0,0,45,0,13,29,3,"Tallahassee","FL"
"1254",45220,"Tallahassee, FL",380101,179620,156596,1083,0,402,169,9.666666667,797,220,238,74,107,158,286,312,199,"Tallahassee","FL"
"1255",45220,"Tallahassee, FL",380101,179620,156596,625,24,114,81,3.833333333,38,18,0,20,0,0,12,14,12,"Tallahassee","FL"
"1256",45220,"Tallahassee, FL",380101,179620,156596,1357,23,56,318,3.666666667,83,0,0,52,31,0,41,38,4,"Tallahassee","FL"
"1257",45220,"Tallahassee, FL",380101,179620,156596,965,47,74,183,2.833333333,21,4,0,17,0,0,8,10,3,"Tallahassee","FL"
"1258",45220,"Tallahassee, FL",380101,179620,156596,878,19,191,212,8.833333333,518,96,156,19,204,43,173,244,101,"Tallahassee","FL"
"1259",45220,"Tallahassee, FL",380101,179620,156596,0,0,0,0,1,0,0,0,0,0,0,0,0,0,"Tallahassee","FL"
"1260",45220,"Tallahassee, FL",380101,179620,156596,0,0,0,0,1,0,0,0,0,0,0,0,0,0,"Tallahassee","FL"
"1261",45220,"Tallahassee, FL",380101,179620,156596,2782,374,387,318,9.833333333,1817,73,395,187,1081,81,357,835,625,"Tallahassee","FL"
"1262",45220,"Tallahassee, FL",380101,179620,156596,3402,53,578,823,3.333333333,67,6,4,36,21,0,20,24,23,"Tallahassee","FL"
"1263",45220,"Tallahassee, FL",380101,179620,156596,618,0,85,194,3.666666667,467,4,3,417,8,35,48,84,335,"Tallahassee","FL"
"1264",45220,"Tallahassee, FL",380101,179620,156596,1352,15,216,361,9.333333333,1567,4,1476,4,45,38,118,672,777,"Tallahassee","FL"
"1265",45220,"Tallahassee, FL",380101,179620,156596,2553,63,727,404,12.66666667,2063,0,1346,15,693,9,156,828,1079,"Tallahassee","FL"
"1266",45220,"Tallahassee, FL",380101,179620,156596,1751,26,349,294,10.5,980,0,927,5,36,12,238,471,271,"Tallahassee","FL"
"1267",45220,"Tallahassee, FL",380101,179620,156596,1972,0,302,520,3.5,96,8,3,63,22,0,27,45,24,"Tallahassee","FL"
"1268",45220,"Tallahassee, FL",380101,179620,156596,2283,28,146,592,7,358,6,66,65,137,84,116,175,67,"Tallahassee","FL"
"1269",45220,"Tallahassee, FL",380101,179620,156596,4172,30,520,1034,9,1712,221,211,166,910,204,449,630,633,"Tallahassee","FL"
"1270",45220,"Tallahassee, FL",380101,179620,156596,2154,0,204,617,4.833333333,103,8,0,47,27,21,50,39,14,"Tallahassee","FL"
"1271",45220,"Tallahassee, FL",380101,179620,156596,531,37,154,71,13.16666667,18,0,0,0,18,0,1,7,10,"Tallahassee","FL"
"1272",45220,"Tallahassee, FL",380101,179620,156596,3820,157,385,659,7.5,220,19,15,92,51,43,64,116,40,"Tallahassee","FL"
"1273",45220,"Tallahassee, FL",380101,179620,156596,1715,42,284,339,8.5,465,6,4,427,24,4,61,176,228,"Tallahassee","FL"
"1274",45220,"Tallahassee, FL",380101,179620,156596,2376,8,557,505,7.5,479,182,49,41,84,123,204,199,76,"Tallahassee","FL"
"1275",45220,"Tallahassee, FL",380101,179620,156596,2133,63,395,363,10.83333333,179,18,8,103,49,1,59,82,38,"Tallahassee","FL"
"1276",45220,"Tallahassee, FL",380101,179620,156596,1205,0,166,327,6,336,0,34,38,264,0,83,121,132,"Tallahassee","FL"
"1277",45220,"Tallahassee, FL",380101,179620,156596,1674,12,190,520,9.166666667,3048,535,385,119,1334,675,1365,909,774,"Tallahassee","FL"
"1278",45220,"Tallahassee, FL",380101,179620,156596,2153,0,315,623,10.83333333,35,0,4,5,18,8,9,20,6,"Tallahassee","FL"
"1279",45220,"Tallahassee, FL",380101,179620,156596,1009,0,97,257,6.5,51,0,3,19,29,0,8,31,12,"Tallahassee","FL"
"1280",45220,"Tallahassee, FL",380101,179620,156596,1413,16,109,426,6.166666667,165,3,42,14,106,0,31,53,81,"Tallahassee","FL"
"1281",45220,"Tallahassee, FL",380101,179620,156596,1642,23,267,374,6.333333333,36,9,2,12,10,3,13,18,5,"Tallahassee","FL"
"1282",45220,"Tallahassee, FL",380101,179620,156596,2197,142,690,324,9.333333333,1380,231,721,12,246,170,321,560,499,"Tallahassee","FL"
"1283",45220,"Tallahassee, FL",380101,179620,156596,1508,15,239,339,5.5,74,14,0,32,23,5,23,40,11,"Tallahassee","FL"
"1284",45220,"Tallahassee, FL",380101,179620,156596,776,18,174,53,12.5,3777,4,259,129,3385,0,652,1479,1646,"Tallahassee","FL"
"1285",45220,"Tallahassee, FL",380101,179620,156596,1988,187,416,333,13,905,279,123,32,384,87,333,350,222,"Tallahassee","FL"
"1286",45220,"Tallahassee, FL",380101,179620,156596,1713,18,248,464,13,1584,777,55,297,236,219,495,645,444,"Tallahassee","FL"
"1287",45220,"Tallahassee, FL",380101,179620,156596,1890,26,224,478,6.833333333,120,10,64,10,19,17,81,22,17,"Tallahassee","FL"
"1288",45220,"Tallahassee, FL",380101,179620,156596,2390,61,443,435,4.833333333,95,25,0,26,32,12,34,37,24,"Tallahassee","FL"
"1289",45220,"Tallahassee, FL",380101,179620,156596,2169,31,281,426,4.5,77,6,5,29,37,0,22,43,12,"Tallahassee","FL"
"1290",45220,"Tallahassee, FL",380101,179620,156596,1223,65,111,373,3.166666667,22,0,0,1,21,0,9,11,2,"Tallahassee","FL"
"1291",45220,"Tallahassee, FL",380101,179620,156596,970,31,235,192,2.166666667,25,0,0,22,3,0,8,13,4,"Tallahassee","FL"
"1292",45220,"Tallahassee, FL",380101,179620,156596,643,0,39,234,5.333333333,44,2,1,8,20,13,11,18,15,"Tallahassee","FL"
"1293",45220,"Tallahassee, FL",380101,179620,156596,1335,0,195,216,4.666666667,273,19,6,239,9,0,36,109,128,"Tallahassee","FL"
"1294",45220,"Tallahassee, FL",380101,179620,156596,1989,0,232,516,7.166666667,1045,53,22,708,262,0,170,532,343,"Tallahassee","FL"
"1295",45220,"Tallahassee, FL",380101,179620,156596,1989,21,342,401,8,1369,460,139,429,145,196,408,453,508,"Tallahassee","FL"
"1296",45220,"Tallahassee, FL",380101,179620,156596,357,41,62,77,9.166666667,296,77,12,80,73,54,120,104,72,"Tallahassee","FL"
"1297",45220,"Tallahassee, FL",380101,179620,156596,1502,34,456,249,13.5,3307,642,161,98,1784,622,1207,1316,784,"Tallahassee","FL"
"1298",45220,"Tallahassee, FL",380101,179620,156596,950,15,170,226,5.333333333,131,3,3,12,113,0,23,49,59,"Tallahassee","FL"
"1299",45220,"Tallahassee, FL",380101,179620,156596,1964,42,232,463,6.166666667,92,0,23,30,39,0,18,30,44,"Tallahassee","FL"
"1300",45220,"Tallahassee, FL",380101,179620,156596,1889,202,383,262,7.5,277,93,52,53,61,18,89,133,55,"Tallahassee","FL"
"1301",45220,"Tallahassee, FL",380101,179620,156596,2481,158,74,655,2.666666667,125,3,0,15,107,0,64,56,5,"Tallahassee","FL"
"1302",45220,"Tallahassee, FL",380101,179620,156596,2277,0,218,635,2.833333333,70,1,0,37,32,0,19,30,21,"Tallahassee","FL"
"1303",45220,"Tallahassee, FL",380101,179620,156596,5134,15,677,1351,10.16666667,4902,45,3728,20,955,154,530,2302,2070,"Tallahassee","FL"
"1304",45220,"Tallahassee, FL",380101,179620,156596,480,87,80,32,16.16666667,45,0,0,0,16,29,32,11,2,"Tallahassee","FL"
"1305",45220,"Tallahassee, FL",380101,179620,156596,2223,0,148,678,4.666666667,932,0,764,66,75,27,105,428,399,"Tallahassee","FL"
"1306",45220,"Tallahassee, FL",380101,179620,156596,1889,85,254,363,13.16666667,401,51,6,3,5,336,262,108,31,"Tallahassee","FL"
"1307",45220,"Tallahassee, FL",380101,179620,156596,1016,0,244,230,11.16666667,11,0,11,0,0,0,0,0,11,"Tallahassee","FL"
"1308",45220,"Tallahassee, FL",380101,179620,156596,4336,18,253,1301,7.666666667,1202,408,19,61,323,391,473,499,230,"Tallahassee","FL"
"1309",45220,"Tallahassee, FL",380101,179620,156596,1365,89,169,171,14.83333333,1213,65,99,115,113,821,679,342,192,"Tallahassee","FL"
"1310",45220,"Tallahassee, FL",380101,179620,156596,5034,0,419,1404,7,314,13,22,31,170,78,122,104,88,"Tallahassee","FL"
"1311",45220,"Tallahassee, FL",380101,179620,156596,2649,13,185,781,7.333333333,592,145,63,151,182,51,236,238,118,"Tallahassee","FL"
"1312",45220,"Tallahassee, FL",380101,179620,156596,2915,31,99,934,6.5,308,35,1,30,230,12,124,130,54,"Tallahassee","FL"
"1313",45220,"Tallahassee, FL",380101,179620,156596,1168,0,193,388,4,39,0,1,5,33,0,22,10,7,"Tallahassee","FL"
"1314",45220,"Tallahassee, FL",380101,179620,156596,1831,17,118,517,5,37,0,4,21,11,1,12,13,12,"Tallahassee","FL"
"1315",45220,"Tallahassee, FL",380101,179620,156596,989,32,256,220,2.333333333,14,1,0,8,5,0,1,8,5,"Tallahassee","FL"
"1316",45220,"Tallahassee, FL",380101,179620,156596,3272,0,459,903,6.333333333,201,21,53,12,102,13,50,77,74,"Tallahassee","FL"
"1317",45220,"Tallahassee, FL",380101,179620,156596,1092,51,217,282,8.5,791,274,28,91,251,147,337,312,142,"Tallahassee","FL"
"1318",45220,"Tallahassee, FL",380101,179620,156596,1710,46,175,420,6.333333333,127,28,13,19,10,57,49,51,27,"Tallahassee","FL"
"1319",45220,"Tallahassee, FL",380101,179620,156596,1750,77,187,251,5.333333333,81,29,3,15,29,5,32,32,17,"Tallahassee","FL"
"1320",45220,"Tallahassee, FL",380101,179620,156596,2425,36,106,733,5.5,232,20,0,62,150,0,86,111,35,"Tallahassee","FL"
"1321",45220,"Tallahassee, FL",380101,179620,156596,2231,0,209,589,2,49,6,4,35,4,0,15,19,15,"Tallahassee","FL"
"1322",45220,"Tallahassee, FL",380101,179620,156596,370,0,92,80,6.333333333,811,40,433,255,41,42,173,350,288,"Tallahassee","FL"
"1323",45220,"Tallahassee, FL",380101,179620,156596,2371,252,243,271,16.33333333,760,40,81,11,158,470,507,182,71,"Tallahassee","FL"
"1324",45220,"Tallahassee, FL",380101,179620,156596,884,36,250,151,12,3,0,0,3,0,0,1,2,0,"Tallahassee","FL"
"1325",45220,"Tallahassee, FL",380101,179620,156596,1466,0,303,277,12,180,18,37,7,68,50,54,80,46,"Tallahassee","FL"
"1326",45220,"Tallahassee, FL",380101,179620,156596,792,16,163,191,14.33333333,448,144,12,25,159,108,194,172,82,"Tallahassee","FL"
"1327",45220,"Tallahassee, FL",380101,179620,156596,1232,12,279,311,14.33333333,606,215,68,2,177,144,264,198,144,"Tallahassee","FL"
"1328",45820,"Topeka, KS",233260,113409,107002,2524,10,66,802,4.166666667,163,7,3,6,139,8,94,48,21,"Topeka","KS"
"1329",45820,"Topeka, KS",233260,113409,107002,2317,12,241,570,5.666666667,48,0,14,15,19,0,18,16,14,"Topeka","KS"
"1330",45820,"Topeka, KS",233260,113409,107002,2378,47,524,495,14,450,161,26,19,191,53,226,144,80,"Topeka","KS"
"1331",45820,"Topeka, KS",233260,113409,107002,1650,149,382,207,12.33333333,69,2,2,0,50,15,43,15,11,"Topeka","KS"
"1332",45820,"Topeka, KS",233260,113409,107002,2571,140,633,492,15.66666667,1170,250,93,32,538,257,471,479,220,"Topeka","KS"
"1333",45820,"Topeka, KS",233260,113409,107002,1802,136,328,388,6.833333333,3275,2010,88,133,238,806,1509,1285,481,"Topeka","KS"
"1334",45820,"Topeka, KS",233260,113409,107002,1955,32,527,325,15.83333333,508,19,139,36,271,43,142,198,168,"Topeka","KS"
"1335",45820,"Topeka, KS",233260,113409,107002,811,0,53,314,3.333333333,127,26,0,90,7,4,32,71,24,"Topeka","KS"
"1336",45820,"Topeka, KS",233260,113409,107002,733,17,20,229,4,122,0,0,103,19,0,24,52,46,"Topeka","KS"
"1337",45820,"Topeka, KS",233260,113409,107002,1049,4,56,287,4,101,0,18,64,15,4,23,39,39,"Topeka","KS"
"1338",45820,"Topeka, KS",233260,113409,107002,668,6,83,219,3.5,135,12,3,98,17,5,37,53,45,"Topeka","KS"
"1339",45820,"Topeka, KS",233260,113409,107002,1024,11,96,353,8.166666667,442,22,125,64,225,6,152,173,117,"Topeka","KS"
"1340",45820,"Topeka, KS",233260,113409,107002,757,2,42,267,3.833333333,54,7,17,27,0,3,24,15,15,"Topeka","KS"
"1341",45820,"Topeka, KS",233260,113409,107002,1132,7,82,315,3.5,50,1,11,31,3,4,23,15,12,"Topeka","KS"
"1342",45820,"Topeka, KS",233260,113409,107002,839,11,66,252,4.666666667,42,14,14,6,0,8,26,7,9,"Topeka","KS"
"1343",45820,"Topeka, KS",233260,113409,107002,1811,31,65,606,6,249,7,63,16,37,126,116,72,61,"Topeka","KS"
"1344",45820,"Topeka, KS",233260,113409,107002,1227,154,267,279,13.66666667,1389,9,106,20,1188,66,836,280,273,"Topeka","KS"
"1345",45820,"Topeka, KS",233260,113409,107002,720,20,74,221,13.66666667,113,22,1,25,65,0,25,45,43,"Topeka","KS"
"1346",45820,"Topeka, KS",233260,113409,107002,2617,0,70,730,6.666666667,187,33,9,71,42,32,64,61,62,"Topeka","KS"
"1347",45820,"Topeka, KS",233260,113409,107002,1726,0,361,531,10.66666667,1825,213,372,120,996,124,504,751,570,"Topeka","KS"
"1348",45820,"Topeka, KS",233260,113409,107002,909,0,36,308,2,26,0,0,21,1,4,11,8,7,"Topeka","KS"
"1349",45820,"Topeka, KS",233260,113409,107002,2238,110,506,481,12.33333333,849,0,470,123,256,0,139,206,504,"Topeka","KS"
"1350",45820,"Topeka, KS",233260,113409,107002,1286,12,196,403,12.16666667,118,1,9,10,98,0,38,62,18,"Topeka","KS"
"1351",45820,"Topeka, KS",233260,113409,107002,994,154,316,170,14.5,971,210,47,3,608,103,474,392,105,"Topeka","KS"
"1352",45820,"Topeka, KS",233260,113409,107002,2875,29,115,863,3.666666667,87,1,0,32,54,0,27,35,25,"Topeka","KS"
"1353",45820,"Topeka, KS",233260,113409,107002,1382,35,154,166,15,1388,0,8,0,1268,112,441,378,569,"Topeka","KS"
"1354",45820,"Topeka, KS",233260,113409,107002,2031,9,205,534,13.83333333,648,78,149,46,340,35,193,297,158,"Topeka","KS"
"1355",45820,"Topeka, KS",233260,113409,107002,1010,17,78,311,7.333333333,280,31,57,36,151,5,118,112,50,"Topeka","KS"
"1356",45820,"Topeka, KS",233260,113409,107002,779,11,62,243,2.833333333,42,4,2,26,10,0,6,20,16,"Topeka","KS"
"1357",45820,"Topeka, KS",233260,113409,107002,609,8,33,185,1.5,13,0,0,12,1,0,1,5,7,"Topeka","KS"
"1358",45820,"Topeka, KS",233260,113409,107002,1802,4,147,625,4.166666667,121,0,4,55,28,34,54,24,43,"Topeka","KS"
"1359",45820,"Topeka, KS",233260,113409,107002,1225,18,104,328,7,722,59,218,27,407,11,285,293,144,"Topeka","KS"
"1360",45820,"Topeka, KS",233260,113409,107002,1741,56,275,437,5.166666667,1439,38,79,97,1223,2,852,472,115,"Topeka","KS"
"1361",45820,"Topeka, KS",233260,113409,107002,1056,0,58,393,3.666666667,112,0,2,56,40,14,61,38,13,"Topeka","KS"
"1362",45820,"Topeka, KS",233260,113409,107002,917,0,43,360,3.333333333,270,0,3,3,264,0,95,94,81,"Topeka","KS"
"1363",45820,"Topeka, KS",233260,113409,107002,780,31,104,188,14.33333333,168,38,3,28,29,70,91,48,29,"Topeka","KS"
"1364",45820,"Topeka, KS",233260,113409,107002,1853,0,141,541,6.666666667,109,17,4,15,17,56,42,52,15,"Topeka","KS"
"1365",45820,"Topeka, KS",233260,113409,107002,641,226,86,137,16.16666667,8158,50,3348,1510,3096,154,1407,2950,3801,"Topeka","KS"
"1366",45820,"Topeka, KS",233260,113409,107002,806,20,101,28,13,12559,122,10853,190,1160,234,1223,3701,7635,"Topeka","KS"
"1367",45820,"Topeka, KS",233260,113409,107002,422,91,33,67,15.83333333,2738,274,1888,275,201,100,334,905,1499,"Topeka","KS"
"1368",45820,"Topeka, KS",233260,113409,107002,1173,137,334,158,13.66666667,1655,87,10,275,1193,90,413,721,521,"Topeka","KS"
"1369",45820,"Topeka, KS",233260,113409,107002,960,0,65,256,11.83333333,8,0,0,0,8,0,0,0,8,"Topeka","KS"
"1370",45820,"Topeka, KS",233260,113409,107002,686,46,163,139,13,196,0,2,1,186,7,93,82,21,"Topeka","KS"
"1371",45820,"Topeka, KS",233260,113409,107002,809,90,228,117,15.83333333,1029,150,234,35,427,183,348,444,237,"Topeka","KS"
"1372",45820,"Topeka, KS",233260,113409,107002,512,12,158,100,12.5,96,12,5,1,7,71,43,38,15,"Topeka","KS"
"1373",45820,"Topeka, KS",233260,113409,107002,994,27,179,237,10.66666667,4170,170,511,33,3391,65,747,1578,1845,"Topeka","KS"
"1374",45820,"Topeka, KS",233260,113409,107002,592,5,135,133,14.66666667,475,183,6,79,207,0,242,153,80,"Topeka","KS"
"1375",45820,"Topeka, KS",233260,113409,107002,1577,46,430,312,11.5,230,14,5,9,201,1,93,62,75,"Topeka","KS"
"1376",45820,"Topeka, KS",233260,113409,107002,1108,0,156,288,11.66666667,191,0,17,15,159,0,51,87,53,"Topeka","KS"
"1377",45820,"Topeka, KS",233260,113409,107002,1269,0,96,340,14.16666667,147,0,107,4,36,0,30,52,65,"Topeka","KS"
"1378",45820,"Topeka, KS",233260,113409,107002,836,19,174,226,13.5,73,0,5,6,50,12,28,26,19,"Topeka","KS"
"1379",45820,"Topeka, KS",233260,113409,107002,604,74,87,160,11.5,26,0,10,10,6,0,14,7,5,"Topeka","KS"
"1380",45820,"Topeka, KS",233260,113409,107002,518,0,66,161,15.66666667,142,11,22,28,67,14,44,33,65,"Topeka","KS"
"1381",45820,"Topeka, KS",233260,113409,107002,1110,74,178,145,12.5,7878,16,244,14,7555,49,1029,3315,3534,"Topeka","KS"
"1382",45820,"Topeka, KS",233260,113409,107002,694,0,77,145,13.33333333,31,0,0,18,0,13,10,19,2,"Topeka","KS"
"1383",45820,"Topeka, KS",233260,113409,107002,643,12,159,149,13.66666667,79,47,1,0,5,26,38,22,19,"Topeka","KS"
"1384",45820,"Topeka, KS",233260,113409,107002,731,33,90,235,9.333333333,49,8,0,0,7,34,26,16,7,"Topeka","KS"
"1385",45820,"Topeka, KS",233260,113409,107002,1107,8,164,325,13.33333333,69,1,21,14,32,1,15,21,33,"Topeka","KS"
"1386",45820,"Topeka, KS",233260,113409,107002,622,36,146,145,13.66666667,96,0,0,1,95,0,11,56,29,"Topeka","KS"
"1387",45820,"Topeka, KS",233260,113409,107002,2270,120,570,472,15,3702,103,1787,62,1074,676,875,998,1829,"Topeka","KS"
"1388",45820,"Topeka, KS",233260,113409,107002,1992,33,170,549,7.666666667,624,39,232,91,244,18,192,242,190,"Topeka","KS"
"1389",45820,"Topeka, KS",233260,113409,107002,1123,8,60,367,7.166666667,259,11,41,59,127,21,92,77,90,"Topeka","KS"
"1390",45820,"Topeka, KS",233260,113409,107002,1587,13,80,649,5,57,0,23,15,7,12,25,17,15,"Topeka","KS"
"1391",45820,"Topeka, KS",233260,113409,107002,788,11,70,241,6.5,136,28,11,41,49,7,60,38,38,"Topeka","KS"
"1392",45820,"Topeka, KS",233260,113409,107002,1096,3,80,438,5.333333333,76,5,22,17,17,15,26,30,20,"Topeka","KS"
"1393",45820,"Topeka, KS",233260,113409,107002,1566,22,136,453,6,694,85,18,402,181,8,162,239,293,"Topeka","KS"
"1394",45820,"Topeka, KS",233260,113409,107002,1557,2,97,578,3.333333333,264,19,2,221,11,11,28,139,97,"Topeka","KS"
"1395",45820,"Topeka, KS",233260,113409,107002,970,19,70,271,5.5,114,3,22,33,56,0,34,50,30,"Topeka","KS"
"1396",45820,"Topeka, KS",233260,113409,107002,1428,6,103,396,4.333333333,154,21,10,12,111,0,65,55,34,"Topeka","KS"
"1397",45820,"Topeka, KS",233260,113409,107002,862,0,97,281,3.666666667,213,3,0,179,24,7,53,55,105,"Topeka","KS"
"1398",45820,"Topeka, KS",233260,113409,107002,1371,39,98,376,8.166666667,434,81,39,52,234,28,196,106,132,"Topeka","KS"
"1399",45820,"Topeka, KS",233260,113409,107002,1316,8,86,439,4,103,42,0,28,33,0,36,37,30,"Topeka","KS"
"1400",45820,"Topeka, KS",233260,113409,107002,1240,23,105,436,4.666666667,246,8,10,21,205,2,85,87,74,"Topeka","KS"
"1401",45820,"Topeka, KS",233260,113409,107002,1215,0,283,270,15.5,339,87,15,2,153,82,137,165,37,"Topeka","KS"
"1402",45820,"Topeka, KS",233260,113409,107002,556,19,77,146,11.66666667,84,14,23,3,44,0,25,33,26,"Topeka","KS"
"1403",45820,"Topeka, KS",233260,113409,107002,1485,10,309,292,12.66666667,106,28,15,0,63,0,20,40,46,"Topeka","KS"
"1404",45820,"Topeka, KS",233260,113409,107002,1040,10,297,228,16.16666667,1101,5,166,67,472,391,449,340,312,"Topeka","KS"
"1405",45820,"Topeka, KS",233260,113409,107002,1422,97,348,248,14.16666667,824,378,88,91,91,176,396,270,158,"Topeka","KS"
"1406",45820,"Topeka, KS",233260,113409,107002,665,214,110,121,15,335,0,45,17,240,33,126,119,90,"Topeka","KS"
"1407",45820,"Topeka, KS",233260,113409,107002,2513,124,435,526,13.83333333,2281,750,135,92,625,679,1012,833,436,"Topeka","KS"
"1408",45820,"Topeka, KS",233260,113409,107002,834,0,208,218,14.16666667,117,5,11,2,99,0,28,52,37,"Topeka","KS"
"1409",45820,"Topeka, KS",233260,113409,107002,1147,0,143,327,9.666666667,19,0,0,0,8,11,9,7,3,"Topeka","KS"
"1410",45820,"Topeka, KS",233260,113409,107002,1780,16,110,648,3.166666667,45,1,2,18,24,0,14,16,15,"Topeka","KS"
"1411",45820,"Topeka, KS",233260,113409,107002,585,25,111,149,8.666666667,926,203,82,222,169,250,367,322,237,"Topeka","KS"
"1412",45820,"Topeka, KS",233260,113409,107002,2814,0,105,952,2.833333333,119,4,6,93,16,0,29,51,39,"Topeka","KS"
"1413",45820,"Topeka, KS",233260,113409,107002,557,0,79,181,3.166666667,63,0,1,9,53,0,24,23,16,"Topeka","KS"
"1414",45820,"Topeka, KS",233260,113409,107002,569,23,121,151,16.66666667,88,27,14,27,6,14,25,36,27,"Topeka","KS"
"1415",45820,"Topeka, KS",233260,113409,107002,839,0,108,263,12.33333333,161,0,3,1,149,8,110,39,12,"Topeka","KS"
"1416",45820,"Topeka, KS",233260,113409,107002,356,14,164,29,15.33333333,173,0,85,0,66,22,21,29,123,"Topeka","KS"
"1417",45820,"Topeka, KS",233260,113409,107002,2435,0,247,751,5.666666667,165,0,59,61,45,0,51,60,54,"Topeka","KS"
"1418",45820,"Topeka, KS",233260,113409,107002,613,36,119,150,13.83333333,18,0,0,5,4,9,10,5,3,"Topeka","KS"
"1419",45820,"Topeka, KS",233260,113409,107002,1009,23,214,279,16,677,87,22,14,274,280,329,258,90,"Topeka","KS"
"1420",45820,"Topeka, KS",233260,113409,107002,1253,10,185,282,11.5,4,2,0,2,0,0,0,2,2,"Topeka","KS"
"1421",45820,"Topeka, KS",233260,113409,107002,3015,120,214,859,7.666666667,465,20,76,30,296,43,137,167,161,"Topeka","KS"
"1422",45820,"Topeka, KS",233260,113409,107002,982,17,183,234,7.666666667,266,58,8,102,59,39,91,109,66,"Topeka","KS"
"1423",45820,"Topeka, KS",233260,113409,107002,1635,0,271,396,15.5,286,120,19,5,102,40,119,111,56,"Topeka","KS"
"1424",45820,"Topeka, KS",233260,113409,107002,3250,109,136,857,7,733,187,12,11,394,129,291,281,161,"Topeka","KS"
"1425",45820,"Topeka, KS",233260,113409,107002,916,0,154,226,4.666666667,121,14,0,84,16,7,24,38,59,"Topeka","KS"
"1426",45820,"Topeka, KS",233260,113409,107002,456,8,64,100,12.66666667,11,0,7,0,4,0,9,2,0,"Topeka","KS"
"1427",45820,"Topeka, KS",233260,113409,107002,2648,0,121,860,3.666666667,80,0,14,36,30,0,16,37,27,"Topeka","KS"
"1428",45820,"Topeka, KS",233260,113409,107002,730,0,89,205,6.166666667,2932,73,379,1793,516,171,673,1156,1103,"Topeka","KS"
"1429",45820,"Topeka, KS",233260,113409,107002,626,94,352,35,12.66666667,1052,570,26,31,368,57,286,541,225,"Topeka","KS"
"1430",45820,"Topeka, KS",233260,113409,107002,2935,43,390,802,10.5,379,5,49,93,232,0,68,111,200,"Topeka","KS"
"1431",45820,"Topeka, KS",233260,113409,107002,1482,22,306,370,12.33333333,19,9,1,5,4,0,5,9,5,"Topeka","KS"
"1432",45820,"Topeka, KS",233260,113409,107002,867,0,130,212,13,89,6,75,2,0,6,11,68,10,"Topeka","KS"
"1433",45820,"Topeka, KS",233260,113409,107002,526,10,125,93,13.33333333,114,2,0,0,110,2,24,70,20,"Topeka","KS"
"1434",45820,"Topeka, KS",233260,113409,107002,1610,80,161,401,12.16666667,362,7,14,20,321,0,80,172,110,"Topeka","KS"
"1435",45820,"Topeka, KS",233260,113409,107002,683,8,85,77,10.66666667,0,0,0,0,0,0,0,0,0,"Topeka","KS"
"1436",45820,"Topeka, KS",233260,113409,107002,1129,39,147,254,14,447,36,45,114,124,128,119,200,128,"Topeka","KS"
"1437",45820,"Topeka, KS",233260,113409,107002,583,223,104,21,16,83,0,53,0,30,0,16,29,38,"Topeka","KS"
"1438",45820,"Topeka, KS",233260,113409,107002,1188,86,149,170,12.83333333,30,5,4,16,4,1,5,19,6,"Topeka","KS"
"1439",45820,"Topeka, KS",233260,113409,107002,2072,0,79,712,4.666666667,160,0,12,61,64,23,67,61,32,"Topeka","KS"
"1440",45820,"Topeka, KS",233260,113409,107002,3065,37,232,825,7.166666667,640,133,120,62,302,23,270,222,148,"Topeka","KS"
"1441",45820,"Topeka, KS",233260,113409,107002,1415,16,102,395,4.166666667,167,3,87,57,20,0,99,43,25,"Topeka","KS"
"1442",45820,"Topeka, KS",233260,113409,107002,2107,0,170,695,4.333333333,1011,20,9,767,215,0,97,268,646,"Topeka","KS"
"1443",45820,"Topeka, KS",233260,113409,107002,1036,36,109,180,13.16666667,29,2,6,8,13,0,12,15,2,"Topeka","KS"
"1444",45820,"Topeka, KS",233260,113409,107002,477,111,56,40,12.5,70,24,13,5,28,0,21,37,12,"Topeka","KS"
"1445",45820,"Topeka, KS",233260,113409,107002,1114,13,190,280,12,20,8,0,0,0,12,8,7,5,"Topeka","KS"
"1446",45820,"Topeka, KS",233260,113409,107002,666,0,48,209,10.66666667,2,0,0,0,2,0,2,0,0,"Topeka","KS"
"1447",45820,"Topeka, KS",233260,113409,107002,621,43,110,74,14.83333333,312,51,4,1,240,16,122,135,55,"Topeka","KS"
"1448",45820,"Topeka, KS",233260,113409,107002,792,27,169,162,15.5,1028,111,25,10,699,183,525,390,113,"Topeka","KS"
"1449",45820,"Topeka, KS",233260,113409,107002,1241,3,85,208,3.166666667,51,4,24,22,1,0,13,18,20,"Topeka","KS"
"1450",45820,"Topeka, KS",233260,113409,107002,2882,30,250,698,10.33333333,2803,51,235,2032,419,66,289,878,1636,"Topeka","KS"
"1451",45820,"Topeka, KS",233260,113409,107002,1521,0,50,569,5.833333333,1155,0,58,263,757,77,383,303,469,"Topeka","KS"
"1452",45820,"Topeka, KS",233260,113409,107002,628,75,127,72,13.5,29,13,6,3,7,0,12,8,9,"Topeka","KS"
"1453",45820,"Topeka, KS",233260,113409,107002,1214,81,318,183,15.16666667,774,8,12,0,657,97,405,335,34,"Topeka","KS"
"1454",45820,"Topeka, KS",233260,113409,107002,897,123,154,150,14.33333333,61,0,13,21,27,0,16,39,6,"Topeka","KS"
"1455",45820,"Topeka, KS",233260,113409,107002,2483,11,384,589,6.5,506,35,82,12,374,3,144,251,111,"Topeka","KS"
"1456",45820,"Topeka, KS",233260,113409,107002,916,18,221,135,15.16666667,779,44,94,0,493,148,501,184,94,"Topeka","KS"
"1457",45820,"Topeka, KS",233260,113409,107002,887,101,259,79,14,247,0,4,7,223,13,52,106,89,"Topeka","KS"
"1458",45820,"Topeka, KS",233260,113409,107002,1032,62,145,202,10.16666667,15,0,12,1,2,0,2,5,8,"Topeka","KS"
"1459",45820,"Topeka, KS",233260,113409,107002,461,8,140,24,14.83333333,1610,280,108,395,601,226,578,532,500,"Topeka","KS"
"1460",45820,"Topeka, KS",233260,113409,107002,1522,119,220,336,12.5,482,108,31,0,55,288,247,166,69,"Topeka","KS"
"1461",45820,"Topeka, KS",233260,113409,107002,1998,32,213,445,9.833333333,6,0,0,4,2,0,2,2,2,"Topeka","KS"
"1462",45820,"Topeka, KS",233260,113409,107002,2279,37,162,620,4.666666667,16,0,0,9,7,0,4,10,2,"Topeka","KS"
"1463",45820,"Topeka, KS",233260,113409,107002,954,22,219,187,14.5,2334,373,48,486,1191,236,719,814,801,"Topeka","KS"
"1464",45820,"Topeka, KS",233260,113409,107002,1004,8,47,341,4.833333333,80,57,7,11,5,0,55,19,6,"Topeka","KS"
"1465",45820,"Topeka, KS",233260,113409,107002,1311,0,6,207,12.16666667,2246,36,418,1671,93,28,212,980,1054,"Topeka","KS"
"1466",45820,"Topeka, KS",233260,113409,107002,1399,13,186,158,14.83333333,224,16,8,59,141,0,59,125,40,"Topeka","KS"
"1467",45820,"Topeka, KS",233260,113409,107002,1816,45,218,376,5.5,5041,240,385,3916,481,19,432,1141,3468,"Topeka","KS"
"1468",45820,"Topeka, KS",233260,113409,107002,1085,48,201,152,13.5,33,10,1,0,22,0,10,12,11,"Topeka","KS"
"1469",45820,"Topeka, KS",233260,113409,107002,1155,101,102,94,17,519,17,100,235,139,28,100,196,223,"Topeka","KS"
"1470",45820,"Topeka, KS",233260,113409,107002,510,11,19,155,7.666666667,1,0,0,0,1,0,0,1,0,"Topeka","KS"
"1471",45820,"Topeka, KS",233260,113409,107002,714,47,151,109,11.16666667,24,19,3,0,2,0,15,7,2,"Topeka","KS"
"1472",45820,"Topeka, KS",233260,113409,107002,351,0,121,21,14.16666667,20,6,1,3,10,0,12,7,1,"Topeka","KS"
"1473",45820,"Topeka, KS",233260,113409,107002,796,78,173,151,11.5,37,1,0,27,9,0,18,10,9,"Topeka","KS"
"1474",45820,"Topeka, KS",233260,113409,107002,883,66,102,225,13.33333333,86,0,15,40,16,15,19,18,49,"Topeka","KS"
"1475",45820,"Topeka, KS",233260,113409,107002,2557,81,431,489,13.5,923,341,83,153,144,202,338,405,180,"Topeka","KS"
"1476",45820,"Topeka, KS",233260,113409,107002,2796,41,262,796,4,234,11,0,42,181,0,30,48,156,"Topeka","KS"
"1477",45820,"Topeka, KS",233260,113409,107002,1339,47,116,386,6.166666667,229,18,136,10,59,6,98,78,53,"Topeka","KS"
"1478",45820,"Topeka, KS",233260,113409,107002,565,9,113,112,10.16666667,34,11,1,22,0,0,7,11,16,"Topeka","KS"
"1479",45820,"Topeka, KS",233260,113409,107002,1178,32,257,181,12.5,19,0,1,5,13,0,2,9,8,"Topeka","KS"
"1480",45820,"Topeka, KS",233260,113409,107002,937,37,200,70,12.33333333,124,15,20,16,52,21,49,59,16,"Topeka","KS"
"1481",45820,"Topeka, KS",233260,113409,107002,1475,67,183,159,12.66666667,179,0,0,176,0,3,6,59,114,"Topeka","KS"
"1482",45820,"Topeka, KS",233260,113409,107002,662,38,93,85,12.16666667,23,0,0,0,23,0,4,14,5,"Topeka","KS"
"1483",45820,"Topeka, KS",233260,113409,107002,1611,44,261,219,11.83333333,36,0,2,10,22,2,15,11,10,"Topeka","KS"
"1484",45820,"Topeka, KS",233260,113409,107002,1770,0,271,337,12.33333333,28,3,0,17,8,0,8,5,15,"Topeka","KS"
"1485",45820,"Topeka, KS",233260,113409,107002,890,13,106,235,13,97,1,1,0,11,84,63,26,8,"Topeka","KS"
"1486",45820,"Topeka, KS",233260,113409,107002,788,0,69,270,4.333333333,95,0,6,35,51,3,11,42,42,"Topeka","KS"
"1487",45820,"Topeka, KS",233260,113409,107002,1567,0,95,500,4.666666667,1183,11,4,60,1055,53,391,287,505,"Topeka","KS"
"1488",45820,"Topeka, KS",233260,113409,107002,1706,0,158,497,10.33333333,51,4,6,1,40,0,31,9,11,"Topeka","KS"
"1489",45820,"Topeka, KS",233260,113409,107002,2753,14,378,392,6.833333333,1002,21,70,498,406,7,87,314,601,"Topeka","KS"
"1490",45820,"Topeka, KS",233260,113409,107002,2831,12,111,767,5.166666667,92,6,6,35,45,0,38,34,20,"Topeka","KS"
"1491",45820,"Topeka, KS",233260,113409,107002,714,14,77,195,5.5,240,5,23,7,198,7,78,109,53,"Topeka","KS"
"1492",45820,"Topeka, KS",233260,113409,107002,689,0,34,238,6,171,0,0,58,17,96,61,64,46,"Topeka","KS"
"1493",45820,"Topeka, KS",233260,113409,107002,1303,6,45,364,4.166666667,65,12,7,40,6,0,17,24,24,"Topeka","KS"
"1494",45820,"Topeka, KS",233260,113409,107002,2219,35,129,645,4.666666667,1301,0,376,58,40,827,191,761,349,"Topeka","KS"
"1495",45820,"Topeka, KS",233260,113409,107002,1645,10,137,563,3,193,12,9,7,165,0,60,56,77,"Topeka","KS"
"1496",45820,"Topeka, KS",233260,113409,107002,666,0,31,210,4.333333333,109,0,2,10,87,10,49,33,27,"Topeka","KS"
"1497",45820,"Topeka, KS",233260,113409,107002,1222,130,193,271,7.166666667,428,200,36,21,116,55,169,188,71,"Topeka","KS"
"1498",45820,"Topeka, KS",233260,113409,107002,1614,0,95,560,2.333333333,50,2,2,38,6,2,12,26,12,"Topeka","KS"
"1499",45820,"Topeka, KS",233260,113409,107002,535,0,91,161,10.66666667,409,46,51,5,242,65,136,141,132,"Topeka","KS"
"1500",45820,"Topeka, KS",233260,113409,107002,913,3,51,290,2.666666667,60,0,0,41,13,6,17,14,29,"Topeka","KS"
"1501",45820,"Topeka, KS",233260,113409,107002,1219,2,122,386,5.5,64,13,21,21,9,0,26,17,21,"Topeka","KS"
"1502",45820,"Topeka, KS",233260,113409,107002,1672,0,185,430,6.5,340,25,7,116,144,48,132,138,70,"Topeka","KS"
"1503",45820,"Topeka, KS",233260,113409,107002,800,19,133,177,11,1280,63,311,259,578,69,299,492,489,"Topeka","KS"
"1504",45820,"Topeka, KS",233260,113409,107002,813,1,37,295,3.333333333,42,0,3,25,14,0,18,15,9,"Topeka","KS"
"1505",45820,"Topeka, KS",233260,113409,107002,909,16,129,227,3.833333333,53,8,9,30,4,2,40,12,1,"Topeka","KS"
"1506",45820,"Topeka, KS",233260,113409,107002,1135,18,148,331,7,165,20,31,37,70,7,67,60,38,"Topeka","KS"
"1507",45820,"Topeka, KS",233260,113409,107002,754,6,67,206,5.333333333,57,12,8,25,12,0,37,14,6,"Topeka","KS"
"1508",45820,"Topeka, KS",233260,113409,107002,902,18,80,231,5,58,37,4,10,7,0,28,27,3,"Topeka","KS"
"1509",45820,"Topeka, KS",233260,113409,107002,960,8,64,294,4.666666667,97,9,11,16,61,0,41,31,25,"Topeka","KS"
"1510",45820,"Topeka, KS",233260,113409,107002,1244,40,258,288,9.333333333,516,192,12,40,198,74,213,202,101,"Topeka","KS"
"1511",45820,"Topeka, KS",233260,113409,107002,277,0,0,0,8.666666667,577,0,0,1,576,0,70,405,102,"Topeka","KS"
"1512",23180,"Frankfort, KY",72510,38088,32604,778,10,109,132,7.666666667,513,44,147,264,43,15,93,191,229,"Frankfort","KY"
"1513",23180,"Frankfort, KY",72510,38088,32604,2088,18,248,459,7.5,2093,455,29,692,838,79,406,760,927,"Frankfort","KY"
"1514",23180,"Frankfort, KY",72510,38088,32604,1417,30,146,361,2.166666667,27,0,1,17,9,0,10,13,4,"Frankfort","KY"
"1515",23180,"Frankfort, KY",72510,38088,32604,1047,29,81,278,1.833333333,15,0,1,11,3,0,3,8,4,"Frankfort","KY"
"1516",23180,"Frankfort, KY",72510,38088,32604,2225,7,144,751,2,57,2,0,32,23,0,12,20,25,"Frankfort","KY"
"1517",23180,"Frankfort, KY",72510,38088,32604,2863,15,248,967,3.5,110,4,1,72,32,1,45,45,20,"Frankfort","KY"
"1518",23180,"Frankfort, KY",72510,38088,32604,2672,46,241,670,5.5,268,0,25,166,49,28,51,64,153,"Frankfort","KY"
"1519",23180,"Frankfort, KY",72510,38088,32604,1607,13,322,370,6.333333333,901,0,875,3,23,0,77,226,598,"Frankfort","KY"
"1520",23180,"Frankfort, KY",72510,38088,32604,1880,60,279,184,7.666666667,3191,138,1875,154,992,32,322,1206,1663,"Frankfort","KY"
"1521",23180,"Frankfort, KY",72510,38088,32604,472,35,72,143,9.666666667,69,0,40,0,29,0,1,30,38,"Frankfort","KY"
"1522",23180,"Frankfort, KY",72510,38088,32604,1664,51,367,346,5,217,0,5,109,98,5,50,55,112,"Frankfort","KY"
"1523",23180,"Frankfort, KY",72510,38088,32604,2155,13,155,604,4.833333333,461,0,0,296,165,0,63,146,252,"Frankfort","KY"
"1524",23180,"Frankfort, KY",72510,38088,32604,890,11,97,253,3.5,38,7,0,0,5,26,10,22,6,"Frankfort","KY"
"1525",23180,"Frankfort, KY",72510,38088,32604,1258,13,145,370,2.833333333,51,24,1,16,10,0,24,9,18,"Frankfort","KY"
"1526",23180,"Frankfort, KY",72510,38088,32604,2031,0,129,424,7,362,12,44,86,207,13,76,151,135,"Frankfort","KY"
"1527",23180,"Frankfort, KY",72510,38088,32604,1919,0,134,569,4.833333333,124,4,23,41,37,19,28,40,56,"Frankfort","KY"
"1528",23180,"Frankfort, KY",72510,38088,32604,1621,28,264,386,5.333333333,139,32,73,5,29,0,38,54,47,"Frankfort","KY"
"1529",23180,"Frankfort, KY",72510,38088,32604,1515,98,235,148,3.666666667,8,6,0,0,2,0,2,6,0,"Frankfort","KY"
"1530",23180,"Frankfort, KY",72510,38088,32604,508,47,200,79,16,975,21,664,84,201,5,156,283,536,"Frankfort","KY"
"1531",23180,"Frankfort, KY",72510,38088,32604,1036,0,118,275,3,24,0,7,11,3,3,11,13,0,"Frankfort","KY"
"1532",23180,"Frankfort, KY",72510,38088,32604,1345,0,142,471,7.666666667,640,24,237,220,157,2,124,241,275,"Frankfort","KY"
"1533",23180,"Frankfort, KY",72510,38088,32604,1693,15,180,504,3.833333333,122,12,0,2,108,0,45,55,22,"Frankfort","KY"
"1534",23180,"Frankfort, KY",72510,38088,32604,623,68,168,46,6.333333333,17,0,0,14,3,0,4,11,2,"Frankfort","KY"
"1535",23180,"Frankfort, KY",72510,38088,32604,870,0,123,277,7,154,0,4,0,150,0,41,87,26,"Frankfort","KY"
"1536",23180,"Frankfort, KY",72510,38088,32604,1061,7,144,283,7,1750,6,238,0,1483,23,265,664,821,"Frankfort","KY"
"1537",23180,"Frankfort, KY",72510,38088,32604,592,0,62,207,6.333333333,9,0,0,0,9,0,2,6,1,"Frankfort","KY"
"1538",23180,"Frankfort, KY",72510,38088,32604,1081,28,230,83,15.66666667,832,62,506,165,84,15,58,380,394,"Frankfort","KY"
"1539",23180,"Frankfort, KY",72510,38088,32604,1710,199,315,378,9.333333333,3040,807,267,10,1476,480,807,1196,1037,"Frankfort","KY"
"1540",23180,"Frankfort, KY",72510,38088,32604,1368,117,271,152,9,87,0,12,28,47,0,21,29,37,"Frankfort","KY"
"1541",23180,"Frankfort, KY",72510,38088,32604,1079,56,232,282,9,140,31,7,15,42,45,74,49,17,"Frankfort","KY"
"1542",23180,"Frankfort, KY",72510,38088,32604,1380,27,148,276,6.833333333,156,15,49,77,0,15,24,40,92,"Frankfort","KY"
"1543",23180,"Frankfort, KY",72510,38088,32604,586,0,156,147,9.5,372,83,123,26,117,23,108,104,160,"Frankfort","KY"
"1544",23180,"Frankfort, KY",72510,38088,32604,1205,0,252,324,5.666666667,953,30,881,30,12,0,35,350,568,"Frankfort","KY"
"1545",23180,"Frankfort, KY",72510,38088,32604,1634,0,250,331,3.5,16,0,0,9,7,0,3,10,3,"Frankfort","KY"
"1546",23180,"Frankfort, KY",72510,38088,32604,1026,43,109,231,3.833333333,32,14,0,5,13,0,11,12,9,"Frankfort","KY"
"1547",23180,"Frankfort, KY",72510,38088,32604,1276,0,105,335,3.666666667,35,0,1,13,21,0,1,9,25,"Frankfort","KY"
"1548",23180,"Frankfort, KY",72510,38088,32604,1121,125,385,206,9.666666667,1502,362,169,7,347,617,695,534,273,"Frankfort","KY"
"1549",23180,"Frankfort, KY",72510,38088,32604,1456,10,132,414,3.166666667,111,6,13,87,5,0,13,33,65,"Frankfort","KY"
"1550",23180,"Frankfort, KY",72510,38088,32604,1760,57,338,323,10.66666667,422,45,69,15,83,210,218,145,59,"Frankfort","KY"
"1551",23180,"Frankfort, KY",72510,38088,32604,1156,0,178,213,8.166666667,198,80,7,0,19,92,80,82,36,"Frankfort","KY"
"1552",23180,"Frankfort, KY",72510,38088,32604,1589,0,127,437,3.5,262,0,0,235,25,2,27,139,96,"Frankfort","KY"
"1553",23180,"Frankfort, KY",72510,38088,32604,2248,41,360,587,8.333333333,4920,528,945,2256,596,595,888,1791,2241,"Frankfort","KY"
"1554",23180,"Frankfort, KY",72510,38088,32604,2685,145,572,625,9.666666667,1272,416,276,10,248,322,463,442,367,"Frankfort","KY"
"1555",23180,"Frankfort, KY",72510,38088,32604,2280,36,258,669,5.833333333,376,187,34,68,63,24,135,115,126,"Frankfort","KY"
"1556",23180,"Frankfort, KY",72510,38088,32604,1003,38,160,291,9.5,279,15,14,26,169,55,97,119,63,"Frankfort","KY"
"1557",23180,"Frankfort, KY",72510,38088,32604,1336,60,21,431,6.5,257,54,57,0,29,117,151,87,19,"Frankfort","KY"
"1558",23180,"Frankfort, KY",72510,38088,32604,1285,86,182,317,9,7791,83,4689,677,1747,595,1488,2393,3910,"Frankfort","KY"
"1559",23180,"Frankfort, KY",72510,38088,32604,1356,0,402,233,10.5,604,67,253,10,212,62,136,260,208,"Frankfort","KY"
"1560",23180,"Frankfort, KY",72510,38088,32604,965,30,126,230,6.5,1866,26,796,26,977,41,494,798,574,"Frankfort","KY"
"1561",23180,"Frankfort, KY",72510,38088,32604,1019,9,139,274,7.5,121,15,6,89,11,0,15,48,58,"Frankfort","KY"
"1562",23180,"Frankfort, KY",72510,38088,32604,1076,13,96,325,5.833333333,109,2,13,20,8,66,33,45,31,"Frankfort","KY"
"1563",12940,"Baton Rouge, LA",852356,403005,363799,2709,23,287,563,6.5,628,174,33,334,74,13,122,139,367,"Baton Rouge","LA"
"1564",12940,"Baton Rouge, LA",852356,403005,363799,2675,17,237,345,6.333333333,298,116,34,48,94,6,105,138,55,"Baton Rouge","LA"
"1565",12940,"Baton Rouge, LA",852356,403005,363799,1732,4,191,352,4.333333333,122,25,1,51,15,30,49,44,29,"Baton Rouge","LA"
"1566",12940,"Baton Rouge, LA",852356,403005,363799,3822,29,57,78,1.5,1395,4,1388,0,3,0,128,558,709,"Baton Rouge","LA"
"1567",12940,"Baton Rouge, LA",852356,403005,363799,1913,64,332,365,8.333333333,1826,180,153,107,918,468,622,613,591,"Baton Rouge","LA"
"1568",12940,"Baton Rouge, LA",852356,403005,363799,2472,33,302,524,2.666666667,48,12,0,10,2,24,24,20,4,"Baton Rouge","LA"
"1569",12940,"Baton Rouge, LA",852356,403005,363799,2035,130,263,415,7,3305,8,177,2295,404,421,703,921,1681,"Baton Rouge","LA"
"1570",12940,"Baton Rouge, LA",852356,403005,363799,2646,87,304,637,7.666666667,1526,519,49,699,73,186,351,544,631,"Baton Rouge","LA"
"1571",12940,"Baton Rouge, LA",852356,403005,363799,1806,5,179,241,4.833333333,2691,207,91,2121,155,117,257,665,1769,"Baton Rouge","LA"
"1572",12940,"Baton Rouge, LA",852356,403005,363799,1233,100,236,132,5.333333333,14,2,9,0,3,0,2,11,1,"Baton Rouge","LA"
"1573",12940,"Baton Rouge, LA",852356,403005,363799,1136,100,257,219,6.333333333,206,12,5,177,12,0,22,50,134,"Baton Rouge","LA"
"1574",12940,"Baton Rouge, LA",852356,403005,363799,1965,0,63,584,3.333333333,154,0,8,102,19,25,34,51,69,"Baton Rouge","LA"
"1575",12940,"Baton Rouge, LA",852356,403005,363799,916,29,157,271,4.833333333,252,11,0,153,88,0,36,92,124,"Baton Rouge","LA"
"1576",12940,"Baton Rouge, LA",852356,403005,363799,1004,10,62,404,5.333333333,91,31,2,43,2,13,43,31,17,"Baton Rouge","LA"
"1577",12940,"Baton Rouge, LA",852356,403005,363799,743,0,114,132,6.5,203,7,128,20,46,2,55,118,30,"Baton Rouge","LA"
"1578",12940,"Baton Rouge, LA",852356,403005,363799,1356,56,239,219,7.166666667,1145,60,184,31,843,27,241,467,437,"Baton Rouge","LA"
"1579",12940,"Baton Rouge, LA",852356,403005,363799,1762,0,208,457,4.166666667,217,30,3,150,34,0,56,93,68,"Baton Rouge","LA"
"1580",12940,"Baton Rouge, LA",852356,403005,363799,1028,0,77,260,8.5,482,22,10,17,408,25,183,248,51,"Baton Rouge","LA"
"1581",12940,"Baton Rouge, LA",852356,403005,363799,888,7,225,115,7.333333333,833,0,15,535,283,0,86,300,447,"Baton Rouge","LA"
"1582",12940,"Baton Rouge, LA",852356,403005,363799,808,57,57,110,8.333333333,254,17,0,146,89,2,39,116,99,"Baton Rouge","LA"
"1583",12940,"Baton Rouge, LA",852356,403005,363799,1166,51,122,194,8.5,286,22,5,53,206,0,34,115,137,"Baton Rouge","LA"
"1584",12940,"Baton Rouge, LA",852356,403005,363799,283,15,66,30,8.166666667,15,13,0,2,0,0,9,5,1,"Baton Rouge","LA"
"1585",12940,"Baton Rouge, LA",852356,403005,363799,481,14,73,62,7,2,2,0,0,0,0,2,0,0,"Baton Rouge","LA"
"1586",12940,"Baton Rouge, LA",852356,403005,363799,1166,61,204,156,8.333333333,8,0,3,0,4,1,5,3,0,"Baton Rouge","LA"
"1587",12940,"Baton Rouge, LA",852356,403005,363799,1355,22,125,289,5.5,327,39,1,178,96,13,90,130,107,"Baton Rouge","LA"
"1588",12940,"Baton Rouge, LA",852356,403005,363799,3831,79,318,957,8.5,920,80,162,113,191,374,414,334,172,"Baton Rouge","LA"
"1589",12940,"Baton Rouge, LA",852356,403005,363799,3483,63,450,698,6.166666667,203,77,16,39,59,12,89,79,35,"Baton Rouge","LA"
"1590",12940,"Baton Rouge, LA",852356,403005,363799,2261,0,170,531,4.833333333,232,0,2,139,59,32,42,82,108,"Baton Rouge","LA"
"1591",12940,"Baton Rouge, LA",852356,403005,363799,3425,214,590,574,7.333333333,1459,711,36,67,147,498,706,575,178,"Baton Rouge","LA"
"1592",12940,"Baton Rouge, LA",852356,403005,363799,2285,0,159,546,4,176,36,4,113,23,0,34,49,93,"Baton Rouge","LA"
"1593",12940,"Baton Rouge, LA",852356,403005,363799,5209,0,320,1313,6.166666667,181,34,5,18,90,34,78,59,44,"Baton Rouge","LA"
"1594",12940,"Baton Rouge, LA",852356,403005,363799,2265,16,240,474,3.166666667,30,0,0,10,20,0,11,14,5,"Baton Rouge","LA"
"1595",12940,"Baton Rouge, LA",852356,403005,363799,6989,141,863,1685,4.5,280,21,10,158,91,0,74,116,90,"Baton Rouge","LA"
"1596",12940,"Baton Rouge, LA",852356,403005,363799,9163,0,737,2077,5.5,179,25,44,56,51,3,52,73,54,"Baton Rouge","LA"
"1597",12940,"Baton Rouge, LA",852356,403005,363799,1999,0,278,426,9,1763,405,239,43,635,441,680,706,377,"Baton Rouge","LA"
"1598",12940,"Baton Rouge, LA",852356,403005,363799,862,72,257,61,12,897,54,576,76,139,52,156,375,366,"Baton Rouge","LA"
"1599",12940,"Baton Rouge, LA",852356,403005,363799,1218,140,360,179,10.5,3987,370,904,232,2457,24,943,1544,1500,"Baton Rouge","LA"
"1600",12940,"Baton Rouge, LA",852356,403005,363799,1610,51,308,470,9.833333333,419,117,18,49,188,47,131,180,108,"Baton Rouge","LA"
"1601",12940,"Baton Rouge, LA",852356,403005,363799,1069,55,168,333,11,500,34,20,21,312,113,111,138,251,"Baton Rouge","LA"
"1602",12940,"Baton Rouge, LA",852356,403005,363799,1263,0,79,218,7,901,153,164,498,4,82,125,140,636,"Baton Rouge","LA"
"1603",12940,"Baton Rouge, LA",852356,403005,363799,1438,123,286,185,9.5,4646,312,474,58,3693,109,527,1578,2541,"Baton Rouge","LA"
"1604",12940,"Baton Rouge, LA",852356,403005,363799,1608,6,128,364,6.5,203,1,25,12,165,0,111,39,53,"Baton Rouge","LA"
"1605",12940,"Baton Rouge, LA",852356,403005,363799,1776,62,269,356,9.333333333,2542,942,263,132,370,835,1053,1050,439,"Baton Rouge","LA"
"1606",12940,"Baton Rouge, LA",852356,403005,363799,1365,196,332,82,4,0,0,0,0,0,0,0,0,0,"Baton Rouge","LA"
"1607",12940,"Baton Rouge, LA",852356,403005,363799,5772,10,708,1282,8.666666667,16985,3855,1256,7064,3211,1599,3817,5413,7755,"Baton Rouge","LA"
"1608",12940,"Baton Rouge, LA",852356,403005,363799,1250,255,373,249,13.33333333,12258,56,5844,2406,2567,1385,1701,3590,6967,"Baton Rouge","LA"
"1609",12940,"Baton Rouge, LA",852356,403005,363799,668,0,202,232,9.166666667,3160,249,320,161,2136,294,1015,1120,1025,"Baton Rouge","LA"
"1610",12940,"Baton Rouge, LA",852356,403005,363799,1073,0,181,256,5.833333333,377,3,6,5,108,255,167,138,72,"Baton Rouge","LA"
"1611",12940,"Baton Rouge, LA",852356,403005,363799,1120,0,302,282,10.5,788,152,171,32,250,183,229,293,266,"Baton Rouge","LA"
"1612",12940,"Baton Rouge, LA",852356,403005,363799,849,177,79,184,9,1633,34,188,209,1030,172,415,439,779,"Baton Rouge","LA"
"1613",12940,"Baton Rouge, LA",852356,403005,363799,1627,0,608,298,5.5,43,11,21,3,6,2,13,24,6,"Baton Rouge","LA"
"1614",12940,"Baton Rouge, LA",852356,403005,363799,1123,7,233,277,5.666666667,60,0,3,26,7,24,38,11,11,"Baton Rouge","LA"
"1615",12940,"Baton Rouge, LA",852356,403005,363799,1134,51,240,164,9.333333333,181,4,21,9,38,109,105,33,43,"Baton Rouge","LA"
"1616",12940,"Baton Rouge, LA",852356,403005,363799,1303,0,280,402,6.666666667,277,2,0,152,123,0,53,121,103,"Baton Rouge","LA"
"1617",12940,"Baton Rouge, LA",852356,403005,363799,1018,0,239,214,8.333333333,495,207,23,48,136,81,156,250,89,"Baton Rouge","LA"
"1618",12940,"Baton Rouge, LA",852356,403005,363799,1778,80,397,378,8.666666667,1878,205,109,850,313,401,641,671,566,"Baton Rouge","LA"
"1619",12940,"Baton Rouge, LA",852356,403005,363799,678,0,103,221,7.666666667,70,8,1,4,24,33,16,36,18,"Baton Rouge","LA"
"1620",12940,"Baton Rouge, LA",852356,403005,363799,2088,164,320,460,10.83333333,4647,359,452,198,3133,505,1184,1656,1807,"Baton Rouge","LA"
"1621",12940,"Baton Rouge, LA",852356,403005,363799,567,87,114,36,10,443,2,34,30,377,0,88,98,257,"Baton Rouge","LA"
"1622",12940,"Baton Rouge, LA",852356,403005,363799,594,65,173,53,11.16666667,757,35,2,307,382,31,122,347,288,"Baton Rouge","LA"
"1623",12940,"Baton Rouge, LA",852356,403005,363799,1083,67,173,229,12.5,211,30,26,30,90,35,62,90,59,"Baton Rouge","LA"
"1624",12940,"Baton Rouge, LA",852356,403005,363799,827,11,111,238,7.833333333,24,0,0,7,17,0,2,9,13,"Baton Rouge","LA"
"1625",12940,"Baton Rouge, LA",852356,403005,363799,814,28,157,214,12.16666667,170,33,17,0,68,52,69,50,51,"Baton Rouge","LA"
"1626",12940,"Baton Rouge, LA",852356,403005,363799,660,46,121,90,8.166666667,5104,51,1920,1862,1254,17,317,1271,3516,"Baton Rouge","LA"
"1627",12940,"Baton Rouge, LA",852356,403005,363799,808,54,60,115,3.666666667,533,0,6,459,68,0,65,140,328,"Baton Rouge","LA"
"1628",12940,"Baton Rouge, LA",852356,403005,363799,846,52,81,194,11.16666667,506,18,60,48,328,52,189,172,145,"Baton Rouge","LA"
"1629",12940,"Baton Rouge, LA",852356,403005,363799,1270,0,205,353,10.83333333,664,137,222,34,165,106,165,227,272,"Baton Rouge","LA"
"1630",12940,"Baton Rouge, LA",852356,403005,363799,2238,0,166,584,5,352,0,315,12,25,0,22,132,198,"Baton Rouge","LA"
"1631",12940,"Baton Rouge, LA",852356,403005,363799,1603,382,322,201,10.66666667,1437,110,108,63,810,346,537,530,370,"Baton Rouge","LA"
"1632",12940,"Baton Rouge, LA",852356,403005,363799,978,10,75,298,10.5,325,27,101,15,174,8,64,110,151,"Baton Rouge","LA"
"1633",12940,"Baton Rouge, LA",852356,403005,363799,706,0,40,212,8.666666667,423,3,9,62,282,67,233,110,80,"Baton Rouge","LA"
"1634",12940,"Baton Rouge, LA",852356,403005,363799,1076,38,221,274,9.666666667,499,23,78,23,201,174,217,164,118,"Baton Rouge","LA"
"1635",12940,"Baton Rouge, LA",852356,403005,363799,1533,35,224,376,10.5,4352,1157,695,234,2011,255,1285,1626,1441,"Baton Rouge","LA"
"1636",12940,"Baton Rouge, LA",852356,403005,363799,1886,29,213,564,10.66666667,2225,157,1045,194,601,228,590,618,1017,"Baton Rouge","LA"
"1637",12940,"Baton Rouge, LA",852356,403005,363799,917,59,228,40,9.833333333,197,0,1,106,25,65,49,63,85,"Baton Rouge","LA"
"1638",12940,"Baton Rouge, LA",852356,403005,363799,585,34,102,47,9.666666667,81,4,0,5,17,55,40,34,7,"Baton Rouge","LA"
"1639",12940,"Baton Rouge, LA",852356,403005,363799,739,9,104,179,9.833333333,239,3,1,16,213,6,66,105,68,"Baton Rouge","LA"
"1640",12940,"Baton Rouge, LA",852356,403005,363799,636,0,109,223,7.666666667,53,1,12,5,28,7,20,17,16,"Baton Rouge","LA"
"1641",12940,"Baton Rouge, LA",852356,403005,363799,1229,8,186,293,6,52,8,3,4,37,0,26,18,8,"Baton Rouge","LA"
"1642",12940,"Baton Rouge, LA",852356,403005,363799,1435,0,137,403,9.166666667,654,221,126,2,224,81,330,210,114,"Baton Rouge","LA"
"1643",12940,"Baton Rouge, LA",852356,403005,363799,1414,0,154,334,6.5,44,12,1,9,22,0,21,13,10,"Baton Rouge","LA"
"1644",12940,"Baton Rouge, LA",852356,403005,363799,1082,0,121,215,7,174,43,3,0,128,0,47,72,55,"Baton Rouge","LA"
"1645",12940,"Baton Rouge, LA",852356,403005,363799,1322,0,85,272,4.666666667,22,0,2,14,6,0,0,14,8,"Baton Rouge","LA"
"1646",12940,"Baton Rouge, LA",852356,403005,363799,1530,0,198,235,8.166666667,378,51,227,10,28,62,91,194,93,"Baton Rouge","LA"
"1647",12940,"Baton Rouge, LA",852356,403005,363799,1347,84,244,167,8.166666667,85,15,15,49,6,0,23,33,29,"Baton Rouge","LA"
"1648",12940,"Baton Rouge, LA",852356,403005,363799,502,40,126,32,6.833333333,8,0,0,1,1,6,1,0,7,"Baton Rouge","LA"
"1649",12940,"Baton Rouge, LA",852356,403005,363799,437,23,96,14,8.666666667,19,0,0,0,10,9,10,5,4,"Baton Rouge","LA"
"1650",12940,"Baton Rouge, LA",852356,403005,363799,485,0,138,51,8.5,60,58,0,0,0,2,25,19,16,"Baton Rouge","LA"
"1651",12940,"Baton Rouge, LA",852356,403005,363799,1401,127,284,304,7.666666667,71,20,7,1,2,41,42,23,6,"Baton Rouge","LA"
"1652",12940,"Baton Rouge, LA",852356,403005,363799,1656,20,272,446,8.333333333,962,247,17,14,80,604,488,379,95,"Baton Rouge","LA"
"1653",12940,"Baton Rouge, LA",852356,403005,363799,1086,0,161,331,7.166666667,96,11,7,6,64,8,32,38,26,"Baton Rouge","LA"
"1654",12940,"Baton Rouge, LA",852356,403005,363799,892,0,66,197,5.333333333,28,0,1,14,13,0,10,12,6,"Baton Rouge","LA"
"1655",12940,"Baton Rouge, LA",852356,403005,363799,2655,18,249,645,6.666666667,15639,770,999,282,12394,1194,2859,5751,7029,"Baton Rouge","LA"
"1656",12940,"Baton Rouge, LA",852356,403005,363799,2645,49,267,698,9.166666667,755,187,46,23,129,370,328,282,145,"Baton Rouge","LA"
"1657",12940,"Baton Rouge, LA",852356,403005,363799,415,83,95,67,10.83333333,238,37,64,0,82,55,128,81,29,"Baton Rouge","LA"
"1658",12940,"Baton Rouge, LA",852356,403005,363799,1593,0,329,388,9.166666667,362,0,175,26,68,93,90,115,157,"Baton Rouge","LA"
"1659",12940,"Baton Rouge, LA",852356,403005,363799,2436,45,382,451,9.5,3342,293,529,405,1895,220,674,1109,1559,"Baton Rouge","LA"
"1660",12940,"Baton Rouge, LA",852356,403005,363799,954,14,126,197,6.666666667,43,0,6,4,33,0,2,6,35,"Baton Rouge","LA"
"1661",12940,"Baton Rouge, LA",852356,403005,363799,772,51,127,146,10,1202,212,417,13,319,241,430,323,449,"Baton Rouge","LA"
"1662",12940,"Baton Rouge, LA",852356,403005,363799,1074,71,263,129,12.5,6841,163,4152,400,1452,674,1200,1901,3740,"Baton Rouge","LA"
"1663",12940,"Baton Rouge, LA",852356,403005,363799,2077,0,76,665,7.5,307,37,25,59,125,61,89,111,107,"Baton Rouge","LA"
"1664",12940,"Baton Rouge, LA",852356,403005,363799,2280,105,244,397,7.666666667,80,6,21,27,26,0,34,30,16,"Baton Rouge","LA"
"1665",12940,"Baton Rouge, LA",852356,403005,363799,2037,0,188,535,5.833333333,175,0,8,79,88,0,37,38,100,"Baton Rouge","LA"
"1666",12940,"Baton Rouge, LA",852356,403005,363799,1369,9,190,337,7.5,939,204,30,388,254,63,348,339,252,"Baton Rouge","LA"
"1667",12940,"Baton Rouge, LA",852356,403005,363799,802,18,190,139,8.5,248,20,105,27,48,48,88,102,58,"Baton Rouge","LA"
"1668",12940,"Baton Rouge, LA",852356,403005,363799,1051,47,106,169,6.666666667,1085,36,142,622,285,0,65,198,822,"Baton Rouge","LA"
"1669",12940,"Baton Rouge, LA",852356,403005,363799,510,0,64,72,7.166666667,35,31,0,0,4,0,14,13,8,"Baton Rouge","LA"
"1670",12940,"Baton Rouge, LA",852356,403005,363799,1005,59,202,46,6.666666667,11,0,11,0,0,0,0,9,2,"Baton Rouge","LA"
"1671",12940,"Baton Rouge, LA",852356,403005,363799,1529,16,99,380,2.333333333,115,0,11,102,2,0,14,39,62,"Baton Rouge","LA"
"1672",12940,"Baton Rouge, LA",852356,403005,363799,983,13,43,194,2.333333333,11,0,0,1,10,0,9,1,1,"Baton Rouge","LA"
"1673",12940,"Baton Rouge, LA",852356,403005,363799,1542,32,261,178,6.833333333,268,74,0,106,60,28,73,125,70,"Baton Rouge","LA"
"1674",12940,"Baton Rouge, LA",852356,403005,363799,658,64,87,112,4,509,5,4,425,75,0,19,33,457,"Baton Rouge","LA"
"1675",12940,"Baton Rouge, LA",852356,403005,363799,693,68,77,38,6.666666667,32,3,24,5,0,0,11,16,5,"Baton Rouge","LA"
"1676",12940,"Baton Rouge, LA",852356,403005,363799,1408,0,162,385,2.833333333,30,0,0,26,4,0,6,16,8,"Baton Rouge","LA"
"1677",12940,"Baton Rouge, LA",852356,403005,363799,617,9,173,79,4.333333333,2,0,0,2,0,0,0,2,0,"Baton Rouge","LA"
"1678",12940,"Baton Rouge, LA",852356,403005,363799,1121,170,257,122,7.833333333,235,25,9,124,71,6,54,70,111,"Baton Rouge","LA"
"1679",12940,"Baton Rouge, LA",852356,403005,363799,923,41,146,127,7,87,11,0,72,0,4,10,27,50,"Baton Rouge","LA"
"1680",12940,"Baton Rouge, LA",852356,403005,363799,1464,0,91,346,3.166666667,70,0,3,21,46,0,41,20,9,"Baton Rouge","LA"
"1681",12940,"Baton Rouge, LA",852356,403005,363799,845,17,125,199,6.333333333,109,0,3,5,79,22,35,20,54,"Baton Rouge","LA"
"1682",12940,"Baton Rouge, LA",852356,403005,363799,1145,16,45,348,6.5,173,15,1,56,35,66,82,65,26,"Baton Rouge","LA"
"1683",12940,"Baton Rouge, LA",852356,403005,363799,782,68,66,189,2.333333333,22,16,1,1,4,0,15,4,3,"Baton Rouge","LA"
"1684",12940,"Baton Rouge, LA",852356,403005,363799,1060,115,333,86,8,3176,125,194,939,1813,105,942,1137,1097,"Baton Rouge","LA"
"1685",12940,"Baton Rouge, LA",852356,403005,363799,2020,22,266,476,5.333333333,253,45,1,77,130,0,64,138,51,"Baton Rouge","LA"
"1686",12940,"Baton Rouge, LA",852356,403005,363799,1229,0,147,300,5.5,147,5,1,62,65,14,46,47,54,"Baton Rouge","LA"
"1687",12940,"Baton Rouge, LA",852356,403005,363799,1066,0,263,295,6.833333333,64,0,0,7,27,30,27,23,14,"Baton Rouge","LA"
"1688",12940,"Baton Rouge, LA",852356,403005,363799,2260,16,441,577,6.833333333,1309,0,12,160,1108,29,334,499,476,"Baton Rouge","LA"
"1689",12940,"Baton Rouge, LA",852356,403005,363799,1162,72,163,68,5.833333333,39,4,8,25,2,0,5,20,14,"Baton Rouge","LA"
"1690",12940,"Baton Rouge, LA",852356,403005,363799,640,88,101,86,5.833333333,3,2,1,0,0,0,1,1,1,"Baton Rouge","LA"
"1691",12940,"Baton Rouge, LA",852356,403005,363799,421,56,78,45,8.5,18,0,0,0,18,0,2,9,7,"Baton Rouge","LA"
"1692",12940,"Baton Rouge, LA",852356,403005,363799,1156,11,96,260,4.666666667,54,41,2,10,1,0,27,14,13,"Baton Rouge","LA"
"1693",12940,"Baton Rouge, LA",852356,403005,363799,2263,38,489,412,7.333333333,1536,178,27,1027,217,87,274,515,747,"Baton Rouge","LA"
"1694",12940,"Baton Rouge, LA",852356,403005,363799,800,0,100,134,6.333333333,1376,72,57,1002,245,0,193,482,701,"Baton Rouge","LA"
"1695",12940,"Baton Rouge, LA",852356,403005,363799,1111,0,165,282,5.5,6,0,2,1,3,0,4,1,1,"Baton Rouge","LA"
"1696",12940,"Baton Rouge, LA",852356,403005,363799,2576,28,64,906,8.5,1566,40,544,362,466,154,215,464,887,"Baton Rouge","LA"
"1697",12940,"Baton Rouge, LA",852356,403005,363799,1317,0,93,400,3.333333333,45,0,16,4,25,0,7,28,10,"Baton Rouge","LA"
"1698",12940,"Baton Rouge, LA",852356,403005,363799,1643,0,77,506,4.333333333,80,0,17,3,55,5,32,29,19,"Baton Rouge","LA"
"1699",12940,"Baton Rouge, LA",852356,403005,363799,2380,18,203,598,8.333333333,1117,464,255,68,125,205,366,441,310,"Baton Rouge","LA"
"1700",12940,"Baton Rouge, LA",852356,403005,363799,1390,146,137,116,7.666666667,236,11,24,132,35,34,41,82,113,"Baton Rouge","LA"
"1701",12940,"Baton Rouge, LA",852356,403005,363799,796,54,208,34,11,367,167,13,5,85,97,188,126,53,"Baton Rouge","LA"
"1702",12940,"Baton Rouge, LA",852356,403005,363799,1587,148,273,229,6,76,15,0,0,18,43,37,29,10,"Baton Rouge","LA"
"1703",12940,"Baton Rouge, LA",852356,403005,363799,3042,109,657,459,7.166666667,395,62,42,100,25,166,160,121,114,"Baton Rouge","LA"
"1704",12940,"Baton Rouge, LA",852356,403005,363799,1764,159,221,164,7.833333333,387,131,216,0,40,0,116,89,182,"Baton Rouge","LA"
"1705",12940,"Baton Rouge, LA",852356,403005,363799,1630,83,232,228,11.16666667,942,281,63,149,218,231,320,379,243,"Baton Rouge","LA"
"1706",12940,"Baton Rouge, LA",852356,403005,363799,1047,109,225,61,9.833333333,77,27,0,28,10,12,14,28,35,"Baton Rouge","LA"
"1707",12940,"Baton Rouge, LA",852356,403005,363799,568,20,127,159,5.166666667,2316,116,55,1917,217,11,125,261,1930,"Baton Rouge","LA"
"1708",12940,"Baton Rouge, LA",852356,403005,363799,1013,0,206,228,3.833333333,52,9,0,22,7,14,22,13,17,"Baton Rouge","LA"
"1709",12940,"Baton Rouge, LA",852356,403005,363799,1403,36,241,305,4.5,197,23,3,116,15,40,59,77,61,"Baton Rouge","LA"
"1710",12940,"Baton Rouge, LA",852356,403005,363799,1140,31,172,311,2.833333333,87,3,0,52,5,27,30,32,25,"Baton Rouge","LA"
"1711",12940,"Baton Rouge, LA",852356,403005,363799,1854,11,202,261,7.166666667,942,107,32,582,208,13,196,280,466,"Baton Rouge","LA"
"1712",12940,"Baton Rouge, LA",852356,403005,363799,1883,39,425,283,3.666666667,231,64,0,134,25,8,67,90,74,"Baton Rouge","LA"
"1713",12940,"Baton Rouge, LA",852356,403005,363799,1115,42,162,264,3.666666667,114,46,0,51,17,0,33,44,37,"Baton Rouge","LA"
"1714",12940,"Baton Rouge, LA",852356,403005,363799,2002,87,216,362,6.833333333,1157,31,104,177,791,54,156,368,633,"Baton Rouge","LA"
"1715",12940,"Baton Rouge, LA",852356,403005,363799,1595,16,448,303,5.333333333,215,9,4,39,21,142,114,51,50,"Baton Rouge","LA"
"1716",12940,"Baton Rouge, LA",852356,403005,363799,1761,15,364,407,9,2181,67,358,198,1460,98,727,708,746,"Baton Rouge","LA"
"1717",12940,"Baton Rouge, LA",852356,403005,363799,890,0,179,125,5.333333333,38,33,0,5,0,0,9,20,9,"Baton Rouge","LA"
"1718",12940,"Baton Rouge, LA",852356,403005,363799,2171,69,144,568,3.333333333,109,60,0,27,22,0,44,47,18,"Baton Rouge","LA"
"1719",12940,"Baton Rouge, LA",852356,403005,363799,1158,0,190,349,5,205,15,3,113,74,0,28,48,129,"Baton Rouge","LA"
"1720",12940,"Baton Rouge, LA",852356,403005,363799,1488,0,296,401,12,1608,118,216,297,839,138,459,536,613,"Baton Rouge","LA"
"1721",12940,"Baton Rouge, LA",852356,403005,363799,1180,79,81,182,6.666666667,0,0,0,0,0,0,0,0,0,"Baton Rouge","LA"
"1722",12940,"Baton Rouge, LA",852356,403005,363799,553,39,71,78,5.666666667,0,0,0,0,0,0,0,0,0,"Baton Rouge","LA"
"1723",12940,"Baton Rouge, LA",852356,403005,363799,1014,11,100,160,8.666666667,251,53,25,57,94,22,42,83,126,"Baton Rouge","LA"
"1724",12940,"Baton Rouge, LA",852356,403005,363799,1249,40,168,213,7.833333333,224,63,14,47,77,23,67,97,60,"Baton Rouge","LA"
"1725",12940,"Baton Rouge, LA",852356,403005,363799,2011,0,201,404,5.833333333,81,19,3,8,6,45,42,30,9,"Baton Rouge","LA"
"1726",12940,"Baton Rouge, LA",852356,403005,363799,1355,5,229,323,3,27,4,3,18,1,1,7,11,9,"Baton Rouge","LA"
"1727",12940,"Baton Rouge, LA",852356,403005,363799,1185,33,109,260,3.333333333,231,28,0,200,3,0,37,78,116,"Baton Rouge","LA"
"1728",12940,"Baton Rouge, LA",852356,403005,363799,706,9,179,211,2.5,20,0,0,19,1,0,1,6,13,"Baton Rouge","LA"
"1729",12940,"Baton Rouge, LA",852356,403005,363799,1289,62,129,152,5.833333333,14,5,4,0,0,5,10,3,1,"Baton Rouge","LA"
"1730",12940,"Baton Rouge, LA",852356,403005,363799,717,37,177,149,10.83333333,626,51,197,197,143,38,136,193,297,"Baton Rouge","LA"
"1731",12940,"Baton Rouge, LA",852356,403005,363799,2579,18,292,701,4.833333333,522,40,54,337,55,36,110,158,254,"Baton Rouge","LA"
"1732",12940,"Baton Rouge, LA",852356,403005,363799,1442,17,180,339,4.166666667,645,13,19,68,532,13,153,189,303,"Baton Rouge","LA"
"1733",12940,"Baton Rouge, LA",852356,403005,363799,1723,89,273,387,10,1784,460,301,85,775,163,500,821,463,"Baton Rouge","LA"
"1734",12940,"Baton Rouge, LA",852356,403005,363799,1412,64,145,338,3.833333333,328,41,0,241,44,2,60,133,135,"Baton Rouge","LA"
"1735",12940,"Baton Rouge, LA",852356,403005,363799,1321,87,205,258,1.666666667,19,0,0,17,2,0,4,11,4,"Baton Rouge","LA"
"1736",12940,"Baton Rouge, LA",852356,403005,363799,2096,112,272,411,5.833333333,340,79,10,109,128,14,117,120,103,"Baton Rouge","LA"
"1737",12940,"Baton Rouge, LA",852356,403005,363799,1733,18,207,404,4.666666667,224,114,11,61,32,6,84,82,58,"Baton Rouge","LA"
"1738",12940,"Baton Rouge, LA",852356,403005,363799,1044,47,172,331,3.166666667,76,0,0,49,11,16,15,41,20,"Baton Rouge","LA"
"1739",12940,"Baton Rouge, LA",852356,403005,363799,1142,80,286,129,9.166666667,4926,679,693,577,2387,590,1222,1625,2079,"Baton Rouge","LA"
"1740",12940,"Baton Rouge, LA",852356,403005,363799,1094,19,421,155,7.5,997,335,59,20,583,0,327,369,301,"Baton Rouge","LA"
"1741",12940,"Baton Rouge, LA",852356,403005,363799,1219,225,251,51,10.5,2723,94,1882,37,694,16,452,738,1533,"Baton Rouge","LA"
"1742",12940,"Baton Rouge, LA",852356,403005,363799,2618,0,137,701,5.666666667,76,3,3,19,51,0,22,28,26,"Baton Rouge","LA"
"1743",12940,"Baton Rouge, LA",852356,403005,363799,1291,0,309,214,8.166666667,3569,317,2080,395,611,166,1071,879,1619,"Baton Rouge","LA"
"1744",12940,"Baton Rouge, LA",852356,403005,363799,657,0,80,158,6.833333333,69,0,0,69,0,0,3,11,55,"Baton Rouge","LA"
"1745",12940,"Baton Rouge, LA",852356,403005,363799,1032,51,210,198,6.666666667,261,0,10,0,251,0,128,92,41,"Baton Rouge","LA"
"1746",12940,"Baton Rouge, LA",852356,403005,363799,2525,8,186,783,7.333333333,158,26,14,41,30,47,61,59,38,"Baton Rouge","LA"
"1747",12940,"Baton Rouge, LA",852356,403005,363799,556,0,55,207,2,35,0,3,30,2,0,2,10,23,"Baton Rouge","LA"
"1748",12940,"Baton Rouge, LA",852356,403005,363799,1287,16,244,339,2.166666667,72,0,0,12,60,0,23,37,12,"Baton Rouge","LA"
"1749",12940,"Baton Rouge, LA",852356,403005,363799,857,10,128,268,2.166666667,20,12,8,0,0,0,9,8,3,"Baton Rouge","LA"
"1750",12940,"Baton Rouge, LA",852356,403005,363799,906,23,48,157,5,269,17,181,47,7,17,90,102,77,"Baton Rouge","LA"
"1751",12940,"Baton Rouge, LA",852356,403005,363799,1394,26,283,301,5.5,73,17,10,27,4,15,30,28,15,"Baton Rouge","LA"
"1752",12940,"Baton Rouge, LA",852356,403005,363799,685,30,91,167,4.166666667,99,3,11,57,28,0,20,53,26,"Baton Rouge","LA"
"1753",12940,"Baton Rouge, LA",852356,403005,363799,1910,9,586,241,9.5,1519,424,304,424,244,123,226,507,786,"Baton Rouge","LA"
"1754",12940,"Baton Rouge, LA",852356,403005,363799,2055,31,328,354,7.666666667,4440,287,384,847,2825,97,599,1465,2376,"Baton Rouge","LA"
"1755",12940,"Baton Rouge, LA",852356,403005,363799,2192,0,248,558,6.333333333,104,27,5,51,13,8,38,39,27,"Baton Rouge","LA"
"1756",12940,"Baton Rouge, LA",852356,403005,363799,2853,0,322,727,4.666666667,6748,186,24,6003,377,158,739,1275,4734,"Baton Rouge","LA"
"1757",12940,"Baton Rouge, LA",852356,403005,363799,1489,0,496,286,5.833333333,603,31,55,14,26,477,352,198,53,"Baton Rouge","LA"
"1758",12940,"Baton Rouge, LA",852356,403005,363799,2195,30,313,48,8,562,0,9,0,553,0,214,255,93,"Baton Rouge","LA"
"1759",12940,"Baton Rouge, LA",852356,403005,363799,1039,52,336,149,9.333333333,5088,186,698,959,2483,762,1457,1459,2172,"Baton Rouge","LA"
"1760",12940,"Baton Rouge, LA",852356,403005,363799,1830,114,270,195,8,2432,27,13,7,1891,494,1146,717,569,"Baton Rouge","LA"
"1761",12940,"Baton Rouge, LA",852356,403005,363799,918,12,135,206,5.5,426,7,2,5,326,86,98,154,174,"Baton Rouge","LA"
"1762",12940,"Baton Rouge, LA",852356,403005,363799,2340,0,478,514,9.833333333,1157,186,80,16,611,264,500,343,314,"Baton Rouge","LA"
"1763",12940,"Baton Rouge, LA",852356,403005,363799,1344,129,224,129,7.166666667,218,153,11,17,8,29,52,88,78,"Baton Rouge","LA"
"1764",12940,"Baton Rouge, LA",852356,403005,363799,926,33,163,252,10,1116,87,233,294,381,121,210,293,613,"Baton Rouge","LA"
"1765",12940,"Baton Rouge, LA",852356,403005,363799,2777,0,320,693,5.833333333,99,0,44,11,44,0,47,33,19,"Baton Rouge","LA"
"1766",12940,"Baton Rouge, LA",852356,403005,363799,2469,41,183,547,3.333333333,35,3,4,17,11,0,13,16,6,"Baton Rouge","LA"
"1767",12940,"Baton Rouge, LA",852356,403005,363799,2709,16,155,665,2.833333333,31,11,0,15,3,2,5,14,12,"Baton Rouge","LA"
"1768",12940,"Baton Rouge, LA",852356,403005,363799,1205,13,154,259,3.833333333,1328,4,926,395,3,0,219,418,691,"Baton Rouge","LA"
"1769",12940,"Baton Rouge, LA",852356,403005,363799,2464,16,185,674,6.666666667,436,210,8,76,39,103,182,194,60,"Baton Rouge","LA"
"1770",12940,"Baton Rouge, LA",852356,403005,363799,2324,0,382,391,7.5,525,76,25,83,106,235,244,178,103,"Baton Rouge","LA"
"1771",12940,"Baton Rouge, LA",852356,403005,363799,4230,13,249,1102,6,238,18,12,113,70,25,57,74,107,"Baton Rouge","LA"
"1772",12940,"Baton Rouge, LA",852356,403005,363799,829,16,152,193,9.166666667,412,10,29,79,224,70,134,184,94,"Baton Rouge","LA"
"1773",12940,"Baton Rouge, LA",852356,403005,363799,2744,0,410,668,5.833333333,155,21,40,4,90,0,56,48,51,"Baton Rouge","LA"
"1774",12940,"Baton Rouge, LA",852356,403005,363799,1779,71,355,262,9.333333333,648,141,83,303,14,107,192,208,248,"Baton Rouge","LA"
"1775",12940,"Baton Rouge, LA",852356,403005,363799,955,57,178,83,9,610,55,348,69,138,0,78,240,292,"Baton Rouge","LA"
"1776",12940,"Baton Rouge, LA",852356,403005,363799,2058,63,53,516,4.333333333,407,0,42,319,30,16,37,67,303,"Baton Rouge","LA"
"1777",12940,"Baton Rouge, LA",852356,403005,363799,3261,192,565,619,7.333333333,1360,660,44,204,138,314,540,607,213,"Baton Rouge","LA"
"1778",12940,"Baton Rouge, LA",852356,403005,363799,3722,209,406,637,4.5,39,5,1,15,18,0,8,19,12,"Baton Rouge","LA"
"1779",12940,"Baton Rouge, LA",852356,403005,363799,2364,21,213,532,3.666666667,128,11,5,99,13,0,20,49,59,"Baton Rouge","LA"
"1780",12940,"Baton Rouge, LA",852356,403005,363799,1828,0,194,489,6,65,12,3,12,29,9,27,24,14,"Baton Rouge","LA"
"1781",12940,"Baton Rouge, LA",852356,403005,363799,3305,15,332,781,4,228,97,4,94,33,0,94,71,63,"Baton Rouge","LA"
"1782",12940,"Baton Rouge, LA",852356,403005,363799,3404,63,404,821,3.333333333,4015,107,91,53,3738,26,828,1302,1885,"Baton Rouge","LA"
"1783",12940,"Baton Rouge, LA",852356,403005,363799,1281,6,240,294,2.166666667,35,2,0,19,0,14,11,15,9,"Baton Rouge","LA"
"1784",12940,"Baton Rouge, LA",852356,403005,363799,1485,0,150,444,4.333333333,244,71,4,18,25,126,137,86,21,"Baton Rouge","LA"
"1785",12940,"Baton Rouge, LA",852356,403005,363799,2410,15,144,705,7.333333333,425,154,4,92,73,102,184,173,68,"Baton Rouge","LA"
"1786",12940,"Baton Rouge, LA",852356,403005,363799,5134,59,473,1381,4.5,64,0,8,17,25,14,23,18,23,"Baton Rouge","LA"
"1787",12940,"Baton Rouge, LA",852356,403005,363799,3296,0,213,955,5.166666667,316,65,7,172,72,0,83,97,136,"Baton Rouge","LA"
"1788",12940,"Baton Rouge, LA",852356,403005,363799,6447,0,446,1735,6.5,4967,483,129,3498,619,238,892,1560,2515,"Baton Rouge","LA"
"1789",12940,"Baton Rouge, LA",852356,403005,363799,2474,38,277,626,8.833333333,1441,264,57,449,273,398,513,446,482,"Baton Rouge","LA"
"1790",12940,"Baton Rouge, LA",852356,403005,363799,1663,28,128,318,9,598,50,113,153,250,32,173,257,168,"Baton Rouge","LA"
"1791",12940,"Baton Rouge, LA",852356,403005,363799,1512,113,376,284,8.333333333,110,22,17,28,43,0,45,34,31,"Baton Rouge","LA"
"1792",12940,"Baton Rouge, LA",852356,403005,363799,1454,70,282,215,7,287,27,20,182,58,0,37,151,99,"Baton Rouge","LA"
"1793",12940,"Baton Rouge, LA",852356,403005,363799,1583,0,143,293,8.333333333,469,18,6,92,353,0,95,188,186,"Baton Rouge","LA"
"1794",12940,"Baton Rouge, LA",852356,403005,363799,1110,156,258,155,7.833333333,810,136,4,1,540,129,285,425,100,"Baton Rouge","LA"
"1795",12940,"Baton Rouge, LA",852356,403005,363799,875,46,91,104,8,220,34,26,2,18,140,111,81,28,"Baton Rouge","LA"
"1796",12940,"Baton Rouge, LA",852356,403005,363799,2058,46,224,453,5.833333333,1271,0,1009,223,36,3,432,414,425,"Baton Rouge","LA"
"1797",12940,"Baton Rouge, LA",852356,403005,363799,1214,248,162,106,12,4014,76,820,577,2493,48,590,1150,2274,"Baton Rouge","LA"
"1798",12940,"Baton Rouge, LA",852356,403005,363799,1664,50,351,304,8.166666667,3014,413,169,133,1942,357,829,1008,1177,"Baton Rouge","LA"
"1799",12940,"Baton Rouge, LA",852356,403005,363799,1132,0,180,151,7,76,0,0,12,64,0,43,15,18,"Baton Rouge","LA"
"1800",12940,"Baton Rouge, LA",852356,403005,363799,640,54,96,8,7,6262,74,16,1,6161,10,1930,2150,2182,"Baton Rouge","LA"
"1801",12940,"Baton Rouge, LA",852356,403005,363799,558,0,142,91,7.5,56,36,7,0,13,0,21,24,11,"Baton Rouge","LA"
"1802",12940,"Baton Rouge, LA",852356,403005,363799,2865,11,667,577,9.666666667,1526,79,168,45,832,402,458,550,518,"Baton Rouge","LA"
"1803",12940,"Baton Rouge, LA",852356,403005,363799,2102,32,410,495,8.666666667,428,141,63,15,168,41,113,184,131,"Baton Rouge","LA"
"1804",12940,"Baton Rouge, LA",852356,403005,363799,1429,0,90,390,3.166666667,1762,1,19,1574,107,61,85,120,1557,"Baton Rouge","LA"
"1805",12940,"Baton Rouge, LA",852356,403005,363799,1334,40,92,366,2.833333333,136,0,0,15,120,1,32,59,45,"Baton Rouge","LA"
"1806",12940,"Baton Rouge, LA",852356,403005,363799,3625,38,312,890,5.5,184,25,5,47,104,3,84,38,62,"Baton Rouge","LA"
"1807",12940,"Baton Rouge, LA",852356,403005,363799,2400,42,353,486,4.333333333,432,15,22,247,148,0,92,177,163,"Baton Rouge","LA"
"1808",12940,"Baton Rouge, LA",852356,403005,363799,621,20,24,187,5.5,312,26,5,108,173,0,66,140,106,"Baton Rouge","LA"
"1809",12940,"Baton Rouge, LA",852356,403005,363799,875,40,24,342,1.666666667,22,0,0,18,4,0,9,5,8,"Baton Rouge","LA"
"1810",12940,"Baton Rouge, LA",852356,403005,363799,3102,23,237,771,5.166666667,181,56,1,52,46,26,73,58,50,"Baton Rouge","LA"
"1811",12940,"Baton Rouge, LA",852356,403005,363799,3487,17,466,820,4.5,91,2,48,15,23,3,16,39,36,"Baton Rouge","LA"
"1812",12940,"Baton Rouge, LA",852356,403005,363799,1169,0,109,354,4.5,31,0,1,23,5,2,2,10,19,"Baton Rouge","LA"
"1813",12940,"Baton Rouge, LA",852356,403005,363799,3268,119,443,609,2.333333333,233,18,0,194,17,4,44,60,129,"Baton Rouge","LA"
"1814",12940,"Baton Rouge, LA",852356,403005,363799,956,68,122,171,9,2340,572,193,567,678,330,568,986,786,"Baton Rouge","LA"
"1815",12940,"Baton Rouge, LA",852356,403005,363799,1737,2,148,358,2.333333333,15,7,0,4,4,0,6,2,7,"Baton Rouge","LA"
"1816",12940,"Baton Rouge, LA",852356,403005,363799,872,81,123,177,5.833333333,176,0,4,45,16,111,91,33,52,"Baton Rouge","LA"
"1817",12940,"Baton Rouge, LA",852356,403005,363799,1173,0,200,199,3.166666667,111,9,4,86,12,0,11,17,83,"Baton Rouge","LA"
"1818",12940,"Baton Rouge, LA",852356,403005,363799,919,0,61,136,6.666666667,87,41,0,8,38,0,26,19,42,"Baton Rouge","LA"
"1819",12940,"Baton Rouge, LA",852356,403005,363799,2927,12,392,796,7,185,36,1,24,62,62,94,59,32,"Baton Rouge","LA"
"1820",12940,"Baton Rouge, LA",852356,403005,363799,2513,16,542,342,8.333333333,315,68,38,0,194,15,94,114,107,"Baton Rouge","LA"
"1821",12940,"Baton Rouge, LA",852356,403005,363799,781,10,122,207,2.833333333,18,0,0,1,2,15,12,3,3,"Baton Rouge","LA"
"1822",12940,"Baton Rouge, LA",852356,403005,363799,436,7,177,72,5.166666667,125,19,22,79,5,0,12,43,70,"Baton Rouge","LA"
"1823",12940,"Baton Rouge, LA",852356,403005,363799,1771,0,267,286,6.166666667,76,12,25,1,22,16,38,32,6,"Baton Rouge","LA"
"1824",12940,"Baton Rouge, LA",852356,403005,363799,906,0,143,233,7.333333333,127,16,9,14,68,20,48,61,18,"Baton Rouge","LA"
"1825",12940,"Baton Rouge, LA",852356,403005,363799,671,0,112,152,8.666666667,160,10,52,29,53,16,39,38,83,"Baton Rouge","LA"
"1826",12940,"Baton Rouge, LA",852356,403005,363799,1795,18,120,378,7.833333333,276,142,35,2,13,84,166,82,28,"Baton Rouge","LA"
"1827",12940,"Baton Rouge, LA",852356,403005,363799,2031,0,189,578,3.166666667,86,0,13,69,4,0,18,39,29,"Baton Rouge","LA"
"1828",12940,"Baton Rouge, LA",852356,403005,363799,1949,50,272,498,4.333333333,131,2,60,56,13,0,30,31,70,"Baton Rouge","LA"
"1829",12940,"Baton Rouge, LA",852356,403005,363799,1184,0,181,236,8.5,276,35,14,110,75,42,91,80,105,"Baton Rouge","LA"
"1830",12940,"Baton Rouge, LA",852356,403005,363799,1458,54,179,183,5,9,3,1,0,5,0,7,2,0,"Baton Rouge","LA"
"1831",12940,"Baton Rouge, LA",852356,403005,363799,3079,0,429,541,6.833333333,336,48,9,15,259,5,164,129,43,"Baton Rouge","LA"
"1832",12940,"Baton Rouge, LA",852356,403005,363799,1241,0,167,282,6.166666667,920,745,15,3,21,136,373,418,129,"Baton Rouge","LA"
"1833",12940,"Baton Rouge, LA",852356,403005,363799,2368,0,393,580,9.166666667,1315,113,97,52,729,324,517,413,385,"Baton Rouge","LA"
"1834",12940,"Baton Rouge, LA",852356,403005,363799,2945,22,347,599,7,2108,481,38,14,1475,100,522,867,719,"Baton Rouge","LA"
"1835",12940,"Baton Rouge, LA",852356,403005,363799,1095,0,180,253,7,331,43,71,3,27,187,167,99,65,"Baton Rouge","LA"
"1836",12940,"Baton Rouge, LA",852356,403005,363799,2667,11,516,529,7.833333333,407,176,13,26,38,154,186,169,52,"Baton Rouge","LA"
"1837",12940,"Baton Rouge, LA",852356,403005,363799,1743,30,262,205,8.333333333,1556,658,188,116,348,246,581,664,311,"Baton Rouge","LA"
"1838",12940,"Baton Rouge, LA",852356,403005,363799,874,101,98,159,3.833333333,43,0,3,6,34,0,15,18,10,"Baton Rouge","LA"
"1839",12940,"Baton Rouge, LA",852356,403005,363799,1743,0,193,570,6,51,1,2,6,37,5,19,7,25,"Baton Rouge","LA"
"1840",12940,"Baton Rouge, LA",852356,403005,363799,1278,41,155,389,8,132,34,14,6,45,33,62,36,34,"Baton Rouge","LA"
"1841",12940,"Baton Rouge, LA",852356,403005,363799,1404,0,169,429,5.666666667,36,0,8,10,13,5,15,7,14,"Baton Rouge","LA"
"1842",12940,"Baton Rouge, LA",852356,403005,363799,981,0,114,238,6.166666667,272,69,2,13,13,175,106,128,38,"Baton Rouge","LA"
"1843",12940,"Baton Rouge, LA",852356,403005,363799,1001,221,176,89,7.833333333,205,0,37,0,168,0,11,61,133,"Baton Rouge","LA"
"1844",12940,"Baton Rouge, LA",852356,403005,363799,677,0,118,136,9.666666667,258,79,37,11,87,44,71,128,59,"Baton Rouge","LA"
"1845",12940,"Baton Rouge, LA",852356,403005,363799,2060,33,318,410,8.833333333,364,134,18,67,122,23,114,144,106,"Baton Rouge","LA"
"1846",12940,"Baton Rouge, LA",852356,403005,363799,1132,0,66,402,3.5,8162,89,16,7584,302,171,764,1508,5890,"Baton Rouge","LA"
"1847",12940,"Baton Rouge, LA",852356,403005,363799,1390,9,214,364,8.666666667,241,14,18,11,166,32,81,91,69,"Baton Rouge","LA"
"1848",12940,"Baton Rouge, LA",852356,403005,363799,5984,0,470,1434,3.166666667,6579,91,114,5998,164,212,334,642,5603,"Baton Rouge","LA"
"1849",12940,"Baton Rouge, LA",852356,403005,363799,978,13,122,170,2.333333333,78,1,0,77,0,0,13,34,31,"Baton Rouge","LA"
"1850",12940,"Baton Rouge, LA",852356,403005,363799,996,68,231,77,5.5,17,1,3,1,12,0,14,2,1,"Baton Rouge","LA"
"1851",12940,"Baton Rouge, LA",852356,403005,363799,680,0,95,179,5.666666667,108,38,1,2,19,48,57,38,13,"Baton Rouge","LA"
"1852",12940,"Baton Rouge, LA",852356,403005,363799,1526,0,163,391,4.333333333,93,0,0,75,18,0,11,54,28,"Baton Rouge","LA"
"1853",12940,"Baton Rouge, LA",852356,403005,363799,434,0,91,120,3,6,0,2,0,0,4,1,3,2,"Baton Rouge","LA"
"1854",12940,"Baton Rouge, LA",852356,403005,363799,887,40,176,164,6.5,265,11,2,14,179,59,100,115,50,"Baton Rouge","LA"
"1855",12940,"Baton Rouge, LA",852356,403005,363799,1713,0,105,246,5.5,347,0,2,283,62,0,3,9,335,"Baton Rouge","LA"
"1856",12940,"Baton Rouge, LA",852356,403005,363799,1666,37,136,364,5.166666667,38,8,2,18,10,0,7,25,6,"Baton Rouge","LA"
"1857",12940,"Baton Rouge, LA",852356,403005,363799,748,0,88,121,3.666666667,17,0,0,13,4,0,3,2,12,"Baton Rouge","LA"
"1858",12940,"Baton Rouge, LA",852356,403005,363799,1055,0,212,277,6,684,14,24,585,58,3,75,179,430,"Baton Rouge","LA"
"1859",12940,"Baton Rouge, LA",852356,403005,363799,1873,0,108,485,7.833333333,118,21,14,21,36,26,55,34,29,"Baton Rouge","LA"
"1860",12940,"Baton Rouge, LA",852356,403005,363799,1006,0,159,183,4.166666667,21,0,0,3,18,0,1,5,15,"Baton Rouge","LA"
"1861",12940,"Baton Rouge, LA",852356,403005,363799,3146,0,258,779,4.833333333,55,0,16,3,36,0,15,19,21,"Baton Rouge","LA"
"1862",12940,"Baton Rouge, LA",852356,403005,363799,2314,15,261,642,4.666666667,368,71,0,244,53,0,82,143,143,"Baton Rouge","LA"
"1863",12940,"Baton Rouge, LA",852356,403005,363799,1704,130,361,309,9.166666667,356,29,102,14,51,160,161,82,113,"Baton Rouge","LA"
"1864",12940,"Baton Rouge, LA",852356,403005,363799,817,0,133,216,7.5,85,0,0,21,42,22,23,19,43,"Baton Rouge","LA"
"1865",12940,"Baton Rouge, LA",852356,403005,363799,856,0,177,217,4.5,28,0,12,11,5,0,0,19,9,"Baton Rouge","LA"
"1866",12940,"Baton Rouge, LA",852356,403005,363799,519,0,111,143,7.666666667,86,35,10,11,23,7,23,41,22,"Baton Rouge","LA"
"1867",12940,"Baton Rouge, LA",852356,403005,363799,1474,96,233,211,4.166666667,2617,33,70,2232,232,50,184,440,1993,"Baton Rouge","LA"
"1868",12940,"Baton Rouge, LA",852356,403005,363799,1602,47,188,361,4.833333333,639,5,392,185,22,35,47,210,382,"Baton Rouge","LA"
"1869",12940,"Baton Rouge, LA",852356,403005,363799,1781,92,197,322,5.166666667,257,53,27,158,19,0,49,66,142,"Baton Rouge","LA"
"1870",12940,"Baton Rouge, LA",852356,403005,363799,1026,29,194,231,6,257,9,50,81,5,112,49,128,80,"Baton Rouge","LA"
"1871",12940,"Baton Rouge, LA",852356,403005,363799,273,33,46,48,4.833333333,724,14,89,534,87,0,132,177,415,"Baton Rouge","LA"
"1872",12940,"Baton Rouge, LA",852356,403005,363799,974,97,87,199,5.833333333,118,32,54,7,25,0,34,50,34,"Baton Rouge","LA"
"1873",12940,"Baton Rouge, LA",852356,403005,363799,1584,53,158,421,12.16666667,1047,128,598,33,229,59,254,488,305,"Baton Rouge","LA"
"1874",12940,"Baton Rouge, LA",852356,403005,363799,2612,99,414,398,9.833333333,504,203,54,105,113,29,172,194,138,"Baton Rouge","LA"
"1875",12940,"Baton Rouge, LA",852356,403005,363799,2414,0,388,625,6.833333333,1079,139,47,60,699,134,277,286,516,"Baton Rouge","LA"
"1876",12940,"Baton Rouge, LA",852356,403005,363799,1888,0,194,304,8.166666667,666,131,227,136,172,0,70,322,274,"Baton Rouge","LA"
"1877",12940,"Baton Rouge, LA",852356,403005,363799,1256,50,166,221,8.166666667,84,10,3,0,47,24,35,40,9,"Baton Rouge","LA"
"1878",12940,"Baton Rouge, LA",852356,403005,363799,1720,47,225,227,1.833333333,36,0,0,9,27,0,16,12,8,"Baton Rouge","LA"
"1879",12940,"Baton Rouge, LA",852356,403005,363799,922,0,94,172,6.166666667,15,6,8,1,0,0,3,7,5,"Baton Rouge","LA"
"1880",12940,"Baton Rouge, LA",852356,403005,363799,3887,59,399,932,4.666666667,1340,12,14,1000,312,2,204,324,812,"Baton Rouge","LA"
"1881",12940,"Baton Rouge, LA",852356,403005,363799,1501,9,100,340,3,29,0,0,0,29,0,9,16,4,"Baton Rouge","LA"
"1882",12940,"Baton Rouge, LA",852356,403005,363799,809,34,206,111,7.666666667,5,0,4,0,1,0,0,1,4,"Baton Rouge","LA"
"1883",12940,"Baton Rouge, LA",852356,403005,363799,1024,0,174,152,6.333333333,46,36,1,0,5,4,16,25,5,"Baton Rouge","LA"
"1884",12940,"Baton Rouge, LA",852356,403005,363799,822,16,129,225,13,1141,158,356,227,162,238,360,382,399,"Baton Rouge","LA"
"1885",12940,"Baton Rouge, LA",852356,403005,363799,1025,13,72,312,6,1946,115,86,659,940,146,386,631,929,"Baton Rouge","LA"
"1886",12940,"Baton Rouge, LA",852356,403005,363799,839,14,136,238,8.333333333,165,51,10,79,19,6,37,51,77,"Baton Rouge","LA"
"1887",12940,"Baton Rouge, LA",852356,403005,363799,2998,114,458,648,4.166666667,227,7,0,45,167,8,57,100,70,"Baton Rouge","LA"
"1888",12940,"Baton Rouge, LA",852356,403005,363799,2412,79,360,471,4.166666667,209,71,8,107,23,0,67,80,62,"Baton Rouge","LA"
"1889",12940,"Baton Rouge, LA",852356,403005,363799,2860,48,173,770,6.166666667,126,23,5,21,66,11,46,51,29,"Baton Rouge","LA"
"1890",12940,"Baton Rouge, LA",852356,403005,363799,6073,35,456,1633,7.5,742,33,73,110,303,223,315,263,164,"Baton Rouge","LA"
"1891",12940,"Baton Rouge, LA",852356,403005,363799,2720,0,268,694,6.666666667,535,173,11,263,84,4,138,223,174,"Baton Rouge","LA"
"1892",12940,"Baton Rouge, LA",852356,403005,363799,3780,88,329,808,6.5,188,14,6,36,73,59,88,67,33,"Baton Rouge","LA"
"1893",12940,"Baton Rouge, LA",852356,403005,363799,4911,0,340,1273,8.333333333,819,224,67,176,261,91,226,289,304,"Baton Rouge","LA"
"1894",12940,"Baton Rouge, LA",852356,403005,363799,4628,14,673,956,6.833333333,1426,41,86,968,188,143,355,450,621,"Baton Rouge","LA"
"1895",12940,"Baton Rouge, LA",852356,403005,363799,5480,0,509,1211,7.666666667,858,190,73,258,317,20,292,294,272,"Baton Rouge","LA"
"1896",12940,"Baton Rouge, LA",852356,403005,363799,2413,34,167,608,6.833333333,268,63,25,43,95,42,130,100,38,"Baton Rouge","LA"
"1897",12940,"Baton Rouge, LA",852356,403005,363799,1200,0,161,324,3.5,72,29,2,6,3,32,42,20,10,"Baton Rouge","LA"
"1898",12940,"Baton Rouge, LA",852356,403005,363799,1719,34,177,364,8.666666667,1327,228,14,357,485,243,453,419,455,"Baton Rouge","LA"
"1899",12940,"Baton Rouge, LA",852356,403005,363799,3188,134,274,725,5.666666667,920,229,13,568,110,0,254,361,305,"Baton Rouge","LA"
"1900",12940,"Baton Rouge, LA",852356,403005,363799,1095,13,41,323,4.166666667,104,17,5,52,30,0,17,38,49,"Baton Rouge","LA"
"1901",12940,"Baton Rouge, LA",852356,403005,363799,1690,46,198,399,2.333333333,28,0,0,5,23,0,11,12,5,"Baton Rouge","LA"
"1902",12940,"Baton Rouge, LA",852356,403005,363799,1678,60,286,344,3.166666667,201,0,0,187,14,0,33,54,114,"Baton Rouge","LA"
"1903",12940,"Baton Rouge, LA",852356,403005,363799,1928,46,276,428,3.666666667,49,11,12,25,1,0,15,22,12,"Baton Rouge","LA"
"1904",12940,"Baton Rouge, LA",852356,403005,363799,2750,101,258,615,3.5,120,2,9,78,28,3,37,28,55,"Baton Rouge","LA"
"1905",12940,"Baton Rouge, LA",852356,403005,363799,2606,42,332,723,4.666666667,181,29,12,43,52,45,65,71,45,"Baton Rouge","LA"
"1906",12940,"Baton Rouge, LA",852356,403005,363799,1924,117,338,368,2.333333333,134,23,4,98,9,0,38,41,55,"Baton Rouge","LA"
"1907",12940,"Baton Rouge, LA",852356,403005,363799,1903,83,233,409,6.5,217,76,38,12,37,54,118,71,28,"Baton Rouge","LA"
"1908",12940,"Baton Rouge, LA",852356,403005,363799,2703,29,265,546,7,1143,83,529,377,138,16,175,415,553,"Baton Rouge","LA"
"1909",12940,"Baton Rouge, LA",852356,403005,363799,2431,0,326,637,4,1306,4,1,1136,159,6,110,212,984,"Baton Rouge","LA"
"1910",12940,"Baton Rouge, LA",852356,403005,363799,2372,0,192,596,4,72,7,3,23,39,0,36,29,7,"Baton Rouge","LA"
"1911",12940,"Baton Rouge, LA",852356,403005,363799,1808,16,141,552,3,134,43,6,78,4,3,58,23,53,"Baton Rouge","LA"
"1912",12940,"Baton Rouge, LA",852356,403005,363799,7335,48,847,1625,6.5,577,90,24,109,268,86,187,215,175,"Baton Rouge","LA"
"1913",12940,"Baton Rouge, LA",852356,403005,363799,2187,81,128,608,7,657,351,17,113,145,31,186,263,208,"Baton Rouge","LA"
"1914",12940,"Baton Rouge, LA",852356,403005,363799,3649,44,228,881,7.5,946,81,64,322,262,217,307,311,328,"Baton Rouge","LA"
"1915",12940,"Baton Rouge, LA",852356,403005,363799,5718,59,685,1304,6.666666667,5429,817,291,3476,525,320,1323,1316,2790,"Baton Rouge","LA"
"1916",12940,"Baton Rouge, LA",852356,403005,363799,1059,13,146,199,9.333333333,1080,189,67,447,91,286,333,258,489,"Baton Rouge","LA"
"1917",12940,"Baton Rouge, LA",852356,403005,363799,1315,23,229,302,4.333333333,227,0,28,195,4,0,23,57,147,"Baton Rouge","LA"
"1918",12940,"Baton Rouge, LA",852356,403005,363799,815,29,91,177,7.666666667,152,72,0,56,18,6,45,55,52,"Baton Rouge","LA"
"1919",12940,"Baton Rouge, LA",852356,403005,363799,746,18,78,164,11.66666667,1890,355,538,247,646,104,508,657,725,"Baton Rouge","LA"
"1920",12940,"Baton Rouge, LA",852356,403005,363799,2592,115,228,516,7.166666667,495,17,7,173,139,159,183,130,182,"Baton Rouge","LA"
"1921",12940,"Baton Rouge, LA",852356,403005,363799,2360,26,410,517,9.333333333,1130,168,129,467,344,22,229,339,562,"Baton Rouge","LA"
"1922",12940,"Baton Rouge, LA",852356,403005,363799,2590,0,382,550,6.166666667,266,96,1,72,76,21,129,88,49,"Baton Rouge","LA"
"1923",12940,"Baton Rouge, LA",852356,403005,363799,3091,0,446,688,5.5,395,14,12,256,78,35,77,96,222,"Baton Rouge","LA"
"1924",12940,"Baton Rouge, LA",852356,403005,363799,2094,14,322,362,5.5,242,56,4,9,173,0,87,90,65,"Baton Rouge","LA"
"1925",12940,"Baton Rouge, LA",852356,403005,363799,1602,32,230,329,8,518,143,24,108,185,58,118,105,295,"Baton Rouge","LA"
"1926",12940,"Baton Rouge, LA",852356,403005,363799,821,47,74,193,4.166666667,182,11,2,20,10,139,85,77,20,"Baton Rouge","LA"
"1927",12940,"Baton Rouge, LA",852356,403005,363799,1151,0,219,328,6.833333333,292,102,32,74,14,70,113,110,69,"Baton Rouge","LA"
"1928",12940,"Baton Rouge, LA",852356,403005,363799,3234,9,306,883,5.666666667,99,19,2,22,49,7,56,28,15,"Baton Rouge","LA"
"1929",12940,"Baton Rouge, LA",852356,403005,363799,2517,125,341,183,9.333333333,125,27,31,0,14,53,34,34,57,"Baton Rouge","LA"
"1930",12940,"Baton Rouge, LA",852356,403005,363799,2202,115,286,562,9.833333333,879,61,186,209,393,30,199,334,346,"Baton Rouge","LA"
"1931",12940,"Baton Rouge, LA",852356,403005,363799,1975,12,292,497,5,97,10,13,39,35,0,37,24,36,"Baton Rouge","LA"
"1932",12940,"Baton Rouge, LA",852356,403005,363799,1301,41,144,231,5.833333333,176,7,92,35,42,0,35,78,63,"Baton Rouge","LA"
"1933",12940,"Baton Rouge, LA",852356,403005,363799,1153,3,49,306,2.166666667,33,0,0,13,0,20,21,7,5,"Baton Rouge","LA"
"1934",12940,"Baton Rouge, LA",852356,403005,363799,838,63,128,221,2.5,60,2,17,41,0,0,8,12,40,"Baton Rouge","LA"
"1935",12940,"Baton Rouge, LA",852356,403005,363799,2211,27,238,554,5.666666667,241,51,111,28,21,30,70,102,69,"Baton Rouge","LA"
"1936",12940,"Baton Rouge, LA",852356,403005,363799,576,30,98,56,12.33333333,489,61,134,74,127,93,120,226,143,"Baton Rouge","LA"
"1937",12940,"Baton Rouge, LA",852356,403005,363799,2976,0,0,0,1,7,0,0,0,7,0,2,0,5,"Baton Rouge","LA"
"1938",12940,"Baton Rouge, LA",852356,403005,363799,3618,137,283,730,7.5,4857,372,78,2209,1591,607,1130,1371,2356,"Baton Rouge","LA"
"1939",12940,"Baton Rouge, LA",852356,403005,363799,841,50,95,267,4.833333333,91,10,33,34,14,0,32,29,30,"Baton Rouge","LA"
"1940",12940,"Baton Rouge, LA",852356,403005,363799,2060,0,126,627,5.666666667,416,37,26,203,60,90,111,208,97,"Baton Rouge","LA"
"1941",12940,"Baton Rouge, LA",852356,403005,363799,3324,18,312,959,5.166666667,827,8,12,597,210,0,217,238,372,"Baton Rouge","LA"
"1942",12940,"Baton Rouge, LA",852356,403005,363799,3419,111,315,739,3.5,198,22,3,145,23,5,33,43,122,"Baton Rouge","LA"
"1943",12940,"Baton Rouge, LA",852356,403005,363799,487,15,111,45,6.833333333,8,0,0,0,8,0,5,1,2,"Baton Rouge","LA"
"1944",12940,"Baton Rouge, LA",852356,403005,363799,817,11,121,220,6.333333333,93,21,0,61,11,0,18,45,30,"Baton Rouge","LA"
"1945",12940,"Baton Rouge, LA",852356,403005,363799,1443,0,92,240,9.166666667,182,22,11,3,77,69,84,69,29,"Baton Rouge","LA"
"1946",12940,"Baton Rouge, LA",852356,403005,363799,2124,0,299,577,8.833333333,1307,15,465,71,702,54,257,541,509,"Baton Rouge","LA"
"1947",12940,"Baton Rouge, LA",852356,403005,363799,817,56,311,87,8,9958,3,1305,5869,2534,247,877,2026,7055,"Baton Rouge","LA"
"1948",12940,"Baton Rouge, LA",852356,403005,363799,1548,181,506,199,6.333333333,6204,72,638,100,5017,377,1238,2310,2656,"Baton Rouge","LA"
"1949",12940,"Baton Rouge, LA",852356,403005,363799,646,14,61,201,9,1262,38,194,449,540,41,284,403,575,"Baton Rouge","LA"
"1950",12940,"Baton Rouge, LA",852356,403005,363799,1911,0,307,410,9.333333333,363,51,127,5,105,75,157,148,58,"Baton Rouge","LA"
"1951",12940,"Baton Rouge, LA",852356,403005,363799,2208,31,502,368,5.833333333,509,408,24,1,46,30,158,285,66,"Baton Rouge","LA"
"1952",12940,"Baton Rouge, LA",852356,403005,363799,917,0,100,172,4,98,5,0,14,79,0,25,55,18,"Baton Rouge","LA"
"1953",12940,"Baton Rouge, LA",852356,403005,363799,2404,141,477,269,9,1957,550,208,58,1000,141,590,868,499,"Baton Rouge","LA"
"1954",12940,"Baton Rouge, LA",852356,403005,363799,1061,27,310,23,7.666666667,184,55,0,113,12,4,38,49,97,"Baton Rouge","LA"
"1955",12940,"Baton Rouge, LA",852356,403005,363799,2267,113,316,264,4.833333333,6542,55,41,250,6194,2,1086,2207,3249,"Baton Rouge","LA"
"1956",12940,"Baton Rouge, LA",852356,403005,363799,2098,254,454,160,8.333333333,905,215,11,255,412,12,318,312,275,"Baton Rouge","LA"
"1957",12940,"Baton Rouge, LA",852356,403005,363799,734,0,61,213,6.333333333,158,7,25,100,26,0,30,61,67,"Baton Rouge","LA"
"1958",12940,"Baton Rouge, LA",852356,403005,363799,2138,0,269,431,6.166666667,528,14,39,77,153,245,218,149,161,"Baton Rouge","LA"
"1959",12940,"Baton Rouge, LA",852356,403005,363799,973,100,118,169,5.666666667,12,12,0,0,0,0,9,3,0,"Baton Rouge","LA"
"1960",12940,"Baton Rouge, LA",852356,403005,363799,7052,0,423,1902,6.833333333,798,164,159,52,166,257,349,283,166,"Baton Rouge","LA"
"1961",12940,"Baton Rouge, LA",852356,403005,363799,4856,0,551,1268,9.166666667,8239,3383,2376,205,918,1357,2914,2679,2646,"Baton Rouge","LA"
"1962",12940,"Baton Rouge, LA",852356,403005,363799,1694,144,385,296,5,152,8,24,0,11,109,105,30,17,"Baton Rouge","LA"
"1963",12940,"Baton Rouge, LA",852356,403005,363799,2026,0,18,552,4.666666667,124,19,2,30,10,63,56,28,40,"Baton Rouge","LA"
"1964",12940,"Baton Rouge, LA",852356,403005,363799,1960,18,65,670,6.5,103,3,26,22,51,1,12,21,70,"Baton Rouge","LA"
"1965",12940,"Baton Rouge, LA",852356,403005,363799,2184,12,495,424,7.833333333,1973,26,473,207,1025,242,569,759,645,"Baton Rouge","LA"
"1966",12940,"Baton Rouge, LA",852356,403005,363799,2566,17,312,590,6.333333333,337,101,11,16,102,107,160,130,47,"Baton Rouge","LA"
"1967",12940,"Baton Rouge, LA",852356,403005,363799,925,0,49,247,7,703,21,31,16,201,434,369,183,151,"Baton Rouge","LA"
"1968",12940,"Baton Rouge, LA",852356,403005,363799,2486,48,274,535,5.666666667,975,98,18,756,73,30,159,407,409,"Baton Rouge","LA"
"1969",12940,"Baton Rouge, LA",852356,403005,363799,1372,51,91,349,2.166666667,23,0,0,2,21,0,6,9,8,"Baton Rouge","LA"
"1970",12940,"Baton Rouge, LA",852356,403005,363799,1486,50,137,476,6.5,610,107,5,87,349,62,239,237,134,"Baton Rouge","LA"
"1971",12940,"Baton Rouge, LA",852356,403005,363799,1297,5,183,262,3.333333333,40,0,0,16,24,0,11,16,13,"Baton Rouge","LA"
"1972",12940,"Baton Rouge, LA",852356,403005,363799,1387,70,257,297,8,593,23,202,158,173,37,184,252,157,"Baton Rouge","LA"
"1973",12940,"Baton Rouge, LA",852356,403005,363799,1037,23,29,348,3,63,0,18,35,0,10,25,21,17,"Baton Rouge","LA"
"1974",12940,"Baton Rouge, LA",852356,403005,363799,3845,0,105,143,5.333333333,1979,53,498,0,1372,56,325,631,1023,"Baton Rouge","LA"
"1975",12940,"Baton Rouge, LA",852356,403005,363799,736,35,130,149,4,272,14,15,12,226,5,54,111,107,"Baton Rouge","LA"
"1976",12940,"Baton Rouge, LA",852356,403005,363799,4364,23,422,1072,7,558,9,33,165,264,87,149,199,210,"Baton Rouge","LA"
"1977",12940,"Baton Rouge, LA",852356,403005,363799,1978,32,223,434,6.833333333,189,17,12,19,60,81,103,53,33,"Baton Rouge","LA"
"1978",12940,"Baton Rouge, LA",852356,403005,363799,1873,9,75,41,3.5,5232,34,168,4552,387,91,278,514,4440,"Baton Rouge","LA"
"1979",12940,"Baton Rouge, LA",852356,403005,363799,3336,0,376,869,7.333333333,383,88,52,54,189,0,140,128,115,"Baton Rouge","LA"
"1980",12940,"Baton Rouge, LA",852356,403005,363799,2351,24,66,631,5,239,22,44,1,23,149,127,74,38,"Baton Rouge","LA"
"1981",12940,"Baton Rouge, LA",852356,403005,363799,2035,18,699,539,9.333333333,2089,830,329,128,228,574,736,772,581,"Baton Rouge","LA"
"1982",12940,"Baton Rouge, LA",852356,403005,363799,1641,0,105,41,10.33333333,1432,10,14,22,747,639,447,475,510,"Baton Rouge","LA"
"1983",12940,"Baton Rouge, LA",852356,403005,363799,2111,10,57,720,6,189,2,10,22,108,47,45,46,98,"Baton Rouge","LA"
"1984",12940,"Baton Rouge, LA",852356,403005,363799,1277,84,112,148,7.833333333,609,17,85,337,166,4,176,229,204,"Baton Rouge","LA"
"1985",12940,"Baton Rouge, LA",852356,403005,363799,4758,12,183,1069,5.333333333,1254,33,41,1005,126,49,123,137,994,"Baton Rouge","LA"
"1986",12940,"Baton Rouge, LA",852356,403005,363799,3310,24,259,690,6.833333333,543,10,2,242,224,65,129,194,220,"Baton Rouge","LA"
"1987",12940,"Baton Rouge, LA",852356,403005,363799,1937,7,114,539,3.166666667,89,1,2,43,43,0,43,24,22,"Baton Rouge","LA"
"1988",12940,"Baton Rouge, LA",852356,403005,363799,2527,23,341,551,8.333333333,1158,179,55,393,449,82,277,260,621,"Baton Rouge","LA"
"1989",12940,"Baton Rouge, LA",852356,403005,363799,1796,0,209,399,7.5,29,1,1,9,18,0,9,9,11,"Baton Rouge","LA"
"1990",12940,"Baton Rouge, LA",852356,403005,363799,2057,21,276,389,4.166666667,212,0,1,37,14,160,105,71,36,"Baton Rouge","LA"
"1991",12940,"Baton Rouge, LA",852356,403005,363799,1810,0,142,488,6,423,4,17,297,93,12,58,112,253,"Baton Rouge","LA"
"1992",12940,"Baton Rouge, LA",852356,403005,363799,1292,117,280,73,6.666666667,0,0,0,0,0,0,0,0,0,"Baton Rouge","LA"
"1993",12940,"Baton Rouge, LA",852356,403005,363799,1531,15,223,392,5.5,86,4,31,0,13,38,45,30,11,"Baton Rouge","LA"
"1994",12940,"Baton Rouge, LA",852356,403005,363799,1794,7,125,241,3.5,660,0,1,649,10,0,27,86,547,"Baton Rouge","LA"
"1995",12940,"Baton Rouge, LA",852356,403005,363799,1201,14,110,268,7,267,96,19,0,124,28,140,96,31,"Baton Rouge","LA"
"1996",12940,"Baton Rouge, LA",852356,403005,363799,691,9,70,187,9.5,492,14,76,54,116,232,194,152,146,"Baton Rouge","LA"
"1997",12940,"Baton Rouge, LA",852356,403005,363799,1036,28,199,146,7.666666667,179,66,13,0,4,96,103,59,17,"Baton Rouge","LA"
"1998",12940,"Baton Rouge, LA",852356,403005,363799,1265,32,146,239,9,5100,2097,91,1866,724,322,1370,1881,1849,"Baton Rouge","LA"
"1999",12940,"Baton Rouge, LA",852356,403005,363799,538,41,113,136,5.666666667,12,5,0,7,0,0,2,6,4,"Baton Rouge","LA"
"2000",12940,"Baton Rouge, LA",852356,403005,363799,842,10,128,100,7.5,344,1,0,240,103,0,44,106,194,"Baton Rouge","LA"
"2001",12940,"Baton Rouge, LA",852356,403005,363799,1498,129,441,177,6.166666667,238,48,15,0,164,11,76,108,54,"Baton Rouge","LA"
"2002",12940,"Baton Rouge, LA",852356,403005,363799,677,29,80,113,6,187,0,9,163,8,7,53,63,71,"Baton Rouge","LA"
"2003",12940,"Baton Rouge, LA",852356,403005,363799,1408,44,300,144,5.333333333,101,38,0,56,0,7,21,32,48,"Baton Rouge","LA"
"2004",12940,"Baton Rouge, LA",852356,403005,363799,780,2,94,158,8.833333333,894,177,53,491,173,0,95,340,459,"Baton Rouge","LA"
"2005",12940,"Baton Rouge, LA",852356,403005,363799,855,70,157,86,7.833333333,82,44,14,0,24,0,25,43,14,"Baton Rouge","LA"
"2006",12940,"Baton Rouge, LA",852356,403005,363799,922,61,73,169,7.5,50,29,0,11,8,2,27,15,8,"Baton Rouge","LA"
"2007",12940,"Baton Rouge, LA",852356,403005,363799,1677,123,237,196,9.666666667,453,45,9,78,306,15,97,89,267,"Baton Rouge","LA"
"2008",12940,"Baton Rouge, LA",852356,403005,363799,1042,47,192,51,9.166666667,81,7,0,0,9,65,50,29,2,"Baton Rouge","LA"
"2009",12940,"Baton Rouge, LA",852356,403005,363799,440,63,128,23,6,0,0,0,0,0,0,0,0,0,"Baton Rouge","LA"
"2010",12940,"Baton Rouge, LA",852356,403005,363799,807,32,164,118,6.833333333,53,1,23,19,10,0,10,19,24,"Baton Rouge","LA"
"2011",12940,"Baton Rouge, LA",852356,403005,363799,898,36,160,172,4.833333333,7,4,0,0,3,0,0,4,3,"Baton Rouge","LA"
"2012",12940,"Baton Rouge, LA",852356,403005,363799,1453,52,175,175,5.666666667,224,15,5,203,1,0,60,94,70,"Baton Rouge","LA"
"2013",12940,"Baton Rouge, LA",852356,403005,363799,1150,57,204,197,5.333333333,58,0,0,0,57,1,2,17,39,"Baton Rouge","LA"
"2014",12940,"Baton Rouge, LA",852356,403005,363799,2120,75,146,288,8.333333333,131,13,17,25,44,32,36,60,35,"Baton Rouge","LA"
"2015",12940,"Baton Rouge, LA",852356,403005,363799,2150,115,470,480,7.333333333,163,17,46,6,64,30,72,55,36,"Baton Rouge","LA"
"2016",12940,"Baton Rouge, LA",852356,403005,363799,783,0,84,152,6.333333333,33,1,0,2,30,0,10,11,12,"Baton Rouge","LA"
"2017",12940,"Baton Rouge, LA",852356,403005,363799,1205,0,144,301,8.833333333,465,184,93,15,167,6,136,189,140,"Baton Rouge","LA"
"2018",12940,"Baton Rouge, LA",852356,403005,363799,1421,88,265,148,7.333333333,284,89,5,40,150,0,71,155,58,"Baton Rouge","LA"
"2019",12940,"Baton Rouge, LA",852356,403005,363799,1680,75,195,287,4.666666667,5,0,0,0,5,0,2,2,1,"Baton Rouge","LA"
"2020",12940,"Baton Rouge, LA",852356,403005,363799,676,14,64,115,6.166666667,47,1,0,0,46,0,10,24,13,"Baton Rouge","LA"
"2021",12940,"Baton Rouge, LA",852356,403005,363799,802,0,146,109,6.5,139,35,0,92,6,6,36,52,51,"Baton Rouge","LA"
"2022",12940,"Baton Rouge, LA",852356,403005,363799,895,115,54,142,9.666666667,171,9,0,0,122,40,66,36,69,"Baton Rouge","LA"
"2023",12940,"Baton Rouge, LA",852356,403005,363799,645,15,129,125,8.666666667,80,4,6,42,28,0,11,33,36,"Baton Rouge","LA"
"2024",12940,"Baton Rouge, LA",852356,403005,363799,1123,10,203,150,4.666666667,3,0,0,3,0,0,2,1,0,"Baton Rouge","LA"
"2025",12940,"Baton Rouge, LA",852356,403005,363799,893,41,173,73,5.166666667,32,5,0,12,15,0,14,15,3,"Baton Rouge","LA"
"2026",12940,"Baton Rouge, LA",852356,403005,363799,1544,88,398,215,8.166666667,295,32,15,141,94,13,57,118,120,"Baton Rouge","LA"
"2027",12940,"Baton Rouge, LA",852356,403005,363799,249,8,54,88,5.5,17,0,0,1,16,0,10,4,3,"Baton Rouge","LA"
"2028",12940,"Baton Rouge, LA",852356,403005,363799,1727,14,275,182,6.333333333,99,41,4,0,49,5,62,28,9,"Baton Rouge","LA"
"2029",12940,"Baton Rouge, LA",852356,403005,363799,781,10,41,189,6.5,7,0,0,4,3,0,4,2,1,"Baton Rouge","LA"
"2030",12940,"Baton Rouge, LA",852356,403005,363799,574,74,67,137,6.333333333,157,3,0,0,154,0,34,68,55,"Baton Rouge","LA"
"2031",12940,"Baton Rouge, LA",852356,403005,363799,2573,53,406,414,3.833333333,3,0,0,2,1,0,0,0,3,"Baton Rouge","LA"
"2032",12940,"Baton Rouge, LA",852356,403005,363799,1931,0,367,240,5.333333333,19,9,0,10,0,0,11,5,3,"Baton Rouge","LA"
"2033",12940,"Baton Rouge, LA",852356,403005,363799,609,0,92,107,3,11,0,0,11,0,0,0,5,6,"Baton Rouge","LA"
"2034",12940,"Baton Rouge, LA",852356,403005,363799,1129,103,174,159,6.666666667,42,21,7,6,8,0,17,14,11,"Baton Rouge","LA"
"2035",12940,"Baton Rouge, LA",852356,403005,363799,1271,49,85,391,6,54,0,1,10,43,0,22,18,14,"Baton Rouge","LA"
"2036",12940,"Baton Rouge, LA",852356,403005,363799,1781,0,259,346,10.16666667,1678,401,65,166,501,545,596,648,434,"Baton Rouge","LA"
"2037",12940,"Baton Rouge, LA",852356,403005,363799,0,0,0,0,4.5,854,15,625,188,8,18,143,250,461,"Baton Rouge","LA"
"2038",12940,"Baton Rouge, LA",852356,403005,363799,815,204,102,61,1.333333333,4,0,3,0,1,0,0,2,2,"Baton Rouge","LA"
"2039",12940,"Baton Rouge, LA",852356,403005,363799,998,0,208,210,9,368,129,48,9,127,55,127,158,83,"Baton Rouge","LA"
"2040",12940,"Baton Rouge, LA",852356,403005,363799,2281,49,396,634,4.166666667,137,27,3,66,25,16,56,52,29,"Baton Rouge","LA"
"2041",12940,"Baton Rouge, LA",852356,403005,363799,901,10,130,166,3.166666667,277,0,0,276,0,1,27,63,187,"Baton Rouge","LA"
"2042",12940,"Baton Rouge, LA",852356,403005,363799,1043,14,210,151,9,110,1,10,17,82,0,31,55,24,"Baton Rouge","LA"
"2043",12940,"Baton Rouge, LA",852356,403005,363799,1580,38,166,331,3.166666667,4123,96,1,3759,80,187,370,369,3384,"Baton Rouge","LA"
"2044",12940,"Baton Rouge, LA",852356,403005,363799,512,12,57,118,3,33,22,0,10,1,0,14,7,12,"Baton Rouge","LA"
"2045",12940,"Baton Rouge, LA",852356,403005,363799,1598,16,311,263,3.333333333,105,0,0,41,64,0,16,40,49,"Baton Rouge","LA"
"2046",12940,"Baton Rouge, LA",852356,403005,363799,982,58,154,195,2.666666667,49,1,0,37,11,0,6,15,28,"Baton Rouge","LA"
"2047",12940,"Baton Rouge, LA",852356,403005,363799,1456,81,210,223,4.5,639,91,10,479,24,35,100,247,292,"Baton Rouge","LA"
"2048",12940,"Baton Rouge, LA",852356,403005,363799,952,11,187,228,2.333333333,54,24,0,29,1,0,26,19,9,"Baton Rouge","LA"
"2049",12940,"Baton Rouge, LA",852356,403005,363799,1312,74,135,191,3.166666667,12,1,2,0,9,0,3,4,5,"Baton Rouge","LA"
"2050",12940,"Baton Rouge, LA",852356,403005,363799,816,75,95,253,3.166666667,59,3,0,36,20,0,8,21,30,"Baton Rouge","LA"
"2051",12940,"Baton Rouge, LA",852356,403005,363799,1652,4,97,417,4.5,97,39,4,18,36,0,32,41,24,"Baton Rouge","LA"
"2052",12940,"Baton Rouge, LA",852356,403005,363799,1131,42,114,250,6.833333333,811,59,85,59,581,27,226,367,218,"Baton Rouge","LA"
"2053",12940,"Baton Rouge, LA",852356,403005,363799,3822,30,814,745,5.833333333,1210,20,5,1,56,1128,210,593,407,"Baton Rouge","LA"
"2054",12940,"Baton Rouge, LA",852356,403005,363799,1304,16,214,344,1.666666667,4,0,0,4,0,0,0,2,2,"Baton Rouge","LA"
"2055",12940,"Baton Rouge, LA",852356,403005,363799,1140,70,78,156,2.166666667,31,0,0,31,0,0,5,18,8,"Baton Rouge","LA"
"2056",12940,"Baton Rouge, LA",852356,403005,363799,1130,22,221,346,5,230,147,25,23,8,27,82,110,38,"Baton Rouge","LA"
"2057",12940,"Baton Rouge, LA",852356,403005,363799,1144,17,106,330,4,182,0,5,65,112,0,80,68,34,"Baton Rouge","LA"
"2058",12940,"Baton Rouge, LA",852356,403005,363799,1609,39,201,374,3.833333333,174,17,3,116,38,0,25,47,102,"Baton Rouge","LA"
"2059",12940,"Baton Rouge, LA",852356,403005,363799,1676,77,308,356,3.5,107,40,0,56,10,1,33,56,18,"Baton Rouge","LA"
"2060",12940,"Baton Rouge, LA",852356,403005,363799,1413,101,171,357,4,428,67,9,318,12,22,93,150,185,"Baton Rouge","LA"
"2061",12940,"Baton Rouge, LA",852356,403005,363799,1634,0,204,292,2,20,3,0,13,4,0,3,5,12,"Baton Rouge","LA"
"2062",12940,"Baton Rouge, LA",852356,403005,363799,2374,96,191,327,2.833333333,129,11,0,86,32,0,21,82,26,"Baton Rouge","LA"
"2063",27140,"Jackson, MS",598355,276712,249537,2727,0,190,767,7.333333333,62,10,5,4,23,20,31,14,17,"Jackson","MS"
"2064",27140,"Jackson, MS",598355,276712,249537,1715,13,367,436,13.33333333,402,28,46,8,271,49,165,112,125,"Jackson","MS"
"2065",27140,"Jackson, MS",598355,276712,249537,2469,38,117,635,4.666666667,421,0,2,7,412,0,163,243,15,"Jackson","MS"
"2066",27140,"Jackson, MS",598355,276712,249537,1344,0,145,363,6.666666667,51,0,17,1,33,0,25,15,11,"Jackson","MS"
"2067",27140,"Jackson, MS",598355,276712,249537,1273,35,78,344,3,40,19,0,14,7,0,18,15,7,"Jackson","MS"
"2068",27140,"Jackson, MS",598355,276712,249537,1147,134,316,211,15.33333333,3941,99,2682,6,1133,21,702,1916,1323,"Jackson","MS"
"2069",27140,"Jackson, MS",598355,276712,249537,1081,100,403,167,15.83333333,543,5,69,86,307,76,89,212,242,"Jackson","MS"
"2070",27140,"Jackson, MS",598355,276712,249537,1188,40,207,158,13.5,66,1,3,0,48,14,37,18,11,"Jackson","MS"
"2071",27140,"Jackson, MS",598355,276712,249537,794,58,212,103,11.33333333,2,0,0,0,2,0,0,0,2,"Jackson","MS"
"2072",27140,"Jackson, MS",598355,276712,249537,190,13,20,55,11.33333333,40,11,0,29,0,0,2,27,11,"Jackson","MS"
"2073",27140,"Jackson, MS",598355,276712,249537,649,38,82,170,10.5,57,12,13,0,32,0,25,25,7,"Jackson","MS"
"2074",27140,"Jackson, MS",598355,276712,249537,461,43,72,88,11.66666667,267,192,27,0,34,14,130,102,35,"Jackson","MS"
"2075",27140,"Jackson, MS",598355,276712,249537,1390,67,253,158,7.833333333,97,7,0,2,88,0,20,37,40,"Jackson","MS"
"2076",27140,"Jackson, MS",598355,276712,249537,982,36,140,240,2.5,266,3,2,261,0,0,10,174,82,"Jackson","MS"
"2077",27140,"Jackson, MS",598355,276712,249537,1362,14,180,371,3.333333333,1073,26,6,926,111,4,267,535,271,"Jackson","MS"
"2078",27140,"Jackson, MS",598355,276712,249537,954,24,61,326,2.666666667,97,0,0,77,10,10,14,50,33,"Jackson","MS"
"2079",27140,"Jackson, MS",598355,276712,249537,701,0,82,174,1,0,0,0,0,0,0,0,0,0,"Jackson","MS"
"2080",27140,"Jackson, MS",598355,276712,249537,1187,21,119,371,2.833333333,65,1,0,40,22,2,18,27,20,"Jackson","MS"
"2081",27140,"Jackson, MS",598355,276712,249537,1745,24,228,377,3.5,1019,49,2,807,3,158,238,594,187,"Jackson","MS"
"2082",27140,"Jackson, MS",598355,276712,249537,688,0,58,184,2.333333333,13,0,0,13,0,0,1,5,7,"Jackson","MS"
"2083",27140,"Jackson, MS",598355,276712,249537,2168,89,299,252,7.833333333,243,31,47,85,47,33,55,127,61,"Jackson","MS"
"2084",27140,"Jackson, MS",598355,276712,249537,1954,46,213,274,15.66666667,792,77,34,218,144,319,377,250,165,"Jackson","MS"
"2085",27140,"Jackson, MS",598355,276712,249537,1390,28,262,165,2.5,33,8,1,4,0,20,12,14,7,"Jackson","MS"
"2086",27140,"Jackson, MS",598355,276712,249537,1154,50,71,61,13.66666667,4856,31,30,1,4657,137,704,1879,2273,"Jackson","MS"
"2087",27140,"Jackson, MS",598355,276712,249537,355,32,56,111,10,936,24,754,110,15,33,128,421,387,"Jackson","MS"
"2088",27140,"Jackson, MS",598355,276712,249537,823,16,127,142,9.5,6,3,0,0,3,0,5,1,0,"Jackson","MS"
"2089",27140,"Jackson, MS",598355,276712,249537,873,0,111,176,8.666666667,0,0,0,0,0,0,0,0,0,"Jackson","MS"
"2090",27140,"Jackson, MS",598355,276712,249537,1816,35,219,348,10.33333333,18,0,18,0,0,0,1,16,1,"Jackson","MS"
"2091",27140,"Jackson, MS",598355,276712,249537,710,37,102,165,10.66666667,42,5,0,0,37,0,7,24,11,"Jackson","MS"
"2092",27140,"Jackson, MS",598355,276712,249537,2084,90,215,282,12.5,238,132,20,0,47,39,139,75,24,"Jackson","MS"
"2093",27140,"Jackson, MS",598355,276712,249537,722,39,149,34,14,121,23,7,0,30,61,79,29,13,"Jackson","MS"
"2094",27140,"Jackson, MS",598355,276712,249537,1052,0,226,221,14.66666667,984,103,421,9,326,125,245,456,283,"Jackson","MS"
"2095",27140,"Jackson, MS",598355,276712,249537,2593,6,113,700,4.5,163,0,4,21,27,111,63,52,48,"Jackson","MS"
"2096",27140,"Jackson, MS",598355,276712,249537,3439,145,528,399,3,4,0,4,0,0,0,0,4,0,"Jackson","MS"
"2097",27140,"Jackson, MS",598355,276712,249537,691,105,170,80,6.5,140,14,8,57,0,61,57,40,43,"Jackson","MS"
"2098",27140,"Jackson, MS",598355,276712,249537,1569,38,192,299,8.333333333,299,165,19,19,88,8,126,111,62,"Jackson","MS"
"2099",27140,"Jackson, MS",598355,276712,249537,1386,5,204,367,1.5,24,20,3,1,0,0,7,14,3,"Jackson","MS"
"2100",27140,"Jackson, MS",598355,276712,249537,2597,0,250,700,5.5,188,2,5,6,175,0,116,49,23,"Jackson","MS"
"2101",27140,"Jackson, MS",598355,276712,249537,1739,0,153,500,5.333333333,81,4,35,14,14,14,24,27,30,"Jackson","MS"
"2102",27140,"Jackson, MS",598355,276712,249537,1217,0,217,134,6,18,12,0,0,3,3,5,10,3,"Jackson","MS"
"2103",27140,"Jackson, MS",598355,276712,249537,808,20,111,142,9.666666667,468,20,215,124,66,43,125,251,92,"Jackson","MS"
"2104",27140,"Jackson, MS",598355,276712,249537,1254,0,362,316,10.5,1108,155,93,74,595,191,418,346,344,"Jackson","MS"
"2105",27140,"Jackson, MS",598355,276712,249537,2039,9,475,474,7.333333333,355,80,25,4,141,105,115,172,68,"Jackson","MS"
"2106",27140,"Jackson, MS",598355,276712,249537,2246,38,295,552,5.166666667,43,0,24,11,8,0,4,27,12,"Jackson","MS"
"2107",27140,"Jackson, MS",598355,276712,249537,1360,5,140,366,7.333333333,149,0,25,3,12,109,86,42,21,"Jackson","MS"
"2108",27140,"Jackson, MS",598355,276712,249537,1891,25,406,396,11.16666667,938,128,174,47,360,229,307,355,276,"Jackson","MS"
"2109",27140,"Jackson, MS",598355,276712,249537,776,8,107,177,10.66666667,2465,288,807,637,503,230,610,943,912,"Jackson","MS"
"2110",27140,"Jackson, MS",598355,276712,249537,817,0,68,20,9.666666667,345,1,0,0,326,18,97,134,114,"Jackson","MS"
"2111",27140,"Jackson, MS",598355,276712,249537,1246,0,146,301,9.166666667,4098,2082,72,386,777,781,1779,1548,771,"Jackson","MS"
"2112",27140,"Jackson, MS",598355,276712,249537,329,69,39,64,11.83333333,889,65,506,16,247,55,197,277,415,"Jackson","MS"
"2113",27140,"Jackson, MS",598355,276712,249537,1448,35,297,155,9.833333333,26,6,4,0,16,0,16,8,2,"Jackson","MS"
"2114",27140,"Jackson, MS",598355,276712,249537,1727,8,238,257,10.16666667,26,2,0,0,24,0,16,9,1,"Jackson","MS"
"2115",27140,"Jackson, MS",598355,276712,249537,954,49,63,193,11.33333333,0,0,0,0,0,0,0,0,0,"Jackson","MS"
"2116",27140,"Jackson, MS",598355,276712,249537,819,0,173,176,9.333333333,10,0,0,10,0,0,1,7,2,"Jackson","MS"
"2117",27140,"Jackson, MS",598355,276712,249537,711,69,114,120,8.833333333,6,0,0,0,6,0,5,1,0,"Jackson","MS"
"2118",27140,"Jackson, MS",598355,276712,249537,1310,0,92,269,10.5,83,0,0,1,82,0,29,42,12,"Jackson","MS"
"2119",27140,"Jackson, MS",598355,276712,249537,1160,0,211,174,10.5,163,9,7,93,54,0,33,74,56,"Jackson","MS"
"2120",27140,"Jackson, MS",598355,276712,249537,451,21,22,74,9.666666667,1411,95,45,955,312,4,113,490,808,"Jackson","MS"
"2121",27140,"Jackson, MS",598355,276712,249537,769,26,116,104,14.16666667,71,21,8,0,42,0,28,29,14,"Jackson","MS"
"2122",27140,"Jackson, MS",598355,276712,249537,1118,25,202,171,9.833333333,9,0,0,0,9,0,8,1,0,"Jackson","MS"
"2123",27140,"Jackson, MS",598355,276712,249537,1435,72,81,324,10,14,0,11,1,2,0,0,14,0,"Jackson","MS"
"2124",27140,"Jackson, MS",598355,276712,249537,1158,115,153,169,13.5,488,49,37,10,338,54,139,208,141,"Jackson","MS"
"2125",27140,"Jackson, MS",598355,276712,249537,488,37,89,97,10,5,3,0,0,2,0,3,2,0,"Jackson","MS"
"2126",27140,"Jackson, MS",598355,276712,249537,1143,49,265,136,10.5,154,0,1,5,146,2,63,69,22,"Jackson","MS"
"2127",27140,"Jackson, MS",598355,276712,249537,749,10,86,207,7,248,11,107,92,38,0,37,113,98,"Jackson","MS"
"2128",27140,"Jackson, MS",598355,276712,249537,3100,34,372,722,4.333333333,171,9,3,65,94,0,46,84,41,"Jackson","MS"
"2129",27140,"Jackson, MS",598355,276712,249537,2974,163,266,588,5.166666667,257,69,5,36,147,0,52,84,121,"Jackson","MS"
"2130",27140,"Jackson, MS",598355,276712,249537,1437,0,191,432,15.16666667,1319,233,72,9,640,365,603,525,191,"Jackson","MS"
"2131",27140,"Jackson, MS",598355,276712,249537,1160,106,266,186,5.166666667,16863,40,1058,60,15622,83,1718,5780,9365,"Jackson","MS"
"2132",27140,"Jackson, MS",598355,276712,249537,571,0,256,103,15.16666667,543,0,9,8,303,223,170,270,103,"Jackson","MS"
"2133",27140,"Jackson, MS",598355,276712,249537,862,0,72,144,17.83333333,970,7,90,0,709,164,271,328,371,"Jackson","MS"
"2134",27140,"Jackson, MS",598355,276712,249537,470,56,81,75,17.33333333,414,44,44,68,95,163,149,181,84,"Jackson","MS"
"2135",27140,"Jackson, MS",598355,276712,249537,508,12,46,86,15.33333333,79,12,3,30,34,0,21,42,16,"Jackson","MS"
"2136",27140,"Jackson, MS",598355,276712,249537,732,30,143,67,15.5,239,24,0,98,116,1,45,107,87,"Jackson","MS"
"2137",27140,"Jackson, MS",598355,276712,249537,582,51,115,74,9.5,5278,318,72,733,4147,8,2604,2009,665,"Jackson","MS"
"2138",27140,"Jackson, MS",598355,276712,249537,870,18,154,82,13,19,0,13,0,0,6,6,10,3,"Jackson","MS"
"2139",27140,"Jackson, MS",598355,276712,249537,1444,13,109,457,2,32,0,0,23,9,0,11,13,8,"Jackson","MS"
"2140",27140,"Jackson, MS",598355,276712,249537,1757,0,178,443,5.166666667,27,0,3,6,10,8,9,11,7,"Jackson","MS"
"2141",27140,"Jackson, MS",598355,276712,249537,2439,38,292,596,5.833333333,4666,167,352,3330,380,437,1218,1400,2048,"Jackson","MS"
"2142",27140,"Jackson, MS",598355,276712,249537,5171,50,547,1467,7.333333333,548,101,41,121,187,98,231,215,102,"Jackson","MS"
"2143",27140,"Jackson, MS",598355,276712,249537,2157,0,168,717,5.833333333,374,139,31,125,38,41,118,168,88,"Jackson","MS"
"2144",27140,"Jackson, MS",598355,276712,249537,2850,21,132,797,2.5,35,0,0,23,12,0,13,13,9,"Jackson","MS"
"2145",27140,"Jackson, MS",598355,276712,249537,3794,0,414,996,7.5,666,226,25,19,221,175,330,257,79,"Jackson","MS"
"2146",27140,"Jackson, MS",598355,276712,249537,1409,0,211,326,3.166666667,62,7,1,24,27,3,22,34,6,"Jackson","MS"
"2147",27140,"Jackson, MS",598355,276712,249537,1034,20,183,246,1.833333333,67,1,0,63,3,0,22,35,10,"Jackson","MS"
"2148",27140,"Jackson, MS",598355,276712,249537,812,0,12,236,4.166666667,252,0,8,224,20,0,15,106,131,"Jackson","MS"
"2149",27140,"Jackson, MS",598355,276712,249537,2732,72,246,709,5.5,246,0,35,99,96,16,60,100,86,"Jackson","MS"
"2150",27140,"Jackson, MS",598355,276712,249537,1490,126,37,288,4.666666667,745,0,11,32,702,0,403,273,69,"Jackson","MS"
"2151",27140,"Jackson, MS",598355,276712,249537,566,7,154,128,11.83333333,32,2,0,0,12,18,21,10,1,"Jackson","MS"
"2152",27140,"Jackson, MS",598355,276712,249537,1471,38,199,354,6.166666667,318,40,16,221,41,0,50,111,157,"Jackson","MS"
"2153",27140,"Jackson, MS",598355,276712,249537,4454,14,74,89,4.166666667,219,16,0,182,21,0,23,81,115,"Jackson","MS"
"2154",27140,"Jackson, MS",598355,276712,249537,1740,0,161,471,5.166666667,112,32,16,35,29,0,38,52,22,"Jackson","MS"
"2155",27140,"Jackson, MS",598355,276712,249537,1244,18,136,181,9.5,1038,87,443,61,434,13,183,545,310,"Jackson","MS"
"2156",27140,"Jackson, MS",598355,276712,249537,1222,39,143,327,4.166666667,280,0,0,280,0,0,6,13,261,"Jackson","MS"
"2157",27140,"Jackson, MS",598355,276712,249537,2634,35,156,509,7.333333333,247,48,30,35,121,13,100,83,64,"Jackson","MS"
"2158",27140,"Jackson, MS",598355,276712,249537,834,23,102,151,4.5,69,7,5,39,18,0,15,38,16,"Jackson","MS"
"2159",27140,"Jackson, MS",598355,276712,249537,1102,77,116,143,7,1007,88,76,689,139,15,196,305,506,"Jackson","MS"
"2160",27140,"Jackson, MS",598355,276712,249537,1608,67,232,138,5.5,207,0,11,0,196,0,49,83,75,"Jackson","MS"
"2161",27140,"Jackson, MS",598355,276712,249537,726,0,140,138,5.833333333,206,1,5,9,146,45,95,88,23,"Jackson","MS"
"2162",27140,"Jackson, MS",598355,276712,249537,1178,0,13,384,2,29,1,0,19,9,0,5,12,12,"Jackson","MS"
"2163",27140,"Jackson, MS",598355,276712,249537,883,0,82,246,4.666666667,134,51,0,10,4,69,80,21,33,"Jackson","MS"
"2164",27140,"Jackson, MS",598355,276712,249537,1102,24,110,214,3.333333333,10,0,6,4,0,0,5,5,0,"Jackson","MS"
"2165",27140,"Jackson, MS",598355,276712,249537,3143,73,204,440,7,1656,45,25,602,867,117,428,530,698,"Jackson","MS"
"2166",27140,"Jackson, MS",598355,276712,249537,1476,15,96,386,5.5,306,42,8,181,75,0,54,130,122,"Jackson","MS"
"2167",27140,"Jackson, MS",598355,276712,249537,1525,72,158,364,3.833333333,115,0,8,33,71,3,22,38,55,"Jackson","MS"
"2168",27140,"Jackson, MS",598355,276712,249537,1648,15,65,499,6.333333333,484,16,13,28,332,95,136,94,254,"Jackson","MS"
"2169",27140,"Jackson, MS",598355,276712,249537,959,0,17,262,7.833333333,4,0,0,2,2,0,2,2,0,"Jackson","MS"
"2170",27140,"Jackson, MS",598355,276712,249537,1038,0,81,281,2.5,27,0,2,19,6,0,6,15,6,"Jackson","MS"
"2171",27140,"Jackson, MS",598355,276712,249537,1169,0,101,288,9,0,0,0,0,0,0,0,0,0,"Jackson","MS"
"2172",27140,"Jackson, MS",598355,276712,249537,618,12,120,84,12.16666667,132,0,0,0,132,0,36,73,23,"Jackson","MS"
"2173",27140,"Jackson, MS",598355,276712,249537,1753,3,311,251,11.16666667,102,0,39,0,63,0,18,39,45,"Jackson","MS"
"2174",27140,"Jackson, MS",598355,276712,249537,1863,16,111,622,3.833333333,265,6,15,166,39,39,69,103,93,"Jackson","MS"
"2175",27140,"Jackson, MS",598355,276712,249537,861,17,103,137,4.666666667,286,0,2,3,280,1,65,156,65,"Jackson","MS"
"2176",27140,"Jackson, MS",598355,276712,249537,1580,36,158,348,7.833333333,28,10,0,0,18,0,14,11,3,"Jackson","MS"
"2177",27140,"Jackson, MS",598355,276712,249537,941,44,75,292,6.666666667,5,4,0,1,0,0,4,1,0,"Jackson","MS"
"2178",27140,"Jackson, MS",598355,276712,249537,1614,78,124,440,8.833333333,422,96,37,8,170,111,207,154,61,"Jackson","MS"
"2179",27140,"Jackson, MS",598355,276712,249537,873,17,126,221,6,540,7,20,51,435,27,304,184,52,"Jackson","MS"
"2180",27140,"Jackson, MS",598355,276712,249537,1165,31,173,187,10.66666667,161,25,3,0,5,128,124,32,5,"Jackson","MS"
"2181",27140,"Jackson, MS",598355,276712,249537,452,8,76,133,6.5,101,9,5,27,60,0,31,49,21,"Jackson","MS"
"2182",27140,"Jackson, MS",598355,276712,249537,2886,30,363,443,4.833333333,150,105,2,0,2,41,108,34,8,"Jackson","MS"
"2183",27140,"Jackson, MS",598355,276712,249537,1496,0,126,384,4.5,90,0,0,7,81,2,35,44,11,"Jackson","MS"
"2184",27140,"Jackson, MS",598355,276712,249537,1198,23,162,299,14.16666667,3423,1267,354,91,890,821,1283,1203,937,"Jackson","MS"
"2185",27140,"Jackson, MS",598355,276712,249537,1463,47,138,307,9.333333333,35,0,1,0,33,1,25,6,4,"Jackson","MS"
"2186",27140,"Jackson, MS",598355,276712,249537,2843,164,616,365,14.16666667,3054,409,1528,324,417,376,713,1263,1078,"Jackson","MS"
"2187",27140,"Jackson, MS",598355,276712,249537,696,0,118,157,11.16666667,922,176,11,598,39,98,122,217,583,"Jackson","MS"
"2188",27140,"Jackson, MS",598355,276712,249537,1350,49,302,316,9.333333333,17,6,4,0,7,0,7,10,0,"Jackson","MS"
"2189",27140,"Jackson, MS",598355,276712,249537,1275,16,166,360,3,39,7,0,21,1,10,8,23,8,"Jackson","MS"
"2190",27140,"Jackson, MS",598355,276712,249537,1200,21,158,139,6.833333333,103,0,0,35,68,0,32,42,29,"Jackson","MS"
"2191",27140,"Jackson, MS",598355,276712,249537,1446,7,79,281,8.833333333,401,53,116,18,201,13,124,164,113,"Jackson","MS"
"2192",27140,"Jackson, MS",598355,276712,249537,1380,47,221,211,8.333333333,678,79,89,25,456,29,190,283,205,"Jackson","MS"
"2193",27140,"Jackson, MS",598355,276712,249537,947,21,101,244,6.333333333,233,17,97,84,23,12,61,119,53,"Jackson","MS"
"2194",27140,"Jackson, MS",598355,276712,249537,1216,121,62,225,1.666666667,16,0,0,16,0,0,3,9,4,"Jackson","MS"
"2195",27140,"Jackson, MS",598355,276712,249537,828,27,166,128,4.666666667,105,15,8,8,74,0,24,60,21,"Jackson","MS"
"2196",27140,"Jackson, MS",598355,276712,249537,1304,11,144,237,2.166666667,84,1,0,2,72,9,26,29,29,"Jackson","MS"
"2197",27140,"Jackson, MS",598355,276712,249537,996,0,67,241,2,11,0,0,10,1,0,5,6,0,"Jackson","MS"
"2198",27140,"Jackson, MS",598355,276712,249537,566,73,19,129,6,115,0,3,1,111,0,24,60,31,"Jackson","MS"
"2199",27140,"Jackson, MS",598355,276712,249537,73,0,5,20,6.666666667,235,20,128,58,29,0,104,77,54,"Jackson","MS"
"2200",27140,"Jackson, MS",598355,276712,249537,839,43,205,129,8.5,1611,172,45,32,1073,289,719,718,174,"Jackson","MS"
"2201",27140,"Jackson, MS",598355,276712,249537,596,32,74,118,2.833333333,37,0,0,1,0,36,32,3,2,"Jackson","MS"
"2202",27140,"Jackson, MS",598355,276712,249537,1492,53,19,357,4.333333333,1020,8,4,148,813,47,281,652,87,"Jackson","MS"
"2203",27140,"Jackson, MS",598355,276712,249537,1127,15,96,262,2.166666667,28,0,0,28,0,0,5,6,17,"Jackson","MS"
"2204",27140,"Jackson, MS",598355,276712,249537,921,0,45,302,1.5,10,0,1,8,1,0,2,7,1,"Jackson","MS"
"2205",27140,"Jackson, MS",598355,276712,249537,5092,24,827,1291,7.666666667,1018,251,57,111,236,363,523,315,180,"Jackson","MS"
"2206",27140,"Jackson, MS",598355,276712,249537,1647,0,471,380,8.5,9497,560,2093,797,5183,864,2303,3196,3998,"Jackson","MS"
"2207",27140,"Jackson, MS",598355,276712,249537,2222,0,127,608,4.833333333,576,508,39,11,18,0,115,382,79,"Jackson","MS"
"2208",27140,"Jackson, MS",598355,276712,249537,1954,74,428,339,9,3071,831,449,277,1111,403,841,1073,1157,"Jackson","MS"
"2209",27140,"Jackson, MS",598355,276712,249537,698,0,129,261,8.5,170,2,79,3,8,78,61,70,39,"Jackson","MS"
"2210",27140,"Jackson, MS",598355,276712,249537,2227,0,242,552,5.166666667,303,21,3,43,236,0,119,115,69,"Jackson","MS"
"2211",27140,"Jackson, MS",598355,276712,249537,3907,34,543,1054,9.166666667,2872,1051,166,366,349,940,1274,1009,589,"Jackson","MS"
"2212",27140,"Jackson, MS",598355,276712,249537,681,11,39,255,5,8,0,1,6,1,0,4,2,2,"Jackson","MS"
"2213",27140,"Jackson, MS",598355,276712,249537,3443,56,123,988,7.166666667,928,227,7,122,519,53,342,310,276,"Jackson","MS"
"2214",27140,"Jackson, MS",598355,276712,249537,3023,0,268,922,5.666666667,136,20,17,33,66,0,51,47,38,"Jackson","MS"
"2215",27140,"Jackson, MS",598355,276712,249537,767,19,83,244,3.5,93,0,0,87,6,0,15,53,25,"Jackson","MS"
"2216",27140,"Jackson, MS",598355,276712,249537,675,20,96,106,7.5,265,131,74,51,9,0,63,158,44,"Jackson","MS"
"2217",27140,"Jackson, MS",598355,276712,249537,1853,0,97,507,7.166666667,582,384,30,12,53,103,277,220,85,"Jackson","MS"
"2218",27140,"Jackson, MS",598355,276712,249537,2287,44,374,554,9.666666667,629,108,59,30,321,111,210,258,161,"Jackson","MS"
"2219",27140,"Jackson, MS",598355,276712,249537,2180,0,37,755,6,160,0,75,52,33,0,37,49,74,"Jackson","MS"
"2220",27140,"Jackson, MS",598355,276712,249537,1464,0,25,420,6.333333333,63,15,22,6,20,0,23,19,21,"Jackson","MS"
"2221",27140,"Jackson, MS",598355,276712,249537,1842,45,191,514,8.333333333,3195,1325,91,111,1395,273,1052,1748,395,"Jackson","MS"
"2222",27140,"Jackson, MS",598355,276712,249537,1064,0,431,65,7.5,262,14,20,0,19,209,120,116,26,"Jackson","MS"
"2223",27140,"Jackson, MS",598355,276712,249537,1348,44,101,383,3.666666667,1942,51,13,109,1717,52,283,559,1100,"Jackson","MS"
"2224",27140,"Jackson, MS",598355,276712,249537,744,0,126,232,6.5,221,6,3,27,89,96,113,83,25,"Jackson","MS"
"2225",27140,"Jackson, MS",598355,276712,249537,703,0,272,135,3.666666667,13,0,13,0,0,0,1,8,4,"Jackson","MS"
"2226",27140,"Jackson, MS",598355,276712,249537,1135,0,158,250,9.5,1664,233,57,183,992,199,439,706,519,"Jackson","MS"
"2227",27140,"Jackson, MS",598355,276712,249537,632,10,127,170,5.833333333,34,0,0,0,8,26,20,9,5,"Jackson","MS"
"2228",27140,"Jackson, MS",598355,276712,249537,1817,141,133,327,6.166666667,112,60,0,4,27,21,40,44,28,"Jackson","MS"
"2229",27140,"Jackson, MS",598355,276712,249537,1135,14,71,405,2.833333333,48,11,0,28,9,0,17,22,9,"Jackson","MS"
"2230",27140,"Jackson, MS",598355,276712,249537,1787,12,424,214,16,1823,200,905,245,243,230,491,872,460,"Jackson","MS"
"2231",27140,"Jackson, MS",598355,276712,249537,696,0,147,162,7,96,13,4,0,36,43,40,44,12,"Jackson","MS"
"2232",27140,"Jackson, MS",598355,276712,249537,2225,52,712,353,8.833333333,1213,50,123,19,781,240,441,437,335,"Jackson","MS"
"2233",27140,"Jackson, MS",598355,276712,249537,608,0,58,243,5.333333333,312,6,77,4,181,44,126,154,32,"Jackson","MS"
"2234",27140,"Jackson, MS",598355,276712,249537,1508,14,110,439,2.666666667,161,7,3,21,130,0,50,95,16,"Jackson","MS"
"2235",27140,"Jackson, MS",598355,276712,249537,1528,15,219,363,1.166666667,9,9,0,0,0,0,5,4,0,"Jackson","MS"
"2236",27140,"Jackson, MS",598355,276712,249537,1707,9,177,467,8.5,2446,149,367,908,579,443,695,881,870,"Jackson","MS"
"2237",27140,"Jackson, MS",598355,276712,249537,1402,16,317,309,1.833333333,40,6,0,32,2,0,15,13,12,"Jackson","MS"
"2238",27140,"Jackson, MS",598355,276712,249537,550,4,77,104,1.166666667,5,5,0,0,0,0,4,1,0,"Jackson","MS"
"2239",27140,"Jackson, MS",598355,276712,249537,1127,0,188,185,2.166666667,30,0,0,19,11,0,6,18,6,"Jackson","MS"
"2240",27140,"Jackson, MS",598355,276712,249537,632,52,112,118,4.833333333,190,0,4,57,121,8,50,90,50,"Jackson","MS"
"2241",27140,"Jackson, MS",598355,276712,249537,1953,208,172,196,5.5,392,2,9,58,323,0,79,149,164,"Jackson","MS"
"2242",27140,"Jackson, MS",598355,276712,249537,1421,30,128,350,11.16666667,104,60,11,6,27,0,35,55,14,"Jackson","MS"
"2243",27140,"Jackson, MS",598355,276712,249537,897,52,235,189,13.33333333,104,9,21,5,50,19,19,58,27,"Jackson","MS"
"2244",27140,"Jackson, MS",598355,276712,249537,476,11,100,106,10,14,0,0,2,12,0,9,4,1,"Jackson","MS"
"2245",27140,"Jackson, MS",598355,276712,249537,1086,0,97,257,1.833333333,18,0,0,17,1,0,6,11,1,"Jackson","MS"
"2246",27140,"Jackson, MS",598355,276712,249537,546,0,135,118,5.666666667,110,33,7,7,11,52,64,37,9,"Jackson","MS"
"2247",27140,"Jackson, MS",598355,276712,249537,554,0,121,94,5.666666667,7,1,0,0,0,6,6,1,0,"Jackson","MS"
"2248",27140,"Jackson, MS",598355,276712,249537,1382,0,157,379,2.833333333,95,40,4,49,2,0,39,40,16,"Jackson","MS"
"2249",27140,"Jackson, MS",598355,276712,249537,1139,72,126,116,9.5,516,0,28,0,488,0,147,247,122,"Jackson","MS"
"2250",27140,"Jackson, MS",598355,276712,249537,1491,0,155,474,3.833333333,130,25,3,43,59,0,44,71,15,"Jackson","MS"
"2251",27140,"Jackson, MS",598355,276712,249537,627,16,126,129,3.166666667,112,1,0,111,0,0,10,32,70,"Jackson","MS"
"2252",27140,"Jackson, MS",598355,276712,249537,679,0,63,140,2.666666667,386,12,1,354,4,15,72,266,48,"Jackson","MS"
"2253",27140,"Jackson, MS",598355,276712,249537,1667,56,180,263,9,0,0,0,0,0,0,0,0,0,"Jackson","MS"
"2254",27140,"Jackson, MS",598355,276712,249537,2458,34,306,667,6.666666667,403,22,3,0,301,77,277,107,19,"Jackson","MS"
"2255",27140,"Jackson, MS",598355,276712,249537,678,0,117,157,3,0,0,0,0,0,0,0,0,0,"Jackson","MS"
"2256",27140,"Jackson, MS",598355,276712,249537,1615,7,200,491,4.833333333,42,0,0,0,4,38,30,7,5,"Jackson","MS"
"2257",27140,"Jackson, MS",598355,276712,249537,2076,9,233,376,9.333333333,871,36,72,43,637,83,226,313,332,"Jackson","MS"
"2258",27140,"Jackson, MS",598355,276712,249537,289,0,55,24,6.166666667,528,5,3,298,222,0,159,184,185,"Jackson","MS"
"2259",27140,"Jackson, MS",598355,276712,249537,1612,19,252,239,8.833333333,136,16,8,1,107,4,46,61,29,"Jackson","MS"
"2260",27140,"Jackson, MS",598355,276712,249537,1123,69,209,122,10.33333333,302,0,16,26,260,0,117,93,92,"Jackson","MS"
"2261",27140,"Jackson, MS",598355,276712,249537,1487,28,263,245,6.833333333,212,6,12,19,114,61,84,106,22,"Jackson","MS"
"2262",27140,"Jackson, MS",598355,276712,249537,516,40,84,135,7.5,79,27,4,1,47,0,27,31,21,"Jackson","MS"
"2263",27140,"Jackson, MS",598355,276712,249537,1651,74,303,161,4.666666667,192,26,2,160,4,0,25,43,124,"Jackson","MS"
"2264",27140,"Jackson, MS",598355,276712,249537,850,35,140,160,9.333333333,898,297,83,79,182,257,458,306,134,"Jackson","MS"
"2265",27140,"Jackson, MS",598355,276712,249537,1516,17,41,386,4,75,1,0,3,69,2,61,13,1,"Jackson","MS"
"2266",27140,"Jackson, MS",598355,276712,249537,1745,0,145,500,4.5,92,7,0,69,16,0,28,52,12,"Jackson","MS"
"2267",27140,"Jackson, MS",598355,276712,249537,1169,59,132,278,2.333333333,142,0,0,6,133,3,35,48,59,"Jackson","MS"
"2268",27140,"Jackson, MS",598355,276712,249537,528,58,90,97,12.33333333,0,0,0,0,0,0,0,0,0,"Jackson","MS"
"2269",27140,"Jackson, MS",598355,276712,249537,1078,127,211,113,13.83333333,982,116,146,58,566,96,333,403,246,"Jackson","MS"
"2270",27140,"Jackson, MS",598355,276712,249537,805,67,194,110,10.5,161,0,0,26,130,5,39,68,54,"Jackson","MS"
"2271",27140,"Jackson, MS",598355,276712,249537,1377,27,324,44,10.66666667,12,0,12,0,0,0,4,7,1,"Jackson","MS"
"2272",27140,"Jackson, MS",598355,276712,249537,691,18,80,170,12.33333333,14,10,0,0,4,0,11,3,0,"Jackson","MS"
"2273",27140,"Jackson, MS",598355,276712,249537,1140,44,146,208,11.33333333,913,0,0,867,46,0,105,361,447,"Jackson","MS"
"2274",27140,"Jackson, MS",598355,276712,249537,1510,64,312,210,10.16666667,13,1,0,0,12,0,7,2,4,"Jackson","MS"
"2275",27140,"Jackson, MS",598355,276712,249537,439,22,140,82,12.16666667,30,24,2,4,0,0,21,7,2,"Jackson","MS"
"2276",27140,"Jackson, MS",598355,276712,249537,534,59,128,62,15.33333333,1339,216,523,281,149,170,371,534,434,"Jackson","MS"
"2277",27140,"Jackson, MS",598355,276712,249537,1626,21,241,217,8.333333333,0,0,0,0,0,0,0,0,0,"Jackson","MS"
"2278",27140,"Jackson, MS",598355,276712,249537,1838,15,355,258,11,9,4,0,0,5,0,3,6,0,"Jackson","MS"
"2279",27140,"Jackson, MS",598355,276712,249537,1017,23,127,140,11.33333333,37,7,0,12,18,0,7,17,13,"Jackson","MS"
"2280",27140,"Jackson, MS",598355,276712,249537,1013,0,189,128,9.333333333,21,0,0,0,21,0,12,8,1,"Jackson","MS"
"2281",27140,"Jackson, MS",598355,276712,249537,1181,0,106,211,12.66666667,158,33,26,0,68,31,65,66,27,"Jackson","MS"
"2282",27140,"Jackson, MS",598355,276712,249537,726,23,46,143,9.333333333,20,0,0,15,5,0,2,8,10,"Jackson","MS"
"2283",27140,"Jackson, MS",598355,276712,249537,1011,0,314,231,13.5,119,34,13,18,16,38,39,50,30,"Jackson","MS"
"2284",27140,"Jackson, MS",598355,276712,249537,1120,37,208,324,11.83333333,25,10,0,4,11,0,14,7,4,"Jackson","MS"
"2285",27140,"Jackson, MS",598355,276712,249537,1125,32,125,174,11.83333333,10,7,2,0,1,0,8,2,0,"Jackson","MS"
"2286",27140,"Jackson, MS",598355,276712,249537,1604,0,215,262,15,466,41,24,38,270,93,150,209,107,"Jackson","MS"
"2287",27140,"Jackson, MS",598355,276712,249537,1666,0,203,227,9.833333333,1335,3,14,19,1299,0,281,497,557,"Jackson","MS"
"2288",27140,"Jackson, MS",598355,276712,249537,791,11,100,153,8.5,404,12,243,12,134,3,95,216,93,"Jackson","MS"
"2289",27140,"Jackson, MS",598355,276712,249537,952,42,104,165,6,8,4,4,0,0,0,4,4,0,"Jackson","MS"
"2290",27140,"Jackson, MS",598355,276712,249537,1171,115,124,176,4.333333333,94,14,3,63,14,0,36,29,29,"Jackson","MS"
"2291",27140,"Jackson, MS",598355,276712,249537,1234,51,104,118,5,332,1,22,0,290,19,104,106,122,"Jackson","MS"
"2292",27140,"Jackson, MS",598355,276712,249537,944,48,137,166,3.5,58,2,7,49,0,0,12,15,31,"Jackson","MS"
"2293",27140,"Jackson, MS",598355,276712,249537,344,7,60,62,6,396,36,3,265,92,0,50,159,187,"Jackson","MS"
"2294",27140,"Jackson, MS",598355,276712,249537,1231,0,56,336,4.333333333,163,2,23,4,134,0,37,68,58,"Jackson","MS"
"2295",27140,"Jackson, MS",598355,276712,249537,1128,26,162,183,9.5,477,150,23,6,223,75,208,178,91,"Jackson","MS"
"2296",27140,"Jackson, MS",598355,276712,249537,1405,101,198,178,2,85,71,3,1,0,10,49,29,7,"Jackson","MS"
"2297",27140,"Jackson, MS",598355,276712,249537,1581,41,217,240,2.333333333,8,0,3,4,1,0,3,3,2,"Jackson","MS"
"2298",27140,"Jackson, MS",598355,276712,249537,1077,58,114,199,1,0,0,0,0,0,0,0,0,0,"Jackson","MS"
"2299",27140,"Jackson, MS",598355,276712,249537,712,68,125,91,5.5,63,12,22,21,8,0,15,39,9,"Jackson","MS"
"2300",27140,"Jackson, MS",598355,276712,249537,1063,40,82,163,8.5,487,87,55,22,320,3,155,238,94,"Jackson","MS"
"2301",27140,"Jackson, MS",598355,276712,249537,562,27,70,104,4.666666667,284,9,6,183,86,0,57,178,49,"Jackson","MS"
"2302",27140,"Jackson, MS",598355,276712,249537,919,6,328,153,3.666666667,229,21,10,22,173,3,60,119,50,"Jackson","MS"
"2303",27140,"Jackson, MS",598355,276712,249537,544,31,106,113,1.5,16,2,0,14,0,0,2,10,4,"Jackson","MS"
"2304",27140,"Jackson, MS",598355,276712,249537,658,16,80,159,2,14,0,1,11,0,2,6,7,1,"Jackson","MS"
"2305",27140,"Jackson, MS",598355,276712,249537,710,71,142,138,9.166666667,7,0,3,0,4,0,3,3,1,"Jackson","MS"
"2306",27140,"Jackson, MS",598355,276712,249537,1492,66,232,319,9.166666667,12,7,0,0,5,0,4,6,2,"Jackson","MS"
"2307",27140,"Jackson, MS",598355,276712,249537,1695,212,300,194,14.16666667,422,81,71,25,95,150,193,180,49,"Jackson","MS"
"2308",27140,"Jackson, MS",598355,276712,249537,719,90,112,67,12.83333333,112,23,0,9,6,74,67,30,15,"Jackson","MS"
"2309",27140,"Jackson, MS",598355,276712,249537,453,44,114,90,11.5,132,39,0,93,0,0,24,61,47,"Jackson","MS"
"2310",27140,"Jackson, MS",598355,276712,249537,887,87,173,207,11.33333333,163,5,5,26,116,11,47,84,32,"Jackson","MS"
"2311",27140,"Jackson, MS",598355,276712,249537,716,70,40,110,9,290,109,7,31,124,19,117,98,75,"Jackson","MS"
"2312",27140,"Jackson, MS",598355,276712,249537,976,50,138,110,8,889,366,89,5,352,77,285,443,161,"Jackson","MS"
"2313",27140,"Jackson, MS",598355,276712,249537,949,9,122,170,8.666666667,502,63,290,3,141,5,127,265,110,"Jackson","MS"
"2314",27140,"Jackson, MS",598355,276712,249537,1019,0,30,336,6.333333333,8,0,1,4,3,0,4,2,2,"Jackson","MS"
"2315",27140,"Jackson, MS",598355,276712,249537,943,0,136,231,5.333333333,19,6,1,5,7,0,3,10,6,"Jackson","MS"
"2316",27140,"Jackson, MS",598355,276712,249537,757,31,69,147,6.833333333,167,1,62,0,104,0,27,87,53,"Jackson","MS"
"2317",27140,"Jackson, MS",598355,276712,249537,1539,48,88,335,3,39,18,0,15,6,0,14,22,3,"Jackson","MS"
"2318",27140,"Jackson, MS",598355,276712,249537,1388,26,196,341,2.833333333,16,1,2,6,7,0,2,9,5,"Jackson","MS"
"2319",27140,"Jackson, MS",598355,276712,249537,783,7,115,191,8,1216,488,72,379,232,45,365,399,452,"Jackson","MS"
"2320",27140,"Jackson, MS",598355,276712,249537,1214,27,259,211,5.166666667,10,0,1,9,0,0,4,3,3,"Jackson","MS"
"2321",27140,"Jackson, MS",598355,276712,249537,2152,0,310,354,7.166666667,98,28,3,41,14,12,30,40,28,"Jackson","MS"
"2322",27140,"Jackson, MS",598355,276712,249537,1201,57,122,161,9.333333333,25,8,3,0,0,14,12,10,3,"Jackson","MS"
"2323",27140,"Jackson, MS",598355,276712,249537,1512,0,165,405,2.666666667,38,0,2,21,4,11,10,16,12,"Jackson","MS"
"2324",27140,"Jackson, MS",598355,276712,249537,740,8,142,173,6.833333333,173,33,19,30,60,31,64,58,51,"Jackson","MS"
"2325",27140,"Jackson, MS",598355,276712,249537,860,21,95,250,8.5,48,7,1,0,40,0,21,11,16,"Jackson","MS"
"2326",27140,"Jackson, MS",598355,276712,249537,1681,11,83,494,12.16666667,117,44,0,3,62,8,65,34,18,"Jackson","MS"
"2327",27140,"Jackson, MS",598355,276712,249537,1146,0,69,257,12.16666667,40,8,0,10,22,0,14,14,12,"Jackson","MS"
"2328",27140,"Jackson, MS",598355,276712,249537,1250,9,186,300,14.16666667,2069,790,165,30,634,450,959,748,362,"Jackson","MS"
"2329",27140,"Jackson, MS",598355,276712,249537,551,13,33,201,6,291,0,0,0,275,16,91,88,112,"Jackson","MS"
"2330",27140,"Jackson, MS",598355,276712,249537,1378,105,42,358,9,672,152,39,40,210,231,387,173,112,"Jackson","MS"
"2331",27140,"Jackson, MS",598355,276712,249537,1840,12,64,463,7.5,534,17,107,20,351,39,173,109,252,"Jackson","MS"
"2332",27140,"Jackson, MS",598355,276712,249537,1168,0,368,159,5.5,121,9,91,0,7,14,48,49,24,"Jackson","MS"
"2333",27140,"Jackson, MS",598355,276712,249537,1306,0,285,285,6.833333333,978,25,65,87,745,56,182,389,407,"Jackson","MS"
"2334",27140,"Jackson, MS",598355,276712,249537,2716,20,287,455,5.666666667,3491,0,135,618,2738,0,662,2041,788,"Jackson","MS"
"2335",27140,"Jackson, MS",598355,276712,249537,1401,37,59,502,5.666666667,40,0,5,21,14,0,7,22,11,"Jackson","MS"
"2336",27140,"Jackson, MS",598355,276712,249537,959,0,50,279,9.5,336,77,20,51,92,96,164,110,62,"Jackson","MS"
"2337",27140,"Jackson, MS",598355,276712,249537,806,75,124,212,14,1159,316,110,28,434,271,443,447,269,"Jackson","MS"
"2338",27140,"Jackson, MS",598355,276712,249537,1239,30,328,211,11.83333333,124,60,43,0,21,0,51,47,26,"Jackson","MS"
"2339",27140,"Jackson, MS",598355,276712,249537,1104,26,107,198,10,47,1,3,23,20,0,12,22,13,"Jackson","MS"
"2340",27140,"Jackson, MS",598355,276712,249537,1230,63,286,303,12.16666667,798,0,32,30,736,0,256,377,165,"Jackson","MS"
"2341",27140,"Jackson, MS",598355,276712,249537,833,57,118,186,15.16666667,455,87,101,20,168,79,176,157,122,"Jackson","MS"
"2342",27140,"Jackson, MS",598355,276712,249537,976,28,116,202,14,42,0,4,0,38,0,16,20,6,"Jackson","MS"
"2343",27140,"Jackson, MS",598355,276712,249537,879,17,91,204,14.16666667,212,47,7,8,87,63,111,78,23,"Jackson","MS"
"2344",27140,"Jackson, MS",598355,276712,249537,3507,39,161,1039,6,373,58,0,112,106,97,137,108,128,"Jackson","MS"
"2345",27140,"Jackson, MS",598355,276712,249537,4837,49,394,1427,9,656,58,79,158,329,32,163,264,229,"Jackson","MS"
"2346",27140,"Jackson, MS",598355,276712,249537,1885,0,282,472,7.5,83,21,7,8,39,8,33,23,27,"Jackson","MS"
"2347",27140,"Jackson, MS",598355,276712,249537,1444,5,202,386,10,1074,171,85,114,486,218,411,307,356,"Jackson","MS"
"2348",27140,"Jackson, MS",598355,276712,249537,2827,0,283,878,6.833333333,214,24,9,63,118,0,54,75,85,"Jackson","MS"
"2349",27140,"Jackson, MS",598355,276712,249537,1226,0,225,400,9,2428,716,275,272,358,807,1199,808,421,"Jackson","MS"
"2350",27140,"Jackson, MS",598355,276712,249537,3869,0,239,1193,6,200,23,26,12,105,34,70,98,32,"Jackson","MS"
"2351",27140,"Jackson, MS",598355,276712,249537,1120,9,86,337,3.666666667,92,40,0,32,17,3,30,45,17,"Jackson","MS"
"2352",27140,"Jackson, MS",598355,276712,249537,617,10,40,292,2.666666667,32,13,0,6,13,0,12,8,12,"Jackson","MS"
"2353",27140,"Jackson, MS",598355,276712,249537,2062,21,166,544,5.166666667,3832,156,273,2955,298,150,608,1418,1806,"Jackson","MS"
"2354",27140,"Jackson, MS",598355,276712,249537,2655,0,362,715,6,429,52,42,258,43,34,97,197,135,"Jackson","MS"
"2355",27140,"Jackson, MS",598355,276712,249537,2006,109,221,482,3.833333333,185,32,2,116,16,19,54,101,30,"Jackson","MS"
"2356",27140,"Jackson, MS",598355,276712,249537,3443,31,329,969,6.166666667,222,22,73,23,103,1,77,109,36,"Jackson","MS"
"2357",27140,"Jackson, MS",598355,276712,249537,1711,12,89,517,5.333333333,253,15,16,30,192,0,37,83,133,"Jackson","MS"
"2358",27140,"Jackson, MS",598355,276712,249537,1150,0,160,245,4.333333333,335,0,3,140,192,0,84,88,163,"Jackson","MS"
"2359",27140,"Jackson, MS",598355,276712,249537,911,12,34,296,7.833333333,440,2,193,136,109,0,72,193,175,"Jackson","MS"
"2360",27140,"Jackson, MS",598355,276712,249537,2932,0,225,777,6.166666667,490,63,0,68,288,71,145,149,196,"Jackson","MS"
"2361",27140,"Jackson, MS",598355,276712,249537,608,15,105,254,6,140,0,3,10,14,113,62,62,16,"Jackson","MS"
"2362",27140,"Jackson, MS",598355,276712,249537,503,0,105,82,2.666666667,0,0,0,0,0,0,0,0,0,"Jackson","MS"
"2363",27140,"Jackson, MS",598355,276712,249537,812,44,112,151,10,649,201,73,80,272,23,222,294,133,"Jackson","MS"
"2364",27140,"Jackson, MS",598355,276712,249537,1984,63,243,583,7.5,673,128,32,171,254,88,189,201,283,"Jackson","MS"
"2365",27140,"Jackson, MS",598355,276712,249537,2185,46,179,543,7.333333333,4607,547,212,1923,1690,235,1613,1566,1428,"Jackson","MS"
"2366",27140,"Jackson, MS",598355,276712,249537,946,0,77,267,5.666666667,10,0,0,4,6,0,3,5,2,"Jackson","MS"
"2367",27140,"Jackson, MS",598355,276712,249537,2322,0,327,512,2.833333333,406,7,0,353,34,12,69,191,146,"Jackson","MS"
"2368",27140,"Jackson, MS",598355,276712,249537,2426,26,112,643,5.333333333,141,31,6,30,36,38,50,53,38,"Jackson","MS"
"2369",27140,"Jackson, MS",598355,276712,249537,6001,0,179,1756,4.833333333,629,29,30,360,169,41,130,220,279,"Jackson","MS"
"2370",27140,"Jackson, MS",598355,276712,249537,3072,9,283,816,3.5,258,1,5,116,136,0,52,76,130,"Jackson","MS"
"2371",27140,"Jackson, MS",598355,276712,249537,2278,0,240,442,5.5,302,32,8,114,117,31,67,92,143,"Jackson","MS"
"2372",27140,"Jackson, MS",598355,276712,249537,863,60,221,202,7.5,381,0,5,0,376,0,88,144,149,"Jackson","MS"
"2373",27140,"Jackson, MS",598355,276712,249537,2278,25,127,614,5.333333333,382,0,1,94,287,0,58,146,178,"Jackson","MS"
"2374",27140,"Jackson, MS",598355,276712,249537,1172,0,186,264,5,3,0,0,0,3,0,2,1,0,"Jackson","MS"
"2375",27140,"Jackson, MS",598355,276712,249537,1699,21,136,384,6.333333333,356,27,1,24,233,71,114,152,90,"Jackson","MS"
"2376",27140,"Jackson, MS",598355,276712,249537,2805,0,366,739,8,1447,509,32,497,240,169,390,561,496,"Jackson","MS"
"2377",27140,"Jackson, MS",598355,276712,249537,1665,0,453,422,6.166666667,257,38,35,150,20,14,43,100,114,"Jackson","MS"
"2378",27140,"Jackson, MS",598355,276712,249537,1502,0,261,341,5.5,212,11,2,6,175,18,72,61,79,"Jackson","MS"
"2379",27140,"Jackson, MS",598355,276712,249537,1091,42,204,282,9.5,3806,1138,794,302,376,1196,1936,1332,538,"Jackson","MS"
"2380",27140,"Jackson, MS",598355,276712,249537,1492,0,290,294,7,215,28,12,1,18,156,114,72,29,"Jackson","MS"
"2381",27140,"Jackson, MS",598355,276712,249537,1403,12,321,325,6,13,0,3,2,8,0,0,8,5,"Jackson","MS"
"2382",27140,"Jackson, MS",598355,276712,249537,1370,0,153,369,6.666666667,186,0,12,17,151,6,47,100,39,"Jackson","MS"
"2383",27140,"Jackson, MS",598355,276712,249537,2019,13,227,591,9.166666667,2259,430,313,769,402,345,533,944,782,"Jackson","MS"
"2384",27140,"Jackson, MS",598355,276712,249537,1826,14,451,312,9,3025,910,151,600,1267,97,819,1484,722,"Jackson","MS"
"2385",27140,"Jackson, MS",598355,276712,249537,3737,28,279,933,3.5,62,10,0,41,7,4,12,23,27,"Jackson","MS"
"2386",27140,"Jackson, MS",598355,276712,249537,2841,0,0,0,1.833333333,695,0,631,0,61,3,45,467,183,"Jackson","MS"
"2387",27140,"Jackson, MS",598355,276712,249537,1520,0,11,15,6.666666667,212,0,116,0,96,0,17,87,108,"Jackson","MS"
"2388",27140,"Jackson, MS",598355,276712,249537,1450,5,153,273,8.166666667,992,37,625,38,68,224,233,425,334,"Jackson","MS"
"2389",27140,"Jackson, MS",598355,276712,249537,850,66,12,160,3.5,3790,46,51,3544,149,0,262,802,2726,"Jackson","MS"
"2390",27140,"Jackson, MS",598355,276712,249537,2426,21,114,728,5,621,45,2,440,134,0,81,246,294,"Jackson","MS"
"2391",27140,"Jackson, MS",598355,276712,249537,2220,35,161,650,5,189,102,0,40,13,34,58,64,67,"Jackson","MS"
"2392",27140,"Jackson, MS",598355,276712,249537,2468,0,252,603,6.333333333,1316,156,37,909,116,98,207,434,675,"Jackson","MS"
"2393",27140,"Jackson, MS",598355,276712,249537,2035,11,281,572,6.833333333,740,112,13,238,147,230,274,219,247,"Jackson","MS"
"2394",27140,"Jackson, MS",598355,276712,249537,3564,15,258,948,6.166666667,673,314,2,250,45,62,239,275,159,"Jackson","MS"
"2395",27140,"Jackson, MS",598355,276712,249537,1120,0,30,377,5,121,0,2,47,35,37,41,46,34,"Jackson","MS"
"2396",27140,"Jackson, MS",598355,276712,249537,337,82,65,24,13.16666667,821,0,785,11,19,6,41,346,434,"Jackson","MS"
"2397",27140,"Jackson, MS",598355,276712,249537,1327,69,379,189,16.83333333,379,49,3,27,281,19,118,170,91,"Jackson","MS"
"2398",27140,"Jackson, MS",598355,276712,249537,1495,173,314,125,14.66666667,347,36,169,15,127,0,47,205,95,"Jackson","MS"
"2399",27140,"Jackson, MS",598355,276712,249537,883,9,125,200,9.5,1112,96,303,34,646,33,280,533,299,"Jackson","MS"
"2400",27140,"Jackson, MS",598355,276712,249537,1100,4,60,301,8.333333333,2962,180,934,465,1248,135,505,878,1579,"Jackson","MS"
"2401",27140,"Jackson, MS",598355,276712,249537,1266,0,15,457,3.166666667,47,0,2,19,26,0,17,11,19,"Jackson","MS"
"2402",27140,"Jackson, MS",598355,276712,249537,12444,67,598,3893,7.166666667,2089,315,395,611,683,85,440,997,652,"Jackson","MS"
"2403",27140,"Jackson, MS",598355,276712,249537,3167,23,325,611,5.166666667,270,9,2,65,87,107,110,120,40,"Jackson","MS"
"2404",27140,"Jackson, MS",598355,276712,249537,1094,0,87,386,4.666666667,113,23,27,24,35,4,38,55,20,"Jackson","MS"
"2405",27140,"Jackson, MS",598355,276712,249537,4874,0,860,1026,4.5,12202,121,36,8849,2910,286,1135,4562,6505,"Jackson","MS"
"2406",27140,"Jackson, MS",598355,276712,249537,2659,72,405,360,8.666666667,1708,65,507,404,680,52,297,688,723,"Jackson","MS"
"2407",27140,"Jackson, MS",598355,276712,249537,715,50,136,102,13.83333333,90,12,0,52,26,0,23,58,9,"Jackson","MS"
"2408",27140,"Jackson, MS",598355,276712,249537,1687,85,441,74,12.66666667,436,142,50,76,88,80,172,191,73,"Jackson","MS"
"2409",27140,"Jackson, MS",598355,276712,249537,627,38,126,105,7,282,19,40,142,81,0,53,113,116,"Jackson","MS"
"2410",27140,"Jackson, MS",598355,276712,249537,1625,21,364,275,6.833333333,714,378,43,3,37,253,428,231,55,"Jackson","MS"
"2411",27140,"Jackson, MS",598355,276712,249537,750,9,115,161,11.66666667,2954,591,336,241,1172,614,1168,1055,731,"Jackson","MS"
"2412",27140,"Jackson, MS",598355,276712,249537,262,19,131,6,15.33333333,583,156,66,41,122,198,332,178,73,"Jackson","MS"
"2413",27140,"Jackson, MS",598355,276712,249537,1715,0,237,422,9.833333333,3740,442,1421,23,1571,283,977,1448,1315,"Jackson","MS"
"2414",27140,"Jackson, MS",598355,276712,249537,2646,0,71,26,13.83333333,1331,0,9,27,1156,139,282,393,656,"Jackson","MS"
"2415",27140,"Jackson, MS",598355,276712,249537,2212,97,449,285,10.16666667,161,62,5,53,6,35,76,64,21,"Jackson","MS"
"2416",27140,"Jackson, MS",598355,276712,249537,422,84,70,33,13,153,11,2,42,55,43,50,61,42,"Jackson","MS"
"2417",27140,"Jackson, MS",598355,276712,249537,813,19,29,198,2.833333333,15,0,0,10,5,0,1,10,4,"Jackson","MS"
"2418",27140,"Jackson, MS",598355,276712,249537,1152,14,245,235,6.5,67,33,0,2,32,0,18,38,11,"Jackson","MS"
"2419",27140,"Jackson, MS",598355,276712,249537,1080,91,132,166,12.83333333,568,0,8,308,247,5,153,207,208,"Jackson","MS"
"2420",27140,"Jackson, MS",598355,276712,249537,2867,163,392,347,8.333333333,38,0,0,0,38,0,24,12,2,"Jackson","MS"
"2421",27140,"Jackson, MS",598355,276712,249537,834,30,234,75,12.5,28,5,0,16,7,0,14,10,4,"Jackson","MS"
"2422",27140,"Jackson, MS",598355,276712,249537,1525,25,260,421,15.66666667,342,52,37,51,75,127,116,132,94,"Jackson","MS"
"2423",27140,"Jackson, MS",598355,276712,249537,772,69,86,119,11.16666667,58,0,0,0,7,51,20,29,9,"Jackson","MS"
"2424",27140,"Jackson, MS",598355,276712,249537,1562,33,83,415,4.166666667,34,0,24,1,1,8,10,8,16,"Jackson","MS"
"2425",27140,"Jackson, MS",598355,276712,249537,1554,0,173,315,12.66666667,139,34,7,0,75,23,74,56,9,"Jackson","MS"
"2426",27140,"Jackson, MS",598355,276712,249537,1386,0,85,420,5.333333333,46,0,0,2,44,0,15,22,9,"Jackson","MS"
"2427",27140,"Jackson, MS",598355,276712,249537,501,21,134,100,11,1438,81,70,899,383,5,167,667,604,"Jackson","MS"
"2428",27140,"Jackson, MS",598355,276712,249537,1180,10,174,279,7.166666667,512,8,59,10,145,290,214,150,148,"Jackson","MS"
"2429",27140,"Jackson, MS",598355,276712,249537,824,26,72,176,1.333333333,7,0,0,6,0,1,1,5,1,"Jackson","MS"
"2430",27140,"Jackson, MS",598355,276712,249537,984,0,355,223,12.33333333,13,3,2,5,3,0,9,3,1,"Jackson","MS"
"2431",27140,"Jackson, MS",598355,276712,249537,2748,34,252,651,7.166666667,481,18,54,6,304,99,173,178,130,"Jackson","MS"
"2432",27140,"Jackson, MS",598355,276712,249537,800,0,156,216,8,1285,26,819,31,222,187,162,417,706,"Jackson","MS"
"2433",27140,"Jackson, MS",598355,276712,249537,1000,0,48,265,7,28,0,3,11,14,0,13,9,6,"Jackson","MS"
"2434",27140,"Jackson, MS",598355,276712,249537,3773,0,174,1106,5.333333333,350,1,20,61,266,2,125,142,83,"Jackson","MS"
"2435",27140,"Jackson, MS",598355,276712,249537,1324,0,108,383,9.833333333,680,59,300,39,268,14,132,308,240,"Jackson","MS"
"2436",27140,"Jackson, MS",598355,276712,249537,1785,0,151,439,6.833333333,314,6,1,4,243,60,116,115,83,"Jackson","MS"
"2437",27140,"Jackson, MS",598355,276712,249537,1128,8,72,347,9.666666667,773,58,72,130,229,284,246,259,268,"Jackson","MS"
"2438",27140,"Jackson, MS",598355,276712,249537,2203,8,42,730,8.833333333,1379,395,89,64,308,523,613,518,248,"Jackson","MS"
"2439",27140,"Jackson, MS",598355,276712,249537,985,21,102,276,9.833333333,6065,710,1958,272,2220,905,1332,1948,2785,"Jackson","MS"
"2440",27140,"Jackson, MS",598355,276712,249537,1561,16,37,505,4.833333333,71,0,13,7,51,0,37,18,16,"Jackson","MS"
"2441",27140,"Jackson, MS",598355,276712,249537,653,57,43,217,6.833333333,894,0,43,158,693,0,343,293,258,"Jackson","MS"
"2442",27140,"Jackson, MS",598355,276712,249537,3334,9,83,1022,6.333333333,187,18,1,56,44,68,61,66,60,"Jackson","MS"
"2443",27140,"Jackson, MS",598355,276712,249537,1619,0,95,457,4.666666667,81,16,3,25,37,0,25,34,22,"Jackson","MS"
"2444",27140,"Jackson, MS",598355,276712,249537,2176,0,133,633,5.666666667,47,9,3,7,22,6,9,19,19,"Jackson","MS"
"2445",27140,"Jackson, MS",598355,276712,249537,1233,0,155,248,2.5,48,0,1,41,6,0,7,23,18,"Jackson","MS"
"2446",27140,"Jackson, MS",598355,276712,249537,1010,97,55,158,3.166666667,48,0,2,15,0,31,28,17,3,"Jackson","MS"
"2447",27140,"Jackson, MS",598355,276712,249537,1481,18,199,417,4,122,79,5,8,6,24,75,34,13,"Jackson","MS"
"2448",27140,"Jackson, MS",598355,276712,249537,2130,0,241,460,1.833333333,25,0,0,20,5,0,3,15,7,"Jackson","MS"
"2449",27140,"Jackson, MS",598355,276712,249537,1458,53,148,276,6,160,57,20,48,7,28,47,90,23,"Jackson","MS"
"2450",27140,"Jackson, MS",598355,276712,249537,968,0,119,206,2,28,0,0,8,20,0,9,14,5,"Jackson","MS"
"2451",27140,"Jackson, MS",598355,276712,249537,499,0,163,66,1.166666667,5,0,0,5,0,0,0,2,3,"Jackson","MS"
"2452",27140,"Jackson, MS",598355,276712,249537,513,15,70,126,5.166666667,536,397,32,12,53,42,128,329,79,"Jackson","MS"
"2453",27140,"Jackson, MS",598355,276712,249537,797,29,77,67,10.83333333,17,0,8,2,7,0,7,4,6,"Jackson","MS"
"2454",27140,"Jackson, MS",598355,276712,249537,2254,63,185,563,3.833333333,51,9,0,6,36,0,24,25,2,"Jackson","MS"
"2455",27140,"Jackson, MS",598355,276712,249537,1134,164,136,177,12.33333333,45,15,11,9,10,0,21,21,3,"Jackson","MS"
"2456",27140,"Jackson, MS",598355,276712,249537,763,0,159,220,11,46,4,0,0,42,0,10,15,21,"Jackson","MS"
"2457",27140,"Jackson, MS",598355,276712,249537,1372,18,63,323,3.166666667,228,0,2,18,208,0,19,155,54,"Jackson","MS"
"2458",27140,"Jackson, MS",598355,276712,249537,2584,0,92,879,5.666666667,417,192,27,11,152,35,245,128,44,"Jackson","MS"
"2459",27140,"Jackson, MS",598355,276712,249537,4163,195,602,529,12.83333333,3161,962,493,717,589,400,878,1212,1071,"Jackson","MS"
"2460",27140,"Jackson, MS",598355,276712,249537,621,25,109,59,13.83333333,355,3,37,27,288,0,76,192,87,"Jackson","MS"
"2461",27140,"Jackson, MS",598355,276712,249537,3190,23,272,702,6.333333333,148,23,14,51,54,6,58,67,23,"Jackson","MS"
"2462",27140,"Jackson, MS",598355,276712,249537,1048,0,225,204,5,220,0,11,0,38,171,103,87,30,"Jackson","MS"
"2463",27140,"Jackson, MS",598355,276712,249537,802,48,84,173,8.5,153,1,0,17,6,129,103,41,9,"Jackson","MS"
"2464",27140,"Jackson, MS",598355,276712,249537,1705,7,201,417,3.166666667,218,0,0,200,18,0,32,126,60,"Jackson","MS"
"2465",27140,"Jackson, MS",598355,276712,249537,972,0,118,289,7.666666667,1719,129,625,439,477,49,198,686,835,"Jackson","MS"
"2466",27140,"Jackson, MS",598355,276712,249537,800,25,214,84,4.833333333,677,540,17,4,12,104,189,410,78,"Jackson","MS"
"2467",27140,"Jackson, MS",598355,276712,249537,577,25,210,42,14.83333333,22926,630,8718,3356,8978,1244,3051,8711,11164,"Jackson","MS"
"2468",27140,"Jackson, MS",598355,276712,249537,1468,107,249,286,3.833333333,41,15,15,0,11,0,21,15,5,"Jackson","MS"
"2469",27140,"Jackson, MS",598355,276712,249537,1364,30,143,366,7.833333333,3429,60,496,242,2424,207,991,1343,1095,"Jackson","MS"
"2470",27140,"Jackson, MS",598355,276712,249537,949,12,111,267,6.5,1092,2,516,340,234,0,88,665,339,"Jackson","MS"
"2471",27140,"Jackson, MS",598355,276712,249537,504,32,141,47,5.166666667,42,20,2,1,19,0,9,28,5,"Jackson","MS"
"2472",27140,"Jackson, MS",598355,276712,249537,765,16,25,224,6.333333333,263,17,2,0,228,16,86,109,68,"Jackson","MS"
"2473",44180,"Springfield, MO",458834,207493,192437,1643,0,146,482,3.833333333,437,82,4,342,7,2,62,279,96,"Springfield","MO"
"2474",44180,"Springfield, MO",458834,207493,192437,2038,0,185,563,5.333333333,785,259,0,447,73,6,119,382,284,"Springfield","MO"
"2475",44180,"Springfield, MO",458834,207493,192437,703,13,60,231,4,90,0,9,57,24,0,24,49,17,"Springfield","MO"
"2476",44180,"Springfield, MO",458834,207493,192437,1139,30,136,263,6.666666667,227,14,19,22,167,5,55,85,87,"Springfield","MO"
"2477",44180,"Springfield, MO",458834,207493,192437,2161,35,140,458,2.666666667,48,1,0,36,11,0,12,21,15,"Springfield","MO"
"2478",44180,"Springfield, MO",458834,207493,192437,2566,272,68,244,3.666666667,107,31,2,57,4,13,29,65,13,"Springfield","MO"
"2479",44180,"Springfield, MO",458834,207493,192437,1297,30,260,265,3.833333333,33,11,0,13,8,1,11,21,1,"Springfield","MO"
"2480",44180,"Springfield, MO",458834,207493,192437,1294,14,108,340,2.666666667,63,0,0,52,11,0,16,36,11,"Springfield","MO"
"2481",44180,"Springfield, MO",458834,207493,192437,1696,48,269,404,7.5,3084,63,1991,730,241,59,567,1438,1079,"Springfield","MO"
"2482",44180,"Springfield, MO",458834,207493,192437,2718,94,228,799,7.833333333,302,65,71,18,82,66,124,115,63,"Springfield","MO"
"2483",44180,"Springfield, MO",458834,207493,192437,1282,24,269,256,7.666666667,53,1,4,15,24,9,17,28,8,"Springfield","MO"
"2484",44180,"Springfield, MO",458834,207493,192437,826,15,77,143,9,79,27,2,8,42,0,20,31,28,"Springfield","MO"
"2485",44180,"Springfield, MO",458834,207493,192437,2343,173,334,390,9.833333333,1268,161,9,104,189,805,326,393,549,"Springfield","MO"
"2486",44180,"Springfield, MO",458834,207493,192437,1692,45,251,455,10.33333333,583,102,121,17,86,257,280,194,109,"Springfield","MO"
"2487",44180,"Springfield, MO",458834,207493,192437,907,0,72,335,7.833333333,183,6,18,14,136,9,57,67,59,"Springfield","MO"
"2488",44180,"Springfield, MO",458834,207493,192437,2485,32,79,757,5.833333333,219,24,18,95,71,11,81,77,61,"Springfield","MO"
"2489",44180,"Springfield, MO",458834,207493,192437,4189,7,410,1138,5.333333333,154,72,31,31,20,0,31,54,69,"Springfield","MO"
"2490",44180,"Springfield, MO",458834,207493,192437,3009,38,303,762,8.166666667,725,189,45,80,356,55,217,324,184,"Springfield","MO"
"2491",44180,"Springfield, MO",458834,207493,192437,1861,6,208,471,4.833333333,142,4,74,15,18,31,66,53,23,"Springfield","MO"
"2492",44180,"Springfield, MO",458834,207493,192437,1889,14,155,602,2.666666667,39,2,0,21,16,0,16,14,9,"Springfield","MO"
"2493",44180,"Springfield, MO",458834,207493,192437,1636,24,299,347,6.166666667,2524,65,124,1957,242,136,325,1138,1061,"Springfield","MO"
"2494",44180,"Springfield, MO",458834,207493,192437,1609,240,456,279,7.833333333,276,77,19,0,113,67,125,114,37,"Springfield","MO"
"2495",44180,"Springfield, MO",458834,207493,192437,817,108,224,82,8,306,8,3,32,158,105,94,98,114,"Springfield","MO"
"2496",44180,"Springfield, MO",458834,207493,192437,1509,0,294,411,6.5,188,100,0,11,58,19,62,87,39,"Springfield","MO"
"2497",27620,"Jefferson City, MO",151157,78179,68894,1151,47,179,118,9.333333333,2009,7,304,15,1683,0,358,756,895,"Jefferson City","MO"
"2498",27620,"Jefferson City, MO",151157,78179,68894,1483,46,31,181,9.5,1081,0,28,0,1008,45,236,366,479,"Jefferson City","MO"
"2499",27620,"Jefferson City, MO",151157,78179,68894,1698,43,254,381,9.5,1033,84,44,153,347,405,425,277,331,"Jefferson City","MO"
"2500",27620,"Jefferson City, MO",151157,78179,68894,910,51,139,226,11.16666667,1796,79,110,96,1166,345,534,735,527,"Jefferson City","MO"
"2501",27620,"Jefferson City, MO",151157,78179,68894,892,58,279,137,12.5,1030,119,46,436,336,93,336,314,380,"Jefferson City","MO"
"2502",44180,"Springfield, MO",458834,207493,192437,544,11,96,132,8.333333333,236,30,15,25,134,32,117,91,28,"Springfield","MO"
"2503",27620,"Jefferson City, MO",151157,78179,68894,1841,0,32,441,4,157,0,1,16,126,14,40,35,82,"Jefferson City","MO"
"2504",27620,"Jefferson City, MO",151157,78179,68894,1523,55,165,392,6,534,7,31,263,233,0,85,192,257,"Jefferson City","MO"
"2505",27620,"Jefferson City, MO",151157,78179,68894,2892,2,354,684,3.166666667,89,3,5,45,36,0,16,35,38,"Jefferson City","MO"
"2506",27620,"Jefferson City, MO",151157,78179,68894,1961,38,122,180,7.333333333,2307,40,37,1090,817,323,702,493,1112,"Jefferson City","MO"
"2507",27620,"Jefferson City, MO",151157,78179,68894,1441,0,56,444,3.833333333,70,0,2,26,31,11,26,24,20,"Jefferson City","MO"
"2508",27620,"Jefferson City, MO",151157,78179,68894,1453,18,79,422,4.5,207,0,15,127,65,0,56,74,77,"Jefferson City","MO"
"2509",27620,"Jefferson City, MO",151157,78179,68894,740,19,101,154,3.5,30,4,0,7,19,0,17,11,2,"Jefferson City","MO"
"2510",27620,"Jefferson City, MO",151157,78179,68894,1245,53,269,272,8.5,1873,350,45,884,402,192,753,758,362,"Jefferson City","MO"
"2511",27620,"Jefferson City, MO",151157,78179,68894,2360,0,92,327,5.166666667,114,0,3,7,80,24,53,21,40,"Jefferson City","MO"
"2512",27620,"Jefferson City, MO",151157,78179,68894,1136,20,193,261,6.5,133,45,27,41,7,13,40,63,30,"Jefferson City","MO"
"2513",27620,"Jefferson City, MO",151157,78179,68894,661,10,86,199,6.166666667,103,15,8,34,10,36,59,33,11,"Jefferson City","MO"
"2514",44180,"Springfield, MO",458834,207493,192437,1412,95,307,271,9,3806,169,414,2361,711,151,555,1262,1989,"Springfield","MO"
"2515",44180,"Springfield, MO",458834,207493,192437,1682,87,294,314,7.166666667,2347,158,21,1798,274,96,366,887,1094,"Springfield","MO"
"2516",44180,"Springfield, MO",458834,207493,192437,1340,38,223,330,8.833333333,2062,239,1077,348,310,88,658,852,552,"Springfield","MO"
"2517",44180,"Springfield, MO",458834,207493,192437,1793,58,283,557,8.666666667,158,32,31,33,51,11,51,61,46,"Springfield","MO"
"2518",27620,"Jefferson City, MO",151157,78179,68894,1119,0,143,363,6.833333333,1659,1085,312,196,51,15,246,971,442,"Jefferson City","MO"
"2519",27620,"Jefferson City, MO",151157,78179,68894,1255,0,98,445,7.166666667,238,15,47,11,165,0,61,69,108,"Jefferson City","MO"
"2520",27620,"Jefferson City, MO",151157,78179,68894,836,34,199,190,10.16666667,150,0,69,0,81,0,43,48,59,"Jefferson City","MO"
"2521",44180,"Springfield, MO",458834,207493,192437,3603,14,429,848,11.16666667,2243,664,97,404,492,586,816,941,486,"Springfield","MO"
"2522",44180,"Springfield, MO",458834,207493,192437,5502,53,875,1374,6.833333333,765,35,85,314,317,14,160,379,226,"Springfield","MO"
"2523",44180,"Springfield, MO",458834,207493,192437,6264,48,508,1668,6.833333333,675,51,47,228,331,18,160,249,266,"Springfield","MO"
"2524",44180,"Springfield, MO",458834,207493,192437,1621,68,256,259,6.833333333,467,59,1,151,238,18,177,197,93,"Springfield","MO"
"2525",44180,"Springfield, MO",458834,207493,192437,2177,23,63,658,4.333333333,77,11,9,40,17,0,27,35,15,"Springfield","MO"
"2526",44180,"Springfield, MO",458834,207493,192437,1003,5,98,310,5.333333333,219,8,6,29,176,0,100,51,68,"Springfield","MO"
"2527",44180,"Springfield, MO",458834,207493,192437,1309,16,256,200,11.33333333,1178,182,400,143,201,252,434,542,202,"Springfield","MO"
"2528",27620,"Jefferson City, MO",151157,78179,68894,1423,123,54,190,3.5,147,7,5,114,21,0,37,39,71,"Jefferson City","MO"
"2529",44180,"Springfield, MO",458834,207493,192437,4260,14,382,1307,7.666666667,578,95,136,129,182,36,181,218,179,"Springfield","MO"
"2530",44180,"Springfield, MO",458834,207493,192437,1193,27,82,365,6.833333333,477,76,36,118,247,0,155,156,166,"Springfield","MO"
"2531",44180,"Springfield, MO",458834,207493,192437,2073,43,111,658,4.666666667,233,4,0,109,120,0,47,102,84,"Springfield","MO"
"2532",44180,"Springfield, MO",458834,207493,192437,2827,15,163,875,3.666666667,197,26,7,126,22,16,58,64,75,"Springfield","MO"
"2533",44180,"Springfield, MO",458834,207493,192437,2555,74,230,653,6.833333333,514,60,53,93,289,19,195,188,131,"Springfield","MO"
"2534",44180,"Springfield, MO",458834,207493,192437,834,37,17,243,3.666666667,1116,50,77,948,37,4,78,503,535,"Springfield","MO"
"2535",44180,"Springfield, MO",458834,207493,192437,473,0,234,60,8,881,2,477,234,152,16,184,476,221,"Springfield","MO"
"2536",44180,"Springfield, MO",458834,207493,192437,1248,13,188,345,8.666666667,114,31,0,2,38,43,54,48,12,"Springfield","MO"
"2537",44180,"Springfield, MO",458834,207493,192437,1406,66,193,319,4.833333333,60,10,11,29,7,3,22,29,9,"Springfield","MO"
"2538",44180,"Springfield, MO",458834,207493,192437,1953,21,101,723,6.5,317,11,52,135,110,9,52,153,112,"Springfield","MO"
"2539",44180,"Springfield, MO",458834,207493,192437,2049,0,144,653,5.833333333,187,6,32,56,93,0,74,67,46,"Springfield","MO"
"2540",44180,"Springfield, MO",458834,207493,192437,2741,0,483,677,5.833333333,523,30,28,230,224,11,79,186,258,"Springfield","MO"
"2541",44180,"Springfield, MO",458834,207493,192437,2178,66,213,613,6.333333333,3869,244,124,2146,1315,40,483,1891,1495,"Springfield","MO"
"2542",44180,"Springfield, MO",458834,207493,192437,1832,5,269,416,6.333333333,1371,23,32,838,421,57,220,562,589,"Springfield","MO"
"2543",44180,"Springfield, MO",458834,207493,192437,1222,9,119,324,6.166666667,265,136,0,22,46,61,105,106,54,"Springfield","MO"
"2544",44180,"Springfield, MO",458834,207493,192437,4000,0,507,968,6,185,21,66,63,35,0,40,105,40,"Springfield","MO"
"2545",44180,"Springfield, MO",458834,207493,192437,657,146,138,126,9.833333333,208,20,10,5,124,49,54,76,78,"Springfield","MO"
"2546",27620,"Jefferson City, MO",151157,78179,68894,1564,31,112,343,5.833333333,607,34,56,392,109,16,162,215,230,"Jefferson City","MO"
"2547",27620,"Jefferson City, MO",151157,78179,68894,1519,9,45,474,4,376,0,0,362,14,0,50,233,93,"Jefferson City","MO"
"2548",27620,"Jefferson City, MO",151157,78179,68894,2013,42,160,557,7.666666667,452,133,6,30,172,111,224,166,62,"Jefferson City","MO"
"2549",27620,"Jefferson City, MO",151157,78179,68894,1148,0,61,377,5.5,217,38,0,75,101,3,55,72,90,"Jefferson City","MO"
"2550",27620,"Jefferson City, MO",151157,78179,68894,1322,13,103,377,4.666666667,211,1,16,92,102,0,61,58,92,"Jefferson City","MO"
"2551",27620,"Jefferson City, MO",151157,78179,68894,833,29,119,196,10,402,84,21,24,209,64,163,104,135,"Jefferson City","MO"
"2552",27620,"Jefferson City, MO",151157,78179,68894,1467,31,162,342,8.5,637,33,103,395,106,0,123,355,159,"Jefferson City","MO"
"2553",27620,"Jefferson City, MO",151157,78179,68894,1269,11,82,336,2.666666667,67,0,1,40,26,0,14,32,21,"Jefferson City","MO"
"2554",27620,"Jefferson City, MO",151157,78179,68894,618,8,69,184,3,31,0,0,6,25,0,9,9,13,"Jefferson City","MO"
"2555",44180,"Springfield, MO",458834,207493,192437,857,30,133,117,8.5,224,14,35,8,97,70,99,93,32,"Springfield","MO"
"2556",27620,"Jefferson City, MO",151157,78179,68894,2464,40,367,527,6.333333333,381,78,19,60,60,164,181,119,81,"Jefferson City","MO"
"2557",27620,"Jefferson City, MO",151157,78179,68894,827,36,204,82,8,226,35,5,21,165,0,87,79,60,"Jefferson City","MO"
"2558",27620,"Jefferson City, MO",151157,78179,68894,548,9,59,187,5,127,7,0,60,60,0,65,53,9,"Jefferson City","MO"
"2559",27620,"Jefferson City, MO",151157,78179,68894,772,0,91,299,4.5,79,8,5,21,34,11,21,19,39,"Jefferson City","MO"
"2560",27620,"Jefferson City, MO",151157,78179,68894,1020,12,62,349,6.166666667,329,0,13,162,117,37,50,126,153,"Jefferson City","MO"
"2561",27620,"Jefferson City, MO",151157,78179,68894,1588,0,152,453,5,570,2,14,201,296,57,139,258,173,"Jefferson City","MO"
"2562",27620,"Jefferson City, MO",151157,78179,68894,3113,0,342,865,4.833333333,208,5,17,39,147,0,69,99,40,"Jefferson City","MO"
"2563",27620,"Jefferson City, MO",151157,78179,68894,1056,0,120,296,2.666666667,30,9,0,0,21,0,12,12,6,"Jefferson City","MO"
"2564",27620,"Jefferson City, MO",151157,78179,68894,820,21,22,236,5.333333333,227,2,3,123,99,0,53,96,78,"Jefferson City","MO"
"2565",27620,"Jefferson City, MO",151157,78179,68894,1139,17,98,280,5.5,122,62,2,26,20,12,16,44,62,"Jefferson City","MO"
"2566",27620,"Jefferson City, MO",151157,78179,68894,739,107,116,132,11,309,30,5,158,92,24,74,153,82,"Jefferson City","MO"
"2567",27620,"Jefferson City, MO",151157,78179,68894,638,75,78,163,7.5,293,155,37,7,35,59,139,94,60,"Jefferson City","MO"
"2568",27620,"Jefferson City, MO",151157,78179,68894,1468,0,231,268,8.5,232,43,20,11,142,16,73,101,58,"Jefferson City","MO"
"2569",27620,"Jefferson City, MO",151157,78179,68894,949,11,100,365,2.5,16,0,0,11,5,0,7,5,4,"Jefferson City","MO"
"2570",44180,"Springfield, MO",458834,207493,192437,1477,22,66,434,2.666666667,106,0,0,89,8,9,23,66,17,"Springfield","MO"
"2571",44180,"Springfield, MO",458834,207493,192437,1001,22,28,267,2.833333333,9,4,0,2,3,0,5,4,0,"Springfield","MO"
"2572",44180,"Springfield, MO",458834,207493,192437,2030,10,131,531,3.5,65,2,1,12,50,0,21,29,15,"Springfield","MO"
"2573",44180,"Springfield, MO",458834,207493,192437,2060,82,143,640,7.166666667,560,199,43,108,101,109,223,231,106,"Springfield","MO"
"2574",44180,"Springfield, MO",458834,207493,192437,1031,0,87,221,3.333333333,52,0,0,38,14,0,14,24,14,"Springfield","MO"
"2575",44180,"Springfield, MO",458834,207493,192437,1324,0,60,330,3.833333333,99,0,0,29,67,3,33,50,16,"Springfield","MO"
"2576",44180,"Springfield, MO",458834,207493,192437,1397,13,95,382,6.5,274,55,0,56,163,0,87,146,41,"Springfield","MO"
"2577",27620,"Jefferson City, MO",151157,78179,68894,631,0,38,162,4.666666667,10,0,3,0,7,0,1,6,3,"Jefferson City","MO"
"2578",27620,"Jefferson City, MO",151157,78179,68894,772,6,170,157,7.666666667,357,7,296,12,42,0,29,124,204,"Jefferson City","MO"
"2579",27620,"Jefferson City, MO",151157,78179,68894,909,9,62,316,6.166666667,173,33,33,71,14,22,37,65,71,"Jefferson City","MO"
"2580",27620,"Jefferson City, MO",151157,78179,68894,1084,50,175,293,9.166666667,190,74,8,37,49,22,84,72,34,"Jefferson City","MO"
"2581",27620,"Jefferson City, MO",151157,78179,68894,1698,13,110,65,6.666666667,614,46,449,29,78,12,78,417,119,"Jefferson City","MO"
"2582",44180,"Springfield, MO",458834,207493,192437,4197,16,481,1176,6,391,135,18,192,46,0,72,170,149,"Springfield","MO"
"2583",44180,"Springfield, MO",458834,207493,192437,1511,8,165,421,4.5,48,6,20,13,5,4,27,19,2,"Springfield","MO"
"2584",44180,"Springfield, MO",458834,207493,192437,820,60,102,215,9.666666667,141,8,0,57,64,12,29,62,50,"Springfield","MO"
"2585",44180,"Springfield, MO",458834,207493,192437,808,5,121,152,5.333333333,231,1,7,20,203,0,82,107,42,"Springfield","MO"
"2586",44180,"Springfield, MO",458834,207493,192437,1342,12,183,382,5.833333333,575,21,23,318,210,3,142,310,123,"Springfield","MO"
"2587",44180,"Springfield, MO",458834,207493,192437,693,4,76,223,3.166666667,20,11,0,4,5,0,8,12,0,"Springfield","MO"
"2588",44180,"Springfield, MO",458834,207493,192437,1331,50,197,225,5.166666667,308,25,4,10,266,3,117,125,66,"Springfield","MO"
"2589",44180,"Springfield, MO",458834,207493,192437,1000,9,51,308,3,38,0,0,25,13,0,12,17,9,"Springfield","MO"
"2590",44180,"Springfield, MO",458834,207493,192437,587,64,54,158,11.66666667,168,56,11,34,48,19,42,81,45,"Springfield","MO"
"2591",44180,"Springfield, MO",458834,207493,192437,863,9,74,307,3.666666667,23,0,6,12,5,0,11,12,0,"Springfield","MO"
"2592",44180,"Springfield, MO",458834,207493,192437,2940,47,354,471,8,1229,328,80,122,576,123,390,495,344,"Springfield","MO"
"2593",44180,"Springfield, MO",458834,207493,192437,2730,0,476,610,6.5,942,30,59,546,279,28,305,304,333,"Springfield","MO"
"2594",44180,"Springfield, MO",458834,207493,192437,2112,146,254,418,4.833333333,1408,14,0,14,1370,10,274,610,524,"Springfield","MO"
"2595",44180,"Springfield, MO",458834,207493,192437,3537,49,347,843,8.666666667,752,132,60,165,250,145,274,301,177,"Springfield","MO"
"2596",44180,"Springfield, MO",458834,207493,192437,585,23,141,140,9.833333333,615,64,38,211,222,80,161,218,236,"Springfield","MO"
"2597",27620,"Jefferson City, MO",151157,78179,68894,1288,63,92,133,8.666666667,1029,15,708,81,225,0,88,752,189,"Jefferson City","MO"
"2598",27620,"Jefferson City, MO",151157,78179,68894,1722,61,238,337,4.666666667,188,17,8,134,25,4,24,68,96,"Jefferson City","MO"
"2599",27620,"Jefferson City, MO",151157,78179,68894,991,6,64,249,7.5,794,231,27,192,202,142,256,252,286,"Jefferson City","MO"
"2600",27620,"Jefferson City, MO",151157,78179,68894,1968,40,120,508,6.166666667,221,21,19,61,106,14,111,74,36,"Jefferson City","MO"
"2601",27620,"Jefferson City, MO",151157,78179,68894,991,16,121,309,3.833333333,66,8,2,38,16,2,14,25,27,"Jefferson City","MO"
"2602",44180,"Springfield, MO",458834,207493,192437,1478,37,169,324,7.5,213,77,36,31,69,0,74,113,26,"Springfield","MO"
"2603",44180,"Springfield, MO",458834,207493,192437,1815,9,347,447,9.333333333,2514,725,109,78,1199,403,671,1362,481,"Springfield","MO"
"2604",44180,"Springfield, MO",458834,207493,192437,2808,43,574,580,9.5,749,418,40,26,62,203,297,372,80,"Springfield","MO"
"2605",44180,"Springfield, MO",458834,207493,192437,2016,15,273,618,5.333333333,5661,218,136,4159,1114,34,790,2352,2519,"Springfield","MO"
"2606",44180,"Springfield, MO",458834,207493,192437,1599,37,104,613,5.833333333,378,16,12,23,114,213,142,169,67,"Springfield","MO"
"2607",44180,"Springfield, MO",458834,207493,192437,1209,32,31,396,6.5,265,31,17,128,89,0,49,103,113,"Springfield","MO"
"2608",44180,"Springfield, MO",458834,207493,192437,1322,52,331,339,3.166666667,57,0,7,0,13,37,21,30,6,"Springfield","MO"
"2609",44180,"Springfield, MO",458834,207493,192437,1191,220,418,182,12.5,5243,124,967,133,2735,1284,1824,1927,1492,"Springfield","MO"
"2610",44180,"Springfield, MO",458834,207493,192437,811,7,152,216,9.333333333,62,0,5,0,31,26,20,24,18,"Springfield","MO"
"2611",44180,"Springfield, MO",458834,207493,192437,996,54,259,243,10.5,211,55,48,22,69,17,55,104,52,"Springfield","MO"
"2612",44180,"Springfield, MO",458834,207493,192437,4475,25,505,1333,8,464,139,23,63,159,80,156,220,88,"Springfield","MO"
"2613",44180,"Springfield, MO",458834,207493,192437,1010,15,130,339,4.833333333,99,0,25,45,21,8,29,40,30,"Springfield","MO"
"2614",44180,"Springfield, MO",458834,207493,192437,2539,0,103,725,6.5,345,46,30,168,101,0,72,145,128,"Springfield","MO"
"2615",44180,"Springfield, MO",458834,207493,192437,1775,15,197,563,4.666666667,171,38,8,72,33,20,55,79,37,"Springfield","MO"
"2616",44180,"Springfield, MO",458834,207493,192437,2726,10,311,818,7.5,377,6,22,9,158,182,148,167,62,"Springfield","MO"
"2617",44180,"Springfield, MO",458834,207493,192437,869,0,32,336,3.5,181,6,0,171,4,0,27,47,107,"Springfield","MO"
"2618",44180,"Springfield, MO",458834,207493,192437,1374,20,81,379,5.333333333,320,37,17,24,242,0,48,120,152,"Springfield","MO"
"2619",44180,"Springfield, MO",458834,207493,192437,845,0,28,245,4,242,0,3,217,15,7,22,70,150,"Springfield","MO"
"2620",44180,"Springfield, MO",458834,207493,192437,3569,17,387,1055,5,76,3,7,38,28,0,19,31,26,"Springfield","MO"
"2621",44180,"Springfield, MO",458834,207493,192437,638,0,80,263,4.5,34,4,9,16,2,3,8,19,7,"Springfield","MO"
"2622",44180,"Springfield, MO",458834,207493,192437,2012,102,372,397,11.16666667,1247,210,101,107,677,152,383,406,458,"Springfield","MO"
"2623",44180,"Springfield, MO",458834,207493,192437,735,18,187,56,10,665,60,37,21,419,128,403,182,80,"Springfield","MO"
"2624",44180,"Springfield, MO",458834,207493,192437,713,26,147,168,5.833333333,459,14,20,7,418,0,140,193,126,"Springfield","MO"
"2625",44180,"Springfield, MO",458834,207493,192437,3533,49,397,759,7.166666667,1086,649,39,55,215,128,392,533,161,"Springfield","MO"
"2626",44180,"Springfield, MO",458834,207493,192437,2572,0,194,670,9,829,70,128,117,404,110,303,323,203,"Springfield","MO"
"2627",27620,"Jefferson City, MO",151157,78179,68894,876,0,184,135,7,72,0,0,0,72,0,8,15,49,"Jefferson City","MO"
"2628",27620,"Jefferson City, MO",151157,78179,68894,769,0,93,263,6.333333333,81,0,0,1,69,11,18,19,44,"Jefferson City","MO"
"2629",27620,"Jefferson City, MO",151157,78179,68894,823,12,162,172,7.333333333,318,6,262,23,27,0,22,126,170,"Jefferson City","MO"
"2630",27620,"Jefferson City, MO",151157,78179,68894,734,0,165,191,8.833333333,240,5,0,108,97,30,85,87,68,"Jefferson City","MO"
"2631",27620,"Jefferson City, MO",151157,78179,68894,653,0,131,164,4,4,0,3,0,1,0,1,0,3,"Jefferson City","MO"
"2632",44180,"Springfield, MO",458834,207493,192437,2019,46,327,496,7.5,644,62,120,332,99,31,118,300,226,"Springfield","MO"
"2633",44180,"Springfield, MO",458834,207493,192437,1120,11,106,315,3.666666667,39,11,3,22,3,0,11,19,9,"Springfield","MO"
"2634",44180,"Springfield, MO",458834,207493,192437,2156,33,535,367,7.666666667,552,51,34,6,440,21,157,163,232,"Springfield","MO"
"2635",44180,"Springfield, MO",458834,207493,192437,2764,33,295,637,6.833333333,417,74,41,96,188,18,118,151,148,"Springfield","MO"
"2636",44180,"Springfield, MO",458834,207493,192437,774,0,29,227,3.166666667,24,0,0,13,11,0,9,10,5,"Springfield","MO"
"2637",44180,"Springfield, MO",458834,207493,192437,2451,8,123,681,4.666666667,158,0,4,23,35,96,105,40,13,"Springfield","MO"
"2638",44180,"Springfield, MO",458834,207493,192437,1209,4,7,356,2.833333333,77,0,0,76,1,0,15,40,22,"Springfield","MO"
"2639",44180,"Springfield, MO",458834,207493,192437,2155,39,267,534,7,315,16,17,8,206,68,105,80,130,"Springfield","MO"
"2640",44180,"Springfield, MO",458834,207493,192437,2586,12,177,741,3.5,251,20,4,185,34,8,54,85,112,"Springfield","MO"
"2641",44180,"Springfield, MO",458834,207493,192437,744,0,33,257,3.333333333,49,2,0,31,16,0,8,22,19,"Springfield","MO"
"2642",44180,"Springfield, MO",458834,207493,192437,5094,71,456,1200,7.5,721,78,27,311,236,69,212,348,161,"Springfield","MO"
"2643",44180,"Springfield, MO",458834,207493,192437,3255,8,312,828,6.666666667,392,84,18,48,219,23,112,131,149,"Springfield","MO"
"2644",44180,"Springfield, MO",458834,207493,192437,2274,13,99,729,5.333333333,250,3,10,123,81,33,80,98,72,"Springfield","MO"
"2645",44180,"Springfield, MO",458834,207493,192437,971,9,102,290,6.166666667,180,79,3,25,13,60,74,85,21,"Springfield","MO"
"2646",44180,"Springfield, MO",458834,207493,192437,2513,17,61,752,3.666666667,47,4,0,18,25,0,15,27,5,"Springfield","MO"
"2647",44180,"Springfield, MO",458834,207493,192437,2125,20,271,550,5.5,225,28,2,79,112,4,67,88,70,"Springfield","MO"
"2648",44180,"Springfield, MO",458834,207493,192437,1036,22,66,306,2.833333333,75,6,0,9,60,0,24,22,29,"Springfield","MO"
"2649",27620,"Jefferson City, MO",151157,78179,68894,1668,11,152,500,3.333333333,131,0,2,30,93,6,26,41,64,"Jefferson City","MO"
"2650",27620,"Jefferson City, MO",151157,78179,68894,1429,32,85,449,4.333333333,117,45,6,47,15,4,40,45,32,"Jefferson City","MO"
"2651",27620,"Jefferson City, MO",151157,78179,68894,1087,17,63,377,8.5,849,177,209,248,201,14,238,287,324,"Jefferson City","MO"
"2652",27620,"Jefferson City, MO",151157,78179,68894,1637,59,183,429,3.166666667,37,0,1,8,28,0,12,17,8,"Jefferson City","MO"
"2653",27620,"Jefferson City, MO",151157,78179,68894,944,28,44,279,2.333333333,1230,12,1145,46,25,2,194,506,530,"Jefferson City","MO"
"2654",27620,"Jefferson City, MO",151157,78179,68894,1967,69,81,637,4.5,200,6,13,107,67,7,37,76,87,"Jefferson City","MO"
"2655",27620,"Jefferson City, MO",151157,78179,68894,1267,37,84,331,4,78,12,0,43,14,9,32,35,11,"Jefferson City","MO"
"2656",27620,"Jefferson City, MO",151157,78179,68894,939,0,60,297,5.166666667,129,0,0,47,65,17,28,28,73,"Jefferson City","MO"
"2657",27620,"Jefferson City, MO",151157,78179,68894,846,20,24,292,5.5,125,25,6,51,20,23,41,65,19,"Jefferson City","MO"
"2658",27620,"Jefferson City, MO",151157,78179,68894,2692,16,484,690,8.333333333,5211,70,3102,874,987,178,654,2347,2210,"Jefferson City","MO"
"2659",27620,"Jefferson City, MO",151157,78179,68894,1330,27,72,434,4.666666667,104,17,6,47,13,21,49,34,21,"Jefferson City","MO"
"2660",27620,"Jefferson City, MO",151157,78179,68894,3294,41,152,915,4.666666667,408,1,78,261,51,17,76,131,201,"Jefferson City","MO"
"2661",27620,"Jefferson City, MO",151157,78179,68894,2120,129,200,511,6,910,15,47,540,303,5,130,270,510,"Jefferson City","MO"
"2662",27620,"Jefferson City, MO",151157,78179,68894,1448,39,316,257,7.666666667,903,192,415,46,90,160,181,331,391,"Jefferson City","MO"
"2663",27620,"Jefferson City, MO",151157,78179,68894,972,46,209,260,8.833333333,447,58,84,6,167,132,161,126,160,"Jefferson City","MO"
"2664",27620,"Jefferson City, MO",151157,78179,68894,3974,0,79,255,4.5,3345,18,2341,850,100,36,204,2222,919,"Jefferson City","MO"
"2665",44180,"Springfield, MO",458834,207493,192437,806,10,31,257,4,30,7,5,14,4,0,15,12,3,"Springfield","MO"
"2666",44180,"Springfield, MO",458834,207493,192437,1762,109,303,375,8.833333333,485,127,104,2,71,181,222,206,57,"Springfield","MO"
"2667",44180,"Springfield, MO",458834,207493,192437,2649,79,210,670,4.333333333,141,14,0,79,34,14,56,60,25,"Springfield","MO"
"2668",44180,"Springfield, MO",458834,207493,192437,1595,29,191,312,8.666666667,434,0,94,3,337,0,80,157,197,"Springfield","MO"
"2669",44180,"Springfield, MO",458834,207493,192437,1539,8,269,303,10,516,40,81,117,231,47,170,161,185,"Springfield","MO"
"2670",44180,"Springfield, MO",458834,207493,192437,1352,34,248,253,9.333333333,1468,109,41,449,671,198,484,560,424,"Springfield","MO"
"2671",44180,"Springfield, MO",458834,207493,192437,1136,0,130,381,1.666666667,20,0,0,18,1,1,7,11,2,"Springfield","MO"
"2672",44180,"Springfield, MO",458834,207493,192437,1515,43,89,420,8.166666667,999,196,77,84,502,140,325,421,253,"Springfield","MO"
"2673",44180,"Springfield, MO",458834,207493,192437,1578,27,367,501,7.666666667,147,7,23,2,95,20,36,58,53,"Springfield","MO"
"2674",44180,"Springfield, MO",458834,207493,192437,1112,210,297,132,8.833333333,78,11,56,0,11,0,13,39,26,"Springfield","MO"
"2675",44180,"Springfield, MO",458834,207493,192437,889,13,222,229,10.66666667,1148,0,166,50,629,303,316,390,442,"Springfield","MO"
"2676",44180,"Springfield, MO",458834,207493,192437,1318,57,169,333,10.33333333,1142,142,281,70,438,211,333,443,366,"Springfield","MO"
"2677",44180,"Springfield, MO",458834,207493,192437,2278,11,241,588,4.666666667,131,0,2,25,99,5,62,51,18,"Springfield","MO"
"2678",44180,"Springfield, MO",458834,207493,192437,2406,0,429,671,10.5,705,100,146,6,308,145,188,251,266,"Springfield","MO"
"2679",44180,"Springfield, MO",458834,207493,192437,925,0,33,284,3.833333333,38,0,1,3,34,0,20,14,4,"Springfield","MO"
"2680",44180,"Springfield, MO",458834,207493,192437,2243,159,195,558,6,320,1,1,90,205,23,77,118,125,"Springfield","MO"
"2681",44180,"Springfield, MO",458834,207493,192437,3250,71,257,194,9,120,14,0,0,0,106,75,37,8,"Springfield","MO"
"2682",44180,"Springfield, MO",458834,207493,192437,1696,137,355,273,5.5,1060,104,6,897,53,0,118,556,386,"Springfield","MO"
"2683",44180,"Springfield, MO",458834,207493,192437,2098,20,284,586,5.666666667,544,448,11,64,21,0,122,315,107,"Springfield","MO"
"2684",44180,"Springfield, MO",458834,207493,192437,4152,7,122,1370,7.333333333,980,98,112,180,537,53,248,373,359,"Springfield","MO"
"2685",44180,"Springfield, MO",458834,207493,192437,1038,48,366,214,9.5,1081,82,397,14,413,175,393,294,394,"Springfield","MO"
"2686",44180,"Springfield, MO",458834,207493,192437,851,14,214,224,5.333333333,18,0,0,11,7,0,5,7,6,"Springfield","MO"
"2687",44180,"Springfield, MO",458834,207493,192437,2610,29,272,784,9.333333333,699,24,110,80,438,47,127,309,263,"Springfield","MO"
"2688",44180,"Springfield, MO",458834,207493,192437,4211,78,611,1008,9.833333333,1118,258,145,140,375,200,403,429,286,"Springfield","MO"
"2689",44180,"Springfield, MO",458834,207493,192437,1993,38,223,568,4.333333333,112,1,0,68,41,2,34,48,30,"Springfield","MO"
"2690",27620,"Jefferson City, MO",151157,78179,68894,1485,35,151,225,8.5,627,6,217,29,375,0,120,256,251,"Jefferson City","MO"
"2691",44180,"Springfield, MO",458834,207493,192437,3368,33,303,792,8.166666667,1157,10,685,24,410,28,321,537,299,"Springfield","MO"
"2692",44180,"Springfield, MO",458834,207493,192437,1137,0,102,292,9.5,183,25,14,59,57,28,95,65,23,"Springfield","MO"
"2693",44180,"Springfield, MO",458834,207493,192437,2603,63,320,551,9.666666667,624,209,54,66,221,74,246,264,114,"Springfield","MO"
"2694",44180,"Springfield, MO",458834,207493,192437,1886,36,91,516,3,21,0,2,13,3,3,9,10,2,"Springfield","MO"
"2695",44180,"Springfield, MO",458834,207493,192437,2015,41,132,579,3.5,131,0,2,68,51,10,38,65,28,"Springfield","MO"
"2696",44180,"Springfield, MO",458834,207493,192437,1352,29,169,372,8,379,33,86,124,106,30,108,128,143,"Springfield","MO"
"2697",44180,"Springfield, MO",458834,207493,192437,1977,9,142,609,6.5,283,14,47,153,69,0,42,152,89,"Springfield","MO"
"2698",44180,"Springfield, MO",458834,207493,192437,1625,0,78,453,3.166666667,29,0,1,20,8,0,8,14,7,"Springfield","MO"
"2699",44180,"Springfield, MO",458834,207493,192437,890,30,86,287,3.333333333,34,7,0,23,4,0,9,15,10,"Springfield","MO"
"2700",44180,"Springfield, MO",458834,207493,192437,1597,0,302,489,6.5,12516,1044,1738,8282,790,662,1892,5310,5314,"Springfield","MO"
"2701",44180,"Springfield, MO",458834,207493,192437,1856,74,351,362,9,334,56,54,15,191,18,89,160,85,"Springfield","MO"
"2702",44180,"Springfield, MO",458834,207493,192437,2285,41,466,553,8.666666667,303,7,52,1,81,162,112,120,71,"Springfield","MO"
"2703",44180,"Springfield, MO",458834,207493,192437,1080,0,128,319,6.666666667,78,5,40,4,29,0,26,28,24,"Springfield","MO"
"2704",44180,"Springfield, MO",458834,207493,192437,879,10,90,247,9.166666667,204,34,9,54,104,3,44,79,81,"Springfield","MO"
"2705",44180,"Springfield, MO",458834,207493,192437,1175,121,343,171,10.16666667,6237,1633,603,126,2622,1253,1993,3059,1185,"Springfield","MO"
"2706",44180,"Springfield, MO",458834,207493,192437,1666,50,551,254,10.16666667,3931,510,472,59,2651,239,1332,1601,998,"Springfield","MO"
"2707",44180,"Springfield, MO",458834,207493,192437,1803,5,334,469,7.666666667,12479,176,1901,27,9879,496,1777,5390,5312,"Springfield","MO"
"2708",44180,"Springfield, MO",458834,207493,192437,935,9,230,233,9.666666667,1118,508,60,12,278,260,385,432,301,"Springfield","MO"
"2709",44180,"Springfield, MO",458834,207493,192437,3478,133,779,773,7.5,1751,151,54,536,976,34,299,699,753,"Springfield","MO"
"2710",44180,"Springfield, MO",458834,207493,192437,1391,15,298,285,9.5,4389,470,449,2190,1114,166,752,1619,2018,"Springfield","MO"
"2711",44180,"Springfield, MO",458834,207493,192437,2000,36,450,374,8.666666667,164,22,0,79,63,0,37,54,73,"Springfield","MO"
"2712",44180,"Springfield, MO",458834,207493,192437,1832,127,313,322,8.333333333,466,69,35,206,111,45,137,198,131,"Springfield","MO"
"2713",44180,"Springfield, MO",458834,207493,192437,826,57,125,113,8,200,7,0,0,157,36,153,38,9,"Springfield","MO"
"2714",44180,"Springfield, MO",458834,207493,192437,1215,73,231,237,6,31,0,4,12,15,0,14,14,3,"Springfield","MO"
"2715",44180,"Springfield, MO",458834,207493,192437,1590,78,363,232,9.333333333,555,142,44,1,353,15,147,253,155,"Springfield","MO"
"2716",44180,"Springfield, MO",458834,207493,192437,2153,136,364,457,10,1366,33,116,329,397,491,311,552,503,"Springfield","MO"
"2717",44180,"Springfield, MO",458834,207493,192437,700,24,125,137,7,18,2,0,6,10,0,6,8,4,"Springfield","MO"
"2718",44180,"Springfield, MO",458834,207493,192437,1611,19,101,519,5.166666667,57,0,13,18,18,8,15,23,19,"Springfield","MO"
"2719",44180,"Springfield, MO",458834,207493,192437,2017,16,113,708,8.333333333,523,257,86,8,95,77,145,204,174,"Springfield","MO"
"2720",44180,"Springfield, MO",458834,207493,192437,2093,15,392,480,5.166666667,143,3,8,32,10,90,41,79,23,"Springfield","MO"
"2721",44180,"Springfield, MO",458834,207493,192437,2180,44,387,595,10.16666667,916,288,132,11,265,220,376,302,238,"Springfield","MO"
"2722",44180,"Springfield, MO",458834,207493,192437,1013,0,102,247,4.333333333,66,1,3,1,16,45,32,29,5,"Springfield","MO"
"2723",44180,"Springfield, MO",458834,207493,192437,3539,169,792,892,10.5,3478,364,529,106,1344,1135,1154,1429,895,"Springfield","MO"
"2724",44180,"Springfield, MO",458834,207493,192437,3162,0,217,906,8.833333333,978,344,149,14,229,242,334,495,149,"Springfield","MO"
"2725",27620,"Jefferson City, MO",151157,78179,68894,1649,0,91,608,4.833333333,40,0,4,15,21,0,16,17,7,"Jefferson City","MO"
"2726",27620,"Jefferson City, MO",151157,78179,68894,1412,11,140,410,4.833333333,211,9,16,18,167,1,79,62,70,"Jefferson City","MO"
"2727",27620,"Jefferson City, MO",151157,78179,68894,1772,19,170,487,4.333333333,75,0,13,41,13,8,16,32,27,"Jefferson City","MO"
"2728",27620,"Jefferson City, MO",151157,78179,68894,2478,36,230,637,6.166666667,433,66,14,146,187,20,96,174,163,"Jefferson City","MO"
"2729",44180,"Springfield, MO",458834,207493,192437,761,21,100,186,4.666666667,60,13,0,26,15,6,19,32,9,"Springfield","MO"
"2730",44180,"Springfield, MO",458834,207493,192437,940,0,102,255,4.5,133,0,0,102,31,0,21,71,41,"Springfield","MO"
"2731",44180,"Springfield, MO",458834,207493,192437,2768,34,162,796,4.5,118,12,6,33,64,3,33,42,43,"Springfield","MO"
"2732",44180,"Springfield, MO",458834,207493,192437,1722,70,102,400,4,135,14,2,79,31,9,44,63,28,"Springfield","MO"
"2733",44180,"Springfield, MO",458834,207493,192437,2020,13,178,552,4.833333333,337,184,5,82,61,5,92,147,98,"Springfield","MO"
"2734",44180,"Springfield, MO",458834,207493,192437,1727,31,72,315,3.833333333,227,2,162,19,43,1,17,183,27,"Springfield","MO"
"2735",27620,"Jefferson City, MO",151157,78179,68894,992,30,147,306,5.166666667,1267,99,33,972,77,86,167,235,865,"Jefferson City","MO"
"2736",27620,"Jefferson City, MO",151157,78179,68894,2534,32,522,488,6.333333333,369,69,21,27,229,23,148,155,66,"Jefferson City","MO"
"2737",27620,"Jefferson City, MO",151157,78179,68894,3227,15,343,924,8,427,0,62,73,240,52,116,114,197,"Jefferson City","MO"
"2738",27620,"Jefferson City, MO",151157,78179,68894,3460,40,203,991,4.166666667,2350,14,1963,153,220,0,187,983,1180,"Jefferson City","MO"
"2739",27620,"Jefferson City, MO",151157,78179,68894,2587,16,253,625,3.833333333,176,7,0,144,18,7,36,85,55,"Jefferson City","MO"
"2740",27620,"Jefferson City, MO",151157,78179,68894,1276,14,128,403,6.333333333,1993,479,1333,26,53,102,366,783,844,"Jefferson City","MO"
"2741",44180,"Springfield, MO",458834,207493,192437,2235,3,225,619,6.833333333,569,31,13,214,275,36,129,221,219,"Springfield","MO"
"2742",27620,"Jefferson City, MO",151157,78179,68894,1354,0,246,158,4.666666667,200,0,16,161,8,15,32,103,65,"Jefferson City","MO"
"2743",27620,"Jefferson City, MO",151157,78179,68894,0,0,0,0,6.333333333,1628,0,0,0,1628,0,189,975,464,"Jefferson City","MO"
"2744",27620,"Jefferson City, MO",151157,78179,68894,1140,72,194,116,11.33333333,1180,96,410,95,356,223,421,506,253,"Jefferson City","MO"
"2745",44180,"Springfield, MO",458834,207493,192437,1371,12,144,372,4.666666667,7,0,0,5,2,0,3,3,1,"Springfield","MO"
"2746",44180,"Springfield, MO",458834,207493,192437,2963,31,355,836,5.666666667,194,14,3,12,165,0,28,61,105,"Springfield","MO"
"2747",44180,"Springfield, MO",458834,207493,192437,2627,13,444,698,8,454,4,101,26,263,60,117,174,163,"Springfield","MO"
"2748",44180,"Springfield, MO",458834,207493,192437,2900,48,265,868,8.333333333,2056,485,162,123,1226,60,317,804,935,"Springfield","MO"
"2749",27620,"Jefferson City, MO",151157,78179,68894,399,40,83,8,10.83333333,299,41,72,2,184,0,49,111,139,"Jefferson City","MO"
"2750",27620,"Jefferson City, MO",151157,78179,68894,229,18,75,48,6.5,62,0,0,1,9,52,28,30,4,"Jefferson City","MO"
"2751",44180,"Springfield, MO",458834,207493,192437,1707,15,154,554,9.666666667,1615,126,272,703,367,147,451,619,545,"Springfield","MO"
"2752",44180,"Springfield, MO",458834,207493,192437,1697,12,223,460,7,113,14,5,5,31,58,53,46,14,"Springfield","MO"
"2753",44180,"Springfield, MO",458834,207493,192437,2217,0,321,574,7.5,117,0,1,9,90,17,34,42,41,"Springfield","MO"
"2754",44180,"Springfield, MO",458834,207493,192437,2707,34,224,701,7,166,5,8,11,98,44,67,74,25,"Springfield","MO"
"2755",44180,"Springfield, MO",458834,207493,192437,627,10,107,187,6.666666667,1733,172,26,1258,216,61,272,417,1044,"Springfield","MO"
"2756",44180,"Springfield, MO",458834,207493,192437,936,136,269,198,6.666666667,169,14,1,0,154,0,32,113,24,"Springfield","MO"
"2757",44180,"Springfield, MO",458834,207493,192437,1847,68,282,490,6,16,0,9,4,3,0,6,5,5,"Springfield","MO"
"2758",44180,"Springfield, MO",458834,207493,192437,1448,0,127,386,6.166666667,68,7,1,14,46,0,39,21,8,"Springfield","MO"
"2759",44180,"Springfield, MO",458834,207493,192437,2712,23,435,551,6.5,249,22,12,166,38,11,38,56,155,"Springfield","MO"
"2760",44180,"Springfield, MO",458834,207493,192437,2783,68,169,262,12.33333333,8680,38,2775,449,5085,333,2612,2947,3121,"Springfield","MO"
"2761",44180,"Springfield, MO",458834,207493,192437,706,27,181,142,11.16666667,705,79,31,202,344,49,172,304,229,"Springfield","MO"
"2762",44180,"Springfield, MO",458834,207493,192437,1837,20,115,155,12,3341,96,102,550,2431,162,846,1596,899,"Springfield","MO"
"2763",44180,"Springfield, MO",458834,207493,192437,1213,112,143,329,9.166666667,130,28,0,34,38,30,46,62,22,"Springfield","MO"
"2764",44180,"Springfield, MO",458834,207493,192437,1366,123,193,325,9.333333333,225,16,9,15,67,118,85,87,53,"Springfield","MO"
"2765",44180,"Springfield, MO",458834,207493,192437,2234,23,402,359,7.333333333,349,27,2,169,83,68,171,105,73,"Springfield","MO"
"2766",44180,"Springfield, MO",458834,207493,192437,1643,107,579,322,9,3309,67,1691,304,931,316,571,1212,1526,"Springfield","MO"
"2767",44180,"Springfield, MO",458834,207493,192437,1591,42,669,201,8.333333333,312,94,49,0,99,70,114,133,65,"Springfield","MO"
"2768",44180,"Springfield, MO",458834,207493,192437,1169,37,283,311,10.16666667,1997,807,40,6,400,744,898,686,413,"Springfield","MO"
"2769",44180,"Springfield, MO",458834,207493,192437,1783,32,232,424,6.333333333,189,1,10,49,129,0,51,97,41,"Springfield","MO"
"2770",44180,"Springfield, MO",458834,207493,192437,1161,78,345,109,6.333333333,198,10,97,57,30,4,52,124,22,"Springfield","MO"
"2771",44180,"Springfield, MO",458834,207493,192437,1052,10,75,285,4.333333333,122,85,0,19,18,0,61,43,18,"Springfield","MO"
"2772",44180,"Springfield, MO",458834,207493,192437,993,0,68,267,4,37,8,6,3,2,18,24,10,3,"Springfield","MO"
"2773",44180,"Springfield, MO",458834,207493,192437,1970,0,40,592,3.833333333,61,14,2,34,11,0,26,25,10,"Springfield","MO"
"2774",44180,"Springfield, MO",458834,207493,192437,1806,0,169,458,3.666666667,89,21,0,52,16,0,31,27,31,"Springfield","MO"
"2775",44180,"Springfield, MO",458834,207493,192437,444,0,77,61,2,3,0,0,2,1,0,1,2,0,"Springfield","MO"
"2776",44180,"Springfield, MO",458834,207493,192437,1909,114,161,362,3.333333333,29,6,9,11,3,0,17,12,0,"Springfield","MO"
"2777",44180,"Springfield, MO",458834,207493,192437,893,14,47,275,3.333333333,37,0,10,0,27,0,26,9,2,"Springfield","MO"
"2778",44180,"Springfield, MO",458834,207493,192437,749,0,40,323,2.833333333,11,0,0,5,6,0,6,2,3,"Springfield","MO"
"2779",44180,"Springfield, MO",458834,207493,192437,623,56,53,201,2.333333333,23,0,0,18,5,0,6,16,1,"Springfield","MO"
"2780",44180,"Springfield, MO",458834,207493,192437,847,26,127,238,7,255,25,33,27,147,23,85,84,86,"Springfield","MO"
"2781",44180,"Springfield, MO",458834,207493,192437,2007,16,302,448,8,649,94,56,310,142,47,177,301,171,"Springfield","MO"
"2782",44180,"Springfield, MO",458834,207493,192437,3343,58,170,933,5.166666667,88,0,20,34,25,9,45,24,19,"Springfield","MO"
"2783",27620,"Jefferson City, MO",151157,78179,68894,1242,18,158,265,10,261,4,50,56,91,60,67,68,126,"Jefferson City","MO"
"2784",27620,"Jefferson City, MO",151157,78179,68894,469,0,118,95,9.666666667,5317,1688,726,810,1157,936,1771,2121,1425,"Jefferson City","MO"
"2785",27620,"Jefferson City, MO",151157,78179,68894,1793,23,334,358,6.666666667,301,5,1,12,269,14,119,108,74,"Jefferson City","MO"
"2786",27620,"Jefferson City, MO",151157,78179,68894,1127,22,321,189,9,219,11,1,114,32,61,74,40,105,"Jefferson City","MO"
"2787",27620,"Jefferson City, MO",151157,78179,68894,1486,371,415,42,10.5,9359,134,7041,263,1268,653,1131,4337,3891,"Jefferson City","MO"
"2788",44180,"Springfield, MO",458834,207493,192437,4339,83,416,1206,7.833333333,348,45,10,23,109,161,152,126,70,"Springfield","MO"
"2789",44180,"Springfield, MO",458834,207493,192437,1701,89,187,83,8.333333333,3112,0,37,0,3023,52,780,939,1393,"Springfield","MO"
"2790",44180,"Springfield, MO",458834,207493,192437,622,10,96,209,8.833333333,47,0,0,0,0,47,39,6,2,"Springfield","MO"
"2791",44180,"Springfield, MO",458834,207493,192437,1145,23,153,326,11.16666667,272,54,10,14,80,114,108,118,46,"Springfield","MO"
"2792",44180,"Springfield, MO",458834,207493,192437,851,0,129,280,8.833333333,44,6,0,4,34,0,9,25,10,"Springfield","MO"
"2793",44180,"Springfield, MO",458834,207493,192437,810,27,185,170,10.83333333,720,213,17,4,202,284,298,281,141,"Springfield","MO"
"2794",44180,"Springfield, MO",458834,207493,192437,1004,0,296,185,11,486,141,173,11,101,60,112,159,215,"Springfield","MO"
"2795",44180,"Springfield, MO",458834,207493,192437,2469,128,533,517,11,1538,119,454,97,780,88,431,738,369,"Springfield","MO"
"2796",44180,"Springfield, MO",458834,207493,192437,826,98,185,134,5.666666667,23,19,0,0,4,0,9,13,1,"Springfield","MO"
"2797",44180,"Springfield, MO",458834,207493,192437,692,67,120,76,9.666666667,66,10,0,13,43,0,17,25,24,"Springfield","MO"
"2798",44180,"Springfield, MO",458834,207493,192437,1154,98,258,163,9.666666667,213,61,2,106,44,0,40,78,95,"Springfield","MO"
"2799",44180,"Springfield, MO",458834,207493,192437,1148,9,191,183,9.5,312,18,0,79,215,0,40,151,121,"Springfield","MO"
"2800",44180,"Springfield, MO",458834,207493,192437,589,31,73,115,12.66666667,427,24,24,148,193,38,142,112,173,"Springfield","MO"
"2801",44180,"Springfield, MO",458834,207493,192437,1153,55,203,173,10.33333333,191,0,0,1,142,48,72,61,58,"Springfield","MO"
"2802",27620,"Jefferson City, MO",151157,78179,68894,1181,200,245,129,9.666666667,221,5,9,0,207,0,51,104,66,"Jefferson City","MO"
"2803",27620,"Jefferson City, MO",151157,78179,68894,1096,19,433,138,11,515,203,56,7,249,0,184,189,142,"Jefferson City","MO"
"2804",27620,"Jefferson City, MO",151157,78179,68894,725,8,101,147,10.66666667,1464,185,453,295,304,227,413,647,404,"Jefferson City","MO"
"2805",27620,"Jefferson City, MO",151157,78179,68894,1187,13,110,350,9.833333333,5600,854,2472,924,1002,348,1529,2271,1800,"Jefferson City","MO"
"2806",27620,"Jefferson City, MO",151157,78179,68894,801,197,315,90,6.833333333,230,0,0,16,214,0,54,108,68,"Jefferson City","MO"
"2807",27620,"Jefferson City, MO",151157,78179,68894,1356,4,52,465,2.333333333,86,4,0,65,13,4,34,40,12,"Jefferson City","MO"
"2808",27620,"Jefferson City, MO",151157,78179,68894,1718,44,212,432,9,843,182,180,122,259,100,339,281,223,"Jefferson City","MO"
"2809",27620,"Jefferson City, MO",151157,78179,68894,1873,26,151,527,7,552,40,13,124,305,70,218,181,153,"Jefferson City","MO"
"2810",27620,"Jefferson City, MO",151157,78179,68894,758,24,56,279,4.666666667,87,20,5,41,15,6,27,34,26,"Jefferson City","MO"
"2811",27620,"Jefferson City, MO",151157,78179,68894,588,22,65,167,5.5,141,1,23,61,51,5,37,62,42,"Jefferson City","MO"
"2812",27620,"Jefferson City, MO",151157,78179,68894,1437,64,69,327,2.833333333,1129,67,5,1037,6,14,175,741,213,"Jefferson City","MO"
"2813",27620,"Jefferson City, MO",151157,78179,68894,914,16,36,296,2.666666667,68,0,0,66,2,0,12,42,14,"Jefferson City","MO"
"2814",27620,"Jefferson City, MO",151157,78179,68894,1220,0,101,278,3.333333333,71,4,0,49,12,6,46,12,13,"Jefferson City","MO"
"2815",27620,"Jefferson City, MO",151157,78179,68894,1429,0,52,489,4,112,5,1,64,42,0,31,53,28,"Jefferson City","MO"
"2816",27620,"Jefferson City, MO",151157,78179,68894,1569,2,169,411,5.666666667,475,25,7,133,241,69,135,163,177,"Jefferson City","MO"
"2817",27620,"Jefferson City, MO",151157,78179,68894,757,20,53,204,3.666666667,301,2,23,268,5,3,43,126,132,"Jefferson City","MO"
"2818",44180,"Springfield, MO",458834,207493,192437,1086,6,118,329,9.833333333,181,6,28,47,61,39,69,84,28,"Springfield","MO"
"2819",44180,"Springfield, MO",458834,207493,192437,1120,10,254,370,10.5,872,161,244,16,337,114,202,410,260,"Springfield","MO"
"2820",44180,"Springfield, MO",458834,207493,192437,1100,7,271,249,10.5,1813,192,218,50,1107,246,852,748,213,"Springfield","MO"
"2821",44180,"Springfield, MO",458834,207493,192437,860,124,185,146,10.33333333,2270,1691,148,4,74,353,1229,813,228,"Springfield","MO"
"2822",44180,"Springfield, MO",458834,207493,192437,1511,35,298,264,7.166666667,7656,75,77,1,7453,50,975,3604,3077,"Springfield","MO"
"2823",44180,"Springfield, MO",458834,207493,192437,670,10,189,151,10,223,36,4,6,128,49,50,97,76,"Springfield","MO"
"2824",44180,"Springfield, MO",458834,207493,192437,1780,7,420,420,9,397,69,93,4,176,55,169,153,75,"Springfield","MO"
"2825",44180,"Springfield, MO",458834,207493,192437,1162,18,292,234,9.5,203,54,18,37,42,52,85,90,28,"Springfield","MO"
"2826",44180,"Springfield, MO",458834,207493,192437,1185,49,259,296,8.5,100,12,1,33,30,24,40,38,22,"Springfield","MO"
"2827",44180,"Springfield, MO",458834,207493,192437,895,88,157,217,9.333333333,933,264,165,0,227,277,421,356,156,"Springfield","MO"
"2828",44180,"Springfield, MO",458834,207493,192437,747,42,226,186,9.5,457,99,95,8,68,187,191,167,99,"Springfield","MO"
"2829",44180,"Springfield, MO",458834,207493,192437,695,95,168,138,7,1581,11,175,3,1257,135,296,601,684,"Springfield","MO"
"2830",44180,"Springfield, MO",458834,207493,192437,3154,353,766,485,10.33333333,1003,123,177,8,472,223,362,451,190,"Springfield","MO"
"2831",44180,"Springfield, MO",458834,207493,192437,2038,187,374,492,9.333333333,1799,936,105,99,481,178,705,821,273,"Springfield","MO"
"2832",44180,"Springfield, MO",458834,207493,192437,2305,12,354,551,8.666666667,847,583,30,18,103,113,280,386,181,"Springfield","MO"
"2833",44180,"Springfield, MO",458834,207493,192437,1776,0,270,438,9.666666667,293,30,36,31,163,33,90,140,63,"Springfield","MO"
"2834",44180,"Springfield, MO",458834,207493,192437,1723,138,322,181,7.833333333,659,5,8,241,382,23,151,251,257,"Springfield","MO"
"2835",44180,"Springfield, MO",458834,207493,192437,1071,54,272,131,9.833333333,364,135,12,173,44,0,41,121,202,"Springfield","MO"
"2836",44180,"Springfield, MO",458834,207493,192437,1644,53,363,247,6.833333333,1249,0,15,1166,68,0,184,346,719,"Springfield","MO"
"2837",44180,"Springfield, MO",458834,207493,192437,751,121,216,97,8,115,61,0,37,17,0,32,61,22,"Springfield","MO"
"2838",44180,"Springfield, MO",458834,207493,192437,1734,37,270,288,9.833333333,323,18,0,42,231,32,64,129,130,"Springfield","MO"
"2839",44180,"Springfield, MO",458834,207493,192437,1129,139,157,187,10.16666667,1260,69,133,764,278,16,139,541,580,"Springfield","MO"
"2840",44180,"Springfield, MO",458834,207493,192437,959,10,207,143,13.16666667,469,72,51,168,103,75,143,209,117,"Springfield","MO"
"2841",44180,"Springfield, MO",458834,207493,192437,985,78,249,98,8.166666667,72,28,0,36,8,0,20,39,13,"Springfield","MO"
"2842",44180,"Springfield, MO",458834,207493,192437,1525,70,351,297,10.16666667,306,62,48,56,76,64,75,113,118,"Springfield","MO"
"2843",44180,"Springfield, MO",458834,207493,192437,942,85,145,169,11.33333333,853,60,24,219,430,120,151,335,367,"Springfield","MO"
"2844",44180,"Springfield, MO",458834,207493,192437,1073,87,279,237,10,228,20,24,7,123,54,110,69,49,"Springfield","MO"
"2845",44180,"Springfield, MO",458834,207493,192437,2147,163,568,288,11.33333333,1026,61,314,13,155,483,430,423,173,"Springfield","MO"
"2846",44180,"Springfield, MO",458834,207493,192437,1410,31,267,423,9.666666667,2206,319,153,264,851,619,780,819,607,"Springfield","MO"
"2847",25740,"Helena, MT",78855,38578,37038,1014,6,221,222,5.333333333,859,0,0,10,848,1,274,218,367,"Helena","MT"
"2848",25740,"Helena, MT",78855,38578,37038,705,9,96,189,8.833333333,229,31,15,22,142,19,105,78,46,"Helena","MT"
"2849",25740,"Helena, MT",78855,38578,37038,1156,4,56,305,4.5,153,12,1,76,52,12,51,47,55,"Helena","MT"
"2850",25740,"Helena, MT",78855,38578,37038,1831,0,125,474,7,121,21,0,30,61,9,56,46,19,"Helena","MT"
"2851",25740,"Helena, MT",78855,38578,37038,2173,10,165,593,6.166666667,70,16,4,23,27,0,13,33,24,"Helena","MT"
"2852",25740,"Helena, MT",78855,38578,37038,3300,20,114,974,5.833333333,233,48,4,101,22,58,72,87,74,"Helena","MT"
"2853",25740,"Helena, MT",78855,38578,37038,1516,11,109,484,7,78,10,5,13,44,6,26,30,22,"Helena","MT"
"2854",25740,"Helena, MT",78855,38578,37038,1091,126,195,284,13.66666667,2090,230,234,360,1049,217,654,735,701,"Helena","MT"
"2855",25740,"Helena, MT",78855,38578,37038,3943,38,374,1207,9.166666667,1305,152,194,79,660,220,394,384,527,"Helena","MT"
"2856",25740,"Helena, MT",78855,38578,37038,2194,117,476,412,8.666666667,4015,736,470,1372,1253,184,671,1270,2074,"Helena","MT"
"2857",25740,"Helena, MT",78855,38578,37038,1351,18,149,298,11.16666667,291,27,0,11,188,65,128,112,51,"Helena","MT"
"2858",25740,"Helena, MT",78855,38578,37038,1401,13,175,364,9.666666667,72,25,3,11,31,2,28,25,19,"Helena","MT"
"2859",25740,"Helena, MT",78855,38578,37038,1320,0,121,424,9,168,25,2,16,125,0,56,61,51,"Helena","MT"
"2860",25740,"Helena, MT",78855,38578,37038,1129,0,27,425,8.666666667,865,499,55,3,50,258,365,395,105,"Helena","MT"
"2861",25740,"Helena, MT",78855,38578,37038,1895,35,78,643,4.166666667,104,0,1,15,54,34,42,49,13,"Helena","MT"
"2862",25740,"Helena, MT",78855,38578,37038,1028,37,219,233,11,1278,443,93,219,213,310,427,584,267,"Helena","MT"
"2863",25740,"Helena, MT",78855,38578,37038,1152,7,72,472,2.666666667,193,6,1,158,8,20,29,17,147,"Helena","MT"
"2864",25740,"Helena, MT",78855,38578,37038,622,4,70,176,11.33333333,307,54,152,28,55,18,100,116,91,"Helena","MT"
"2865",25740,"Helena, MT",78855,38578,37038,493,13,51,95,5,292,0,15,10,250,17,72,120,100,"Helena","MT"
"2866",25740,"Helena, MT",78855,38578,37038,649,27,50,208,7.666666667,131,38,19,18,39,17,56,48,27,"Helena","MT"
"2867",25740,"Helena, MT",78855,38578,37038,1743,20,122,518,5.5,226,0,20,94,61,51,75,88,63,"Helena","MT"
"2868",25740,"Helena, MT",78855,38578,37038,1019,0,68,332,6.333333333,391,0,3,152,162,74,111,107,173,"Helena","MT"
"2869",25740,"Helena, MT",78855,38578,37038,1743,10,86,507,6,296,0,12,173,91,20,71,84,141,"Helena","MT"
"2870",25740,"Helena, MT",78855,38578,37038,2496,5,107,765,6.5,330,16,4,101,165,44,93,121,116,"Helena","MT"
"2871",25740,"Helena, MT",78855,38578,37038,507,6,67,173,8.166666667,181,8,27,53,56,37,78,51,52,"Helena","MT"
"2872",25740,"Helena, MT",78855,38578,37038,1195,0,194,301,11.33333333,149,63,7,33,19,27,52,68,29,"Helena","MT"
"2873",25740,"Helena, MT",78855,38578,37038,731,22,129,184,9,53,0,6,0,47,0,15,14,24,"Helena","MT"
"2874",25740,"Helena, MT",78855,38578,37038,494,10,56,191,4.5,105,24,1,53,11,16,40,35,30,"Helena","MT"
"2875",25740,"Helena, MT",78855,38578,37038,1420,107,329,335,8,1619,63,767,48,599,142,291,457,871,"Helena","MT"
"2876",25740,"Helena, MT",78855,38578,37038,1003,0,217,296,3.666666667,44,0,0,3,41,0,6,15,23,"Helena","MT"
"2877",25740,"Helena, MT",78855,38578,37038,720,0,92,230,4.833333333,151,12,0,88,23,28,61,67,23,"Helena","MT"
"2878",25740,"Helena, MT",78855,38578,37038,611,39,51,245,11.83333333,167,18,25,18,103,3,69,48,50,"Helena","MT"
"2879",25740,"Helena, MT",78855,38578,37038,994,0,82,376,3.833333333,109,0,2,43,19,45,62,32,15,"Helena","MT"
"2880",25740,"Helena, MT",78855,38578,37038,727,0,137,253,6.833333333,518,15,25,115,279,84,177,240,101,"Helena","MT"
"2881",25740,"Helena, MT",78855,38578,37038,1552,0,135,489,4.5,51,0,3,7,28,13,31,11,9,"Helena","MT"
"2882",25740,"Helena, MT",78855,38578,37038,1315,8,118,397,3.166666667,429,4,360,33,18,14,97,142,190,"Helena","MT"
"2883",25740,"Helena, MT",78855,38578,37038,945,7,42,335,3.5,71,0,2,16,53,0,19,28,24,"Helena","MT"
"2884",25740,"Helena, MT",78855,38578,37038,2013,0,152,576,5.166666667,230,1,6,95,127,1,65,65,100,"Helena","MT"
"2885",25740,"Helena, MT",78855,38578,37038,2228,25,104,682,4.833333333,149,6,0,53,61,29,38,64,47,"Helena","MT"
"2886",25740,"Helena, MT",78855,38578,37038,1445,92,93,344,6.833333333,227,57,28,10,90,42,65,98,64,"Helena","MT"
"2887",25740,"Helena, MT",78855,38578,37038,1401,0,173,398,8.5,2346,457,183,1075,455,176,575,647,1124,"Helena","MT"
"2888",25740,"Helena, MT",78855,38578,37038,1127,2,85,350,4.833333333,193,20,118,43,12,0,23,73,97,"Helena","MT"
"2889",25740,"Helena, MT",78855,38578,37038,1513,15,120,159,11.16666667,2877,216,524,111,1474,552,1019,747,1111,"Helena","MT"
"2890",25740,"Helena, MT",78855,38578,37038,1160,12,16,340,9.166666667,239,0,11,1,178,49,67,69,103,"Helena","MT"
"2891",25740,"Helena, MT",78855,38578,37038,2151,14,267,641,11.5,1180,230,182,146,499,123,369,406,405,"Helena","MT"
"2892",25740,"Helena, MT",78855,38578,37038,827,0,35,311,4.333333333,73,0,0,40,29,4,20,19,34,"Helena","MT"
"2893",25740,"Helena, MT",78855,38578,37038,1770,13,90,545,5,98,8,1,49,30,10,37,36,25,"Helena","MT"
"2894",25740,"Helena, MT",78855,38578,37038,822,0,50,298,11.83333333,199,39,3,15,103,39,69,60,70,"Helena","MT"
"2895",25740,"Helena, MT",78855,38578,37038,1235,215,235,267,13.66666667,2665,86,1176,313,889,201,570,701,1394,"Helena","MT"
"2896",25740,"Helena, MT",78855,38578,37038,720,24,151,152,10.5,442,10,3,50,363,16,114,144,184,"Helena","MT"
"2897",25740,"Helena, MT",78855,38578,37038,763,124,125,114,10.66666667,878,133,237,11,109,388,328,330,220,"Helena","MT"
"2898",25740,"Helena, MT",78855,38578,37038,841,35,233,156,8.166666667,12,1,5,0,6,0,4,0,8,"Helena","MT"
"2899",25740,"Helena, MT",78855,38578,37038,753,9,178,193,7.5,5451,43,5128,16,204,60,365,1668,3418,"Helena","MT"
"2900",25740,"Helena, MT",78855,38578,37038,772,0,80,208,11.16666667,129,17,60,0,52,0,17,28,84,"Helena","MT"
"2901",25740,"Helena, MT",78855,38578,37038,970,0,47,285,12.66666667,612,0,159,13,270,170,130,214,268,"Helena","MT"
"2902",25740,"Helena, MT",78855,38578,37038,1303,150,198,287,6.166666667,1847,0,12,2,1823,10,255,619,973,"Helena","MT"
"2903",25740,"Helena, MT",78855,38578,37038,1588,46,258,423,6,141,3,15,28,95,0,40,30,71,"Helena","MT"
"2904",25740,"Helena, MT",78855,38578,37038,831,0,97,257,5.666666667,23,0,0,5,17,1,7,7,9,"Helena","MT"
"2905",25740,"Helena, MT",78855,38578,37038,1109,6,111,416,4.666666667,171,38,6,69,8,50,82,64,25,"Helena","MT"
"2906",25740,"Helena, MT",78855,38578,37038,950,15,77,362,6.666666667,205,0,3,54,59,89,78,69,58,"Helena","MT"
"2907",25740,"Helena, MT",78855,38578,37038,1385,49,313,233,12.5,447,178,50,15,118,86,148,192,107,"Helena","MT"
"2908",16180,"Carson City, NV",54467,27881,24689,0,0,0,0,1,0,0,0,0,0,0,0,0,0,"Carson City","NV"
"2909",16180,"Carson City, NV",54467,27881,24689,1377,17,164,318,9.833333333,1227,268,164,168,131,496,198,527,502,"Carson City","NV"
"2910",16180,"Carson City, NV",54467,27881,24689,900,48,191,157,9.833333333,143,26,33,8,40,36,41,57,45,"Carson City","NV"
"2911",16180,"Carson City, NV",54467,27881,24689,1411,0,150,359,7.5,142,0,7,107,28,0,21,65,56,"Carson City","NV"
"2912",16180,"Carson City, NV",54467,27881,24689,894,59,93,196,15.33333333,310,53,8,37,118,94,156,121,33,"Carson City","NV"
"2913",16180,"Carson City, NV",54467,27881,24689,1385,16,260,408,7.333333333,169,34,3,0,130,2,59,70,40,"Carson City","NV"
"2914",16180,"Carson City, NV",54467,27881,24689,1587,19,455,268,9.166666667,117,55,18,37,7,0,28,69,20,"Carson City","NV"
"2915",16180,"Carson City, NV",54467,27881,24689,957,0,46,294,7.5,306,29,15,177,81,4,37,130,139,"Carson City","NV"
"2916",16180,"Carson City, NV",54467,27881,24689,1352,16,206,308,6.333333333,74,8,0,32,14,20,24,28,22,"Carson City","NV"
"2917",16180,"Carson City, NV",54467,27881,24689,920,0,63,296,6,3,0,0,0,3,0,0,0,3,"Carson City","NV"
"2918",16180,"Carson City, NV",54467,27881,24689,2855,46,327,697,15.83333333,1156,367,312,160,184,133,232,451,473,"Carson City","NV"
"2919",16180,"Carson City, NV",54467,27881,24689,1439,0,180,458,8.666666667,19,1,3,7,8,0,8,3,8,"Carson City","NV"
"2920",16180,"Carson City, NV",54467,27881,24689,1535,236,281,273,9.5,364,135,4,4,155,66,157,138,69,"Carson City","NV"
"2921",16180,"Carson City, NV",54467,27881,24689,1286,0,191,282,8.333333333,173,63,7,9,7,87,85,79,9,"Carson City","NV"
"2922",16180,"Carson City, NV",54467,27881,24689,1385,36,146,312,8.666666667,316,36,3,61,25,191,107,154,55,"Carson City","NV"
"2923",16180,"Carson City, NV",54467,27881,24689,2236,0,280,324,6.333333333,366,41,19,1,42,263,111,223,32,"Carson City","NV"
"2924",16180,"Carson City, NV",54467,27881,24689,1126,11,106,327,7,89,1,16,10,62,0,12,43,34,"Carson City","NV"
"2925",16180,"Carson City, NV",54467,27881,24689,1685,20,119,640,3.333333333,29,0,2,9,18,0,7,13,9,"Carson City","NV"
"2926",16180,"Carson City, NV",54467,27881,24689,2266,0,49,324,3.5,551,0,510,15,25,1,21,110,420,"Carson City","NV"
"2927",16180,"Carson City, NV",54467,27881,24689,1236,0,61,489,4,386,4,44,297,41,0,45,156,185,"Carson City","NV"
"2928",16180,"Carson City, NV",54467,27881,24689,1092,0,102,242,8,50,2,44,4,0,0,6,12,32,"Carson City","NV"
"2929",16180,"Carson City, NV",54467,27881,24689,1772,28,335,454,7.833333333,2922,188,142,53,2449,90,568,944,1410,"Carson City","NV"
"2930",16180,"Carson City, NV",54467,27881,24689,1220,32,255,322,11.5,591,162,138,6,188,97,164,200,227,"Carson City","NV"
"2931",16180,"Carson City, NV",54467,27881,24689,971,65,269,209,17.66666667,4904,157,2211,89,1873,574,822,1295,2787,"Carson City","NV"
"2932",16180,"Carson City, NV",54467,27881,24689,822,9,137,193,11,155,1,13,44,90,7,39,50,66,"Carson City","NV"
"2933",16180,"Carson City, NV",54467,27881,24689,1097,51,289,257,14.66666667,356,87,70,11,66,122,85,167,104,"Carson City","NV"
"2934",16180,"Carson City, NV",54467,27881,24689,1546,33,158,478,14,692,13,181,11,436,51,120,262,310,"Carson City","NV"
"2935",16180,"Carson City, NV",54467,27881,24689,2099,85,574,380,14.5,2248,228,1612,41,142,225,291,617,1340,"Carson City","NV"
"2936",16180,"Carson City, NV",54467,27881,24689,742,11,161,214,13.33333333,464,1,21,27,399,16,72,167,225,"Carson City","NV"
"2937",16180,"Carson City, NV",54467,27881,24689,1480,0,116,414,6.5,1255,17,132,973,111,22,117,441,697,"Carson City","NV"
"2938",16180,"Carson City, NV",54467,27881,24689,917,25,217,216,8.833333333,1035,3,513,213,198,108,150,279,606,"Carson City","NV"
"2939",16180,"Carson City, NV",54467,27881,24689,1442,52,364,243,12.16666667,181,31,53,1,10,86,43,79,59,"Carson City","NV"
"2940",16180,"Carson City, NV",54467,27881,24689,827,25,156,210,15.66666667,710,112,325,44,78,151,150,191,369,"Carson City","NV"
"2941",16180,"Carson City, NV",54467,27881,24689,1464,21,180,466,13.83333333,194,0,21,104,69,0,40,72,82,"Carson City","NV"
"2942",16180,"Carson City, NV",54467,27881,24689,1262,144,307,168,15,607,4,287,63,213,40,120,180,307,"Carson City","NV"
"2943",16180,"Carson City, NV",54467,27881,24689,1878,21,276,374,15.5,188,16,67,0,88,17,39,54,95,"Carson City","NV"
"2944",16180,"Carson City, NV",54467,27881,24689,310,0,65,88,7.833333333,467,2,313,103,49,0,13,131,323,"Carson City","NV"
"2945",16180,"Carson City, NV",54467,27881,24689,980,31,20,237,8.333333333,150,0,71,43,33,3,12,47,91,"Carson City","NV"
"2946",16180,"Carson City, NV",54467,27881,24689,1067,16,172,241,7.333333333,3,0,0,0,0,3,3,0,0,"Carson City","NV"
"2947",16180,"Carson City, NV",54467,27881,24689,1205,52,206,297,13.16666667,312,11,10,24,264,3,134,132,46,"Carson City","NV"
"2948",16180,"Carson City, NV",54467,27881,24689,616,45,209,88,17,533,75,152,9,276,21,165,207,161,"Carson City","NV"
"2949",16180,"Carson City, NV",54467,27881,24689,401,13,25,83,6.666666667,1192,493,69,69,102,459,470,478,244,"Carson City","NV"
"2950",16180,"Carson City, NV",54467,27881,24689,1425,23,86,504,5,2732,17,606,1995,84,30,189,800,1743,"Carson City","NV"
"2951",18180,"Concord, NH",149452,83658,76263,1074,18,77,353,7.833333333,306,14,128,68,28,68,59,83,164,"Concord","NH"
"2952",18180,"Concord, NH",149452,83658,76263,1923,128,338,429,6.833333333,221,52,2,45,49,73,76,89,56,"Concord","NH"
"2953",18180,"Concord, NH",149452,83658,76263,1000,27,117,322,5.333333333,199,21,0,128,21,29,55,91,53,"Concord","NH"
"2954",18180,"Concord, NH",149452,83658,76263,1405,26,147,366,7.833333333,627,36,22,173,203,193,161,209,257,"Concord","NH"
"2955",18180,"Concord, NH",149452,83658,76263,1790,40,130,587,5.5,158,0,38,74,42,4,34,41,83,"Concord","NH"
"2956",18180,"Concord, NH",149452,83658,76263,446,0,35,150,4,487,0,0,455,17,15,58,229,200,"Concord","NH"
"2957",18180,"Concord, NH",149452,83658,76263,1223,0,64,388,8,361,43,33,99,163,23,99,113,149,"Concord","NH"
"2958",18180,"Concord, NH",149452,83658,76263,2123,104,580,291,6,286,9,7,1,131,138,98,139,49,"Concord","NH"
"2959",18180,"Concord, NH",149452,83658,76263,1229,26,179,318,8.5,2853,1610,183,88,743,229,1186,1065,602,"Concord","NH"
"2960",18180,"Concord, NH",149452,83658,76263,1131,8,59,320,6.333333333,213,11,18,103,67,14,40,63,110,"Concord","NH"
"2961",18180,"Concord, NH",149452,83658,76263,1494,0,88,481,8,480,141,78,128,111,22,96,145,239,"Concord","NH"
"2962",18180,"Concord, NH",149452,83658,76263,2335,27,132,789,6.5,324,49,27,84,136,28,66,132,126,"Concord","NH"
"2963",18180,"Concord, NH",149452,83658,76263,1201,0,71,406,6.5,249,9,84,37,115,4,77,70,102,"Concord","NH"
"2964",18180,"Concord, NH",149452,83658,76263,1013,7,75,262,6,3212,424,106,2062,586,34,410,932,1870,"Concord","NH"
"2965",18180,"Concord, NH",149452,83658,76263,1535,20,162,421,9.333333333,322,43,62,11,187,19,74,101,147,"Concord","NH"
"2966",18180,"Concord, NH",149452,83658,76263,1585,143,379,319,13.16666667,5026,476,1796,137,2245,372,1106,1281,2639,"Concord","NH"
"2967",18180,"Concord, NH",149452,83658,76263,1554,19,172,391,5.166666667,57,11,9,7,30,0,15,17,25,"Concord","NH"
"2968",18180,"Concord, NH",149452,83658,76263,827,10,157,195,9.333333333,351,36,57,115,119,24,113,98,140,"Concord","NH"
"2969",18180,"Concord, NH",149452,83658,76263,1714,11,84,499,6.666666667,660,21,102,432,101,4,103,187,370,"Concord","NH"
"2970",18180,"Concord, NH",149452,83658,76263,1463,58,142,444,6.5,549,29,20,28,464,8,90,181,278,"Concord","NH"
"2971",18180,"Concord, NH",149452,83658,76263,3045,45,192,351,8.5,486,42,73,120,247,4,93,137,256,"Concord","NH"
"2972",18180,"Concord, NH",149452,83658,76263,3481,16,282,937,6.333333333,492,28,71,237,126,30,107,166,219,"Concord","NH"
"2973",18180,"Concord, NH",149452,83658,76263,1047,0,53,253,6.666666667,997,172,31,562,192,40,118,291,588,"Concord","NH"
"2974",18180,"Concord, NH",149452,83658,76263,1331,0,71,412,3.833333333,98,0,0,37,61,0,52,28,18,"Concord","NH"
"2975",18180,"Concord, NH",149452,83658,76263,931,7,79,298,5.666666667,92,16,18,7,49,2,28,33,31,"Concord","NH"
"2976",18180,"Concord, NH",149452,83658,76263,1593,24,173,374,7.666666667,555,204,8,71,187,85,249,167,139,"Concord","NH"
"2977",18180,"Concord, NH",149452,83658,76263,995,11,91,372,4.5,536,19,8,30,13,466,394,92,50,"Concord","NH"
"2978",18180,"Concord, NH",149452,83658,76263,1571,7,153,302,9,660,52,27,23,402,156,233,211,216,"Concord","NH"
"2979",18180,"Concord, NH",149452,83658,76263,2150,129,142,578,3.166666667,4489,11,4,73,4396,5,471,1514,2504,"Concord","NH"
"2980",18180,"Concord, NH",149452,83658,76263,856,23,67,198,5.5,359,37,220,9,78,15,43,92,224,"Concord","NH"
"2981",18180,"Concord, NH",149452,83658,76263,1298,9,215,265,8.333333333,171,0,29,25,82,35,57,50,64,"Concord","NH"
"2982",18180,"Concord, NH",149452,83658,76263,1319,18,146,360,5.166666667,301,20,54,189,20,18,78,84,139,"Concord","NH"
"2983",18180,"Concord, NH",149452,83658,76263,1617,0,224,359,7,118,14,0,27,69,8,39,35,44,"Concord","NH"
"2984",18180,"Concord, NH",149452,83658,76263,1823,0,165,500,7.5,631,44,31,163,329,64,165,245,221,"Concord","NH"
"2985",18180,"Concord, NH",149452,83658,76263,872,0,284,125,12.66666667,322,18,110,5,164,25,64,82,176,"Concord","NH"
"2986",18180,"Concord, NH",149452,83658,76263,993,146,225,192,12.33333333,857,6,312,255,281,3,145,299,413,"Concord","NH"
"2987",18180,"Concord, NH",149452,83658,76263,773,0,149,193,9.666666667,59,0,3,0,47,9,26,17,16,"Concord","NH"
"2988",18180,"Concord, NH",149452,83658,76263,1768,19,203,285,5.333333333,886,36,177,56,616,1,103,307,476,"Concord","NH"
"2989",18180,"Concord, NH",149452,83658,76263,1684,0,145,496,5.5,412,44,28,32,289,19,98,124,190,"Concord","NH"
"2990",18180,"Concord, NH",149452,83658,76263,1550,13,171,502,6.5,330,3,88,63,145,31,91,110,129,"Concord","NH"
"2991",18180,"Concord, NH",149452,83658,76263,1828,10,285,464,5.166666667,480,20,3,295,137,25,46,149,285,"Concord","NH"
"2992",18180,"Concord, NH",149452,83658,76263,1201,0,105,363,3.666666667,535,0,0,479,55,1,26,105,404,"Concord","NH"
"2993",18180,"Concord, NH",149452,83658,76263,1415,0,79,421,3.5,104,6,12,76,10,0,11,26,67,"Concord","NH"
"2994",18180,"Concord, NH",149452,83658,76263,1402,0,60,475,7.166666667,1373,36,140,128,1008,61,275,516,582,"Concord","NH"
"2995",18180,"Concord, NH",149452,83658,76263,1177,14,127,373,6,242,14,18,101,24,85,115,64,63,"Concord","NH"
"2996",18180,"Concord, NH",149452,83658,76263,1007,0,73,301,7,397,61,73,104,38,121,86,161,150,"Concord","NH"
"2997",18180,"Concord, NH",149452,83658,76263,1732,37,197,281,6.333333333,4477,6,2042,98,2308,23,556,1414,2507,"Concord","NH"
"2998",18180,"Concord, NH",149452,83658,76263,1115,21,75,304,4.5,111,12,0,77,14,8,30,52,29,"Concord","NH"
"2999",18180,"Concord, NH",149452,83658,76263,1396,25,40,395,6.333333333,205,0,27,51,127,0,80,59,66,"Concord","NH"
"3000",18180,"Concord, NH",149452,83658,76263,1429,3,57,438,5.666666667,270,1,21,101,134,13,38,61,171,"Concord","NH"
"3001",18180,"Concord, NH",149452,83658,76263,1521,19,202,337,7.333333333,494,105,15,102,191,81,129,216,149,"Concord","NH"
"3002",18180,"Concord, NH",149452,83658,76263,1369,38,119,393,5.166666667,99,27,9,31,32,0,37,31,31,"Concord","NH"
"3003",18180,"Concord, NH",149452,83658,76263,1542,94,302,286,5.5,619,49,20,415,132,3,70,245,304,"Concord","NH"
"3004",18180,"Concord, NH",149452,83658,76263,2581,22,300,707,7.333333333,696,48,69,258,258,63,143,309,244,"Concord","NH"
"3005",18180,"Concord, NH",149452,83658,76263,1599,0,25,522,6.666666667,205,13,15,31,103,43,57,64,84,"Concord","NH"
"3006",18180,"Concord, NH",149452,83658,76263,774,0,58,291,4.833333333,77,12,0,30,21,14,20,23,34,"Concord","NH"
"3007",18180,"Concord, NH",149452,83658,76263,1148,28,155,271,2.333333333,1,0,0,1,0,0,0,1,0,"Concord","NH"
"3008",18180,"Concord, NH",149452,83658,76263,1093,30,207,226,9.333333333,399,166,22,7,149,55,136,150,113,"Concord","NH"
"3009",18180,"Concord, NH",149452,83658,76263,966,54,135,208,8.166666667,524,16,116,44,327,21,131,146,247,"Concord","NH"
"3010",18180,"Concord, NH",149452,83658,76263,774,49,159,137,5.833333333,132,13,0,2,104,13,26,44,62,"Concord","NH"
"3011",18180,"Concord, NH",149452,83658,76263,1740,0,107,494,5.166666667,403,0,3,112,241,47,70,175,158,"Concord","NH"
"3012",18180,"Concord, NH",149452,83658,76263,1937,98,335,397,10.33333333,226,4,52,7,129,34,40,73,113,"Concord","NH"
"3013",18180,"Concord, NH",149452,83658,76263,1143,20,32,373,3.166666667,93,4,1,73,15,0,12,22,59,"Concord","NH"
"3014",18180,"Concord, NH",149452,83658,76263,2238,0,97,631,3.5,49,0,0,6,43,0,15,12,22,"Concord","NH"
"3015",18180,"Concord, NH",149452,83658,76263,1121,24,197,232,3.5,28,2,8,14,4,0,7,11,10,"Concord","NH"
"3016",18180,"Concord, NH",149452,83658,76263,1725,5,137,539,5.166666667,229,46,3,101,71,8,67,85,77,"Concord","NH"
"3017",18180,"Concord, NH",149452,83658,76263,1654,42,133,477,7.166666667,685,23,75,278,145,164,251,148,286,"Concord","NH"
"3018",18180,"Concord, NH",149452,83658,76263,1633,0,176,478,6.666666667,326,22,39,87,118,60,111,106,109,"Concord","NH"
"3019",18180,"Concord, NH",149452,83658,76263,510,14,25,215,8.166666667,305,22,33,39,145,66,108,88,109,"Concord","NH"
"3020",18180,"Concord, NH",149452,83658,76263,1987,54,97,274,8.333333333,1235,54,165,46,785,185,390,359,486,"Concord","NH"
"3021",18180,"Concord, NH",149452,83658,76263,1993,66,399,493,7,1030,218,47,87,635,43,263,291,476,"Concord","NH"
"3022",18180,"Concord, NH",149452,83658,76263,1669,11,199,497,5,108,0,23,37,40,8,12,53,43,"Concord","NH"
"3023",18180,"Concord, NH",149452,83658,76263,1262,0,98,415,5.333333333,120,27,15,36,42,0,41,42,37,"Concord","NH"
"3024",18180,"Concord, NH",149452,83658,76263,1199,33,160,314,4.833333333,923,57,68,752,39,7,86,248,589,"Concord","NH"
"3025",18180,"Concord, NH",149452,83658,76263,1161,50,244,219,7.666666667,325,11,79,10,218,7,77,104,144,"Concord","NH"
"3026",18180,"Concord, NH",149452,83658,76263,1471,69,408,255,5.5,256,37,14,9,181,15,83,111,62,"Concord","NH"
"3027",18180,"Concord, NH",149452,83658,76263,1339,0,32,456,7.666666667,3902,1403,1214,555,571,159,946,1211,1745,"Concord","NH"
"3028",18180,"Concord, NH",149452,83658,76263,1953,18,249,384,9.5,456,108,42,124,126,56,129,152,175,"Concord","NH"
"3029",18180,"Concord, NH",149452,83658,76263,2043,28,199,548,5.333333333,127,19,20,31,57,0,24,62,41,"Concord","NH"
"3030",18180,"Concord, NH",149452,83658,76263,1500,48,226,398,7.5,190,41,0,61,82,6,55,68,67,"Concord","NH"
"3031",18180,"Concord, NH",149452,83658,76263,1603,24,184,375,8.5,1200,17,169,16,991,7,206,345,649,"Concord","NH"
"3032",18180,"Concord, NH",149452,83658,76263,689,17,49,206,9.5,464,72,56,156,144,36,82,173,209,"Concord","NH"
"3033",18180,"Concord, NH",149452,83658,76263,731,70,214,140,9.666666667,1664,183,102,393,604,382,450,532,682,"Concord","NH"
"3034",18180,"Concord, NH",149452,83658,76263,801,58,162,92,9.333333333,3994,1050,694,285,1651,314,1343,1159,1492,"Concord","NH"
"3035",18180,"Concord, NH",149452,83658,76263,987,13,79,269,9.166666667,1497,155,827,227,259,29,122,303,1072,"Concord","NH"
"3036",18180,"Concord, NH",149452,83658,76263,3112,31,285,814,7.5,205,43,10,18,80,54,60,77,68,"Concord","NH"
"3037",18180,"Concord, NH",149452,83658,76263,1774,239,422,69,8,3066,57,2123,212,520,154,366,904,1796,"Concord","NH"
"3038",18180,"Concord, NH",149452,83658,76263,2769,15,202,777,3.833333333,88,0,2,17,16,53,36,32,20,"Concord","NH"
"3039",18180,"Concord, NH",149452,83658,76263,1881,9,117,415,8.333333333,3317,487,856,1398,209,367,581,573,2163,"Concord","NH"
"3040",18180,"Concord, NH",149452,83658,76263,1435,55,66,415,5.166666667,437,58,15,296,45,23,73,69,295,"Concord","NH"
"3041",18180,"Concord, NH",149452,83658,76263,708,7,79,161,8.666666667,5115,232,1326,1274,2167,116,1167,1553,2395,"Concord","NH"
"3042",18180,"Concord, NH",149452,83658,76263,799,43,265,149,7.333333333,526,164,5,62,36,259,218,193,115,"Concord","NH"
"3043",18180,"Concord, NH",149452,83658,76263,3006,0,586,739,4.166666667,4034,47,57,83,3675,172,676,1205,2153,"Concord","NH"
"3044",18180,"Concord, NH",149452,83658,76263,1829,0,88,573,8.333333333,1095,233,158,323,269,112,306,281,508,"Concord","NH"
"3045",18180,"Concord, NH",149452,83658,76263,1701,72,159,426,7.666666667,710,6,134,110,434,26,128,226,356,"Concord","NH"
"3046",18180,"Concord, NH",149452,83658,76263,1721,7,99,482,5.666666667,176,3,71,34,68,0,66,35,75,"Concord","NH"
"3047",18180,"Concord, NH",149452,83658,76263,1884,58,551,304,8.666666667,1700,568,291,373,189,279,359,541,800,"Concord","NH"
"3048",18180,"Concord, NH",149452,83658,76263,1704,0,68,472,7.333333333,984,36,72,249,626,1,184,240,560,"Concord","NH"
"3049",18180,"Concord, NH",149452,83658,76263,892,36,130,208,7.666666667,768,7,0,240,521,0,65,211,492,"Concord","NH"
"3050",18180,"Concord, NH",149452,83658,76263,857,13,123,210,7.166666667,265,2,17,61,185,0,43,99,123,"Concord","NH"
"3051",18180,"Concord, NH",149452,83658,76263,1460,10,271,315,4.833333333,105,0,40,6,2,57,29,49,27,"Concord","NH"
"3052",42140,"Santa Fe, NM",148917,62507,59600,1586,0,118,464,4.833333333,81,2,2,54,16,7,27,36,18,"Santa Fe","NM"
"3053",42140,"Santa Fe, NM",148917,62507,59600,2299,36,192,818,6,401,15,21,193,170,2,55,185,161,"Santa Fe","NM"
"3054",42140,"Santa Fe, NM",148917,62507,59600,1352,157,314,172,16.83333333,2782,256,281,180,1963,102,494,1073,1215,"Santa Fe","NM"
"3055",42140,"Santa Fe, NM",148917,62507,59600,1638,0,435,457,12.83333333,117,0,22,5,90,0,29,40,48,"Santa Fe","NM"
"3056",42140,"Santa Fe, NM",148917,62507,59600,775,26,83,147,2,15,0,0,15,0,0,4,9,2,"Santa Fe","NM"
"3057",42140,"Santa Fe, NM",148917,62507,59600,1091,0,185,344,3.666666667,199,9,1,15,174,0,35,119,45,"Santa Fe","NM"
"3058",42140,"Santa Fe, NM",148917,62507,59600,584,8,64,181,5.5,27,5,7,0,15,0,12,5,10,"Santa Fe","NM"
"3059",42140,"Santa Fe, NM",148917,62507,59600,5841,46,635,1379,7.833333333,2725,19,360,721,1581,44,791,981,953,"Santa Fe","NM"
"3060",42140,"Santa Fe, NM",148917,62507,59600,1326,0,116,389,3.5,82,23,0,43,16,0,23,30,29,"Santa Fe","NM"
"3061",42140,"Santa Fe, NM",148917,62507,59600,800,15,146,240,3.833333333,108,0,0,6,42,60,32,60,16,"Santa Fe","NM"
"3062",42140,"Santa Fe, NM",148917,62507,59600,1207,0,126,382,6.166666667,205,4,9,20,169,3,42,80,83,"Santa Fe","NM"
"3063",42140,"Santa Fe, NM",148917,62507,59600,1030,0,114,310,5.5,161,26,1,53,55,26,38,90,33,"Santa Fe","NM"
"3064",42140,"Santa Fe, NM",148917,62507,59600,1576,0,139,413,3.833333333,225,0,15,187,22,1,60,98,67,"Santa Fe","NM"
"3065",42140,"Santa Fe, NM",148917,62507,59600,669,0,148,218,5.833333333,112,10,0,21,72,9,20,48,44,"Santa Fe","NM"
"3066",42140,"Santa Fe, NM",148917,62507,59600,1650,0,127,403,15.5,2270,236,114,967,370,583,374,1022,874,"Santa Fe","NM"
"3067",42140,"Santa Fe, NM",148917,62507,59600,1856,12,470,561,6,389,13,13,11,142,210,221,72,96,"Santa Fe","NM"
"3068",42140,"Santa Fe, NM",148917,62507,59600,1551,9,481,369,6.5,433,0,233,101,40,59,30,82,321,"Santa Fe","NM"
"3069",42140,"Santa Fe, NM",148917,62507,59600,616,0,175,170,11.5,158,0,41,17,88,12,24,41,93,"Santa Fe","NM"
"3070",42140,"Santa Fe, NM",148917,62507,59600,1108,0,116,290,12.5,27,1,0,0,26,0,4,11,12,"Santa Fe","NM"
"3071",42140,"Santa Fe, NM",148917,62507,59600,1869,33,198,341,16,146,0,41,11,92,2,18,37,91,"Santa Fe","NM"
"3072",42140,"Santa Fe, NM",148917,62507,59600,597,0,75,123,11.66666667,26,1,0,0,25,0,11,11,4,"Santa Fe","NM"
"3073",42140,"Santa Fe, NM",148917,62507,59600,2217,0,250,419,11.33333333,363,168,3,26,159,7,78,199,86,"Santa Fe","NM"
"3074",42140,"Santa Fe, NM",148917,62507,59600,698,0,97,194,4.833333333,2531,0,88,34,2398,11,394,774,1363,"Santa Fe","NM"
"3075",42140,"Santa Fe, NM",148917,62507,59600,1360,4,107,240,9,80,0,0,9,71,0,15,26,39,"Santa Fe","NM"
"3076",42140,"Santa Fe, NM",148917,62507,59600,2123,32,302,497,9.833333333,970,423,119,36,234,158,290,451,229,"Santa Fe","NM"
"3077",42140,"Santa Fe, NM",148917,62507,59600,836,0,75,283,7,28,0,0,1,23,4,3,8,17,"Santa Fe","NM"
"3078",42140,"Santa Fe, NM",148917,62507,59600,1309,0,102,290,5,262,0,4,6,222,30,26,99,137,"Santa Fe","NM"
"3079",42140,"Santa Fe, NM",148917,62507,59600,697,9,85,242,4.5,225,4,4,3,212,2,67,54,104,"Santa Fe","NM"
"3080",42140,"Santa Fe, NM",148917,62507,59600,1791,11,184,671,6.5,241,86,14,29,80,32,75,104,62,"Santa Fe","NM"
"3081",42140,"Santa Fe, NM",148917,62507,59600,2242,0,247,679,5.833333333,246,7,4,86,81,68,69,80,97,"Santa Fe","NM"
"3082",42140,"Santa Fe, NM",148917,62507,59600,560,0,44,242,4.333333333,67,0,10,5,50,2,21,23,23,"Santa Fe","NM"
"3083",42140,"Santa Fe, NM",148917,62507,59600,421,4,66,114,3,18,0,3,14,1,0,5,11,2,"Santa Fe","NM"
"3084",42140,"Santa Fe, NM",148917,62507,59600,920,71,308,158,13.83333333,2696,1386,91,49,240,930,959,1234,503,"Santa Fe","NM"
"3085",42140,"Santa Fe, NM",148917,62507,59600,642,5,73,219,7.833333333,555,0,125,3,422,5,33,144,378,"Santa Fe","NM"
"3086",42140,"Santa Fe, NM",148917,62507,59600,833,20,117,213,6.5,97,0,31,0,66,0,41,21,35,"Santa Fe","NM"
"3087",42140,"Santa Fe, NM",148917,62507,59600,1949,23,273,479,7,2829,90,300,36,1502,901,1607,900,322,"Santa Fe","NM"
"3088",42140,"Santa Fe, NM",148917,62507,59600,1952,30,269,630,8.5,1436,14,470,28,663,261,346,584,506,"Santa Fe","NM"
"3089",42140,"Santa Fe, NM",148917,62507,59600,2279,0,318,822,6,208,12,12,18,137,29,45,67,96,"Santa Fe","NM"
"3090",42140,"Santa Fe, NM",148917,62507,59600,1110,41,334,310,12.16666667,1519,267,382,25,268,577,271,693,555,"Santa Fe","NM"
"3091",42140,"Santa Fe, NM",148917,62507,59600,877,0,0,0,2.666666667,630,3,585,0,42,0,25,184,421,"Santa Fe","NM"
"3092",42140,"Santa Fe, NM",148917,62507,59600,1010,25,107,296,2.833333333,71,0,67,0,4,0,15,37,19,"Santa Fe","NM"
"3093",42140,"Santa Fe, NM",148917,62507,59600,797,16,182,253,7.5,279,13,5,3,235,23,54,134,91,"Santa Fe","NM"
"3094",42140,"Santa Fe, NM",148917,62507,59600,2585,118,654,441,14.66666667,1553,462,161,60,254,616,517,775,261,"Santa Fe","NM"
"3095",42140,"Santa Fe, NM",148917,62507,59600,1568,14,159,378,6.333333333,87,0,8,26,53,0,10,43,34,"Santa Fe","NM"
"3096",42140,"Santa Fe, NM",148917,62507,59600,1022,0,182,351,5,131,21,0,16,36,58,59,50,22,"Santa Fe","NM"
"3097",42140,"Santa Fe, NM",148917,62507,59600,930,14,119,272,2.833333333,97,4,0,74,15,4,26,53,18,"Santa Fe","NM"
"3098",42140,"Santa Fe, NM",148917,62507,59600,3477,0,256,1042,4.666666667,81,3,5,30,41,2,20,38,23,"Santa Fe","NM"
"3099",42140,"Santa Fe, NM",148917,62507,59600,1251,0,191,444,4.166666667,48,0,0,12,34,2,14,12,22,"Santa Fe","NM"
"3100",42140,"Santa Fe, NM",148917,62507,59600,1892,0,253,665,3.833333333,59,1,3,8,47,0,8,21,30,"Santa Fe","NM"
"3101",42140,"Santa Fe, NM",148917,62507,59600,939,0,37,343,3.166666667,23,0,0,14,9,0,5,5,13,"Santa Fe","NM"
"3102",42140,"Santa Fe, NM",148917,62507,59600,2665,10,237,692,6.5,191,25,32,15,61,58,92,60,39,"Santa Fe","NM"
"3103",42140,"Santa Fe, NM",148917,62507,59600,1023,15,197,307,6.333333333,331,19,0,23,99,190,74,157,100,"Santa Fe","NM"
"3104",42140,"Santa Fe, NM",148917,62507,59600,1106,13,101,322,3,23,0,0,4,19,0,2,16,5,"Santa Fe","NM"
"3105",42140,"Santa Fe, NM",148917,62507,59600,1349,0,91,456,1.833333333,52,0,1,45,6,0,17,23,12,"Santa Fe","NM"
"3106",42140,"Santa Fe, NM",148917,62507,59600,912,5,45,210,7.166666667,468,39,310,95,24,0,41,199,228,"Santa Fe","NM"
"3107",42140,"Santa Fe, NM",148917,62507,59600,1468,21,176,416,5.333333333,575,3,118,57,38,359,69,314,192,"Santa Fe","NM"
"3108",42140,"Santa Fe, NM",148917,62507,59600,800,8,77,260,5,41,4,0,14,14,9,11,23,7,"Santa Fe","NM"
"3109",42140,"Santa Fe, NM",148917,62507,59600,808,15,16,263,7.333333333,34,0,0,22,12,0,15,14,5,"Santa Fe","NM"
"3110",42140,"Santa Fe, NM",148917,62507,59600,1748,18,288,495,11.66666667,148,33,28,24,27,36,52,75,21,"Santa Fe","NM"
"3111",42140,"Santa Fe, NM",148917,62507,59600,3196,9,189,981,6.166666667,698,5,151,152,240,150,86,369,243,"Santa Fe","NM"
"3112",42140,"Santa Fe, NM",148917,62507,59600,1984,23,156,487,11.33333333,200,1,5,69,125,0,34,107,59,"Santa Fe","NM"
"3113",42140,"Santa Fe, NM",148917,62507,59600,1459,0,296,423,13.66666667,141,2,0,22,61,56,34,87,20,"Santa Fe","NM"
"3114",42140,"Santa Fe, NM",148917,62507,59600,723,0,122,241,13.16666667,96,12,0,0,11,73,47,43,6,"Santa Fe","NM"
"3115",42140,"Santa Fe, NM",148917,62507,59600,1643,79,590,287,16.66666667,1064,411,40,37,220,356,328,526,210,"Santa Fe","NM"
"3116",42140,"Santa Fe, NM",148917,62507,59600,295,33,130,34,18.66666667,9419,921,3072,608,2319,2499,1738,3778,3903,"Santa Fe","NM"
"3117",42140,"Santa Fe, NM",148917,62507,59600,966,26,260,266,13.33333333,241,7,28,0,156,50,51,64,126,"Santa Fe","NM"
"3118",42140,"Santa Fe, NM",148917,62507,59600,1174,15,263,254,19.16666667,1969,166,699,118,745,241,524,790,655,"Santa Fe","NM"
"3119",42140,"Santa Fe, NM",148917,62507,59600,1787,130,505,358,18.5,1950,435,106,49,791,569,478,792,680,"Santa Fe","NM"
"3120",42140,"Santa Fe, NM",148917,62507,59600,0,0,0,0,5.5,12,0,5,0,3,4,5,0,7,"Santa Fe","NM"
"3121",42140,"Santa Fe, NM",148917,62507,59600,1292,0,161,356,6.5,208,2,5,17,91,93,65,91,52,"Santa Fe","NM"
"3122",42140,"Santa Fe, NM",148917,62507,59600,603,4,49,173,2.833333333,15,0,0,2,13,0,5,4,6,"Santa Fe","NM"
"3123",42140,"Santa Fe, NM",148917,62507,59600,1682,67,243,359,9,565,46,22,92,174,231,166,256,143,"Santa Fe","NM"
"3124",42140,"Santa Fe, NM",148917,62507,59600,993,28,252,235,8.166666667,93,1,14,12,33,33,26,48,19,"Santa Fe","NM"
"3125",42140,"Santa Fe, NM",148917,62507,59600,1562,27,172,332,5.666666667,203,4,116,51,32,0,19,90,94,"Santa Fe","NM"
"3126",42140,"Santa Fe, NM",148917,62507,59600,2391,4,370,601,12.5,80,41,1,22,15,1,20,51,9,"Santa Fe","NM"
"3127",42140,"Santa Fe, NM",148917,62507,59600,1731,64,263,459,13.83333333,260,31,6,51,76,96,71,127,62,"Santa Fe","NM"
"3128",42140,"Santa Fe, NM",148917,62507,59600,1344,28,52,309,14.5,69,1,3,4,27,34,26,26,17,"Santa Fe","NM"
"3129",42140,"Santa Fe, NM",148917,62507,59600,1613,7,356,421,14.33333333,238,35,42,55,83,23,45,94,99,"Santa Fe","NM"
"3130",42140,"Santa Fe, NM",148917,62507,59600,1314,11,374,267,12.5,184,0,9,2,151,22,33,59,92,"Santa Fe","NM"
"3131",42140,"Santa Fe, NM",148917,62507,59600,521,4,42,94,14,1563,113,1014,263,73,100,180,520,863,"Santa Fe","NM"
"3132",42140,"Santa Fe, NM",148917,62507,59600,3503,72,259,636,12.83333333,203,38,25,106,24,10,51,110,42,"Santa Fe","NM"
"3133",42140,"Santa Fe, NM",148917,62507,59600,806,16,154,179,12.83333333,208,11,7,5,171,14,38,79,91,"Santa Fe","NM"
"3134",42140,"Santa Fe, NM",148917,62507,59600,2067,11,327,470,11.83333333,109,9,4,65,31,0,28,48,33,"Santa Fe","NM"
"3135",42140,"Santa Fe, NM",148917,62507,59600,1724,11,339,415,15.16666667,399,50,46,21,219,63,127,167,105,"Santa Fe","NM"
"3136",42140,"Santa Fe, NM",148917,62507,59600,739,83,178,120,15.83333333,379,3,30,15,320,11,73,156,150,"Santa Fe","NM"
"3137",42140,"Santa Fe, NM",148917,62507,59600,2180,83,629,392,14,1630,173,222,94,1066,75,370,663,597,"Santa Fe","NM"
"3138",42140,"Santa Fe, NM",148917,62507,59600,1927,23,264,603,8,781,314,68,62,148,189,263,388,130,"Santa Fe","NM"
"3139",42140,"Santa Fe, NM",148917,62507,59600,2159,7,175,829,5.166666667,358,33,7,58,60,200,77,133,148,"Santa Fe","NM"
"3140",42140,"Santa Fe, NM",148917,62507,59600,1628,0,206,421,12.33333333,32,0,0,9,23,0,9,18,5,"Santa Fe","NM"
"3141",42140,"Santa Fe, NM",148917,62507,59600,2033,43,245,455,12.33333333,144,14,5,8,96,21,34,52,58,"Santa Fe","NM"
"3142",42140,"Santa Fe, NM",148917,62507,59600,2112,11,219,670,4.666666667,197,10,2,24,143,18,60,63,74,"Santa Fe","NM"
"3143",42140,"Santa Fe, NM",148917,62507,59600,1167,35,205,325,8,281,10,30,38,203,0,48,96,137,"Santa Fe","NM"
"3144",42140,"Santa Fe, NM",148917,62507,59600,1499,16,405,262,10.5,292,98,3,26,130,35,71,156,65,"Santa Fe","NM"
"3145",42140,"Santa Fe, NM",148917,62507,59600,760,71,309,104,13.33333333,2218,88,1410,293,383,44,185,897,1136,"Santa Fe","NM"
"3146",42140,"Santa Fe, NM",148917,62507,59600,1150,51,167,264,16.33333333,469,90,90,37,190,62,119,200,150,"Santa Fe","NM"
"3147",42140,"Santa Fe, NM",148917,62507,59600,1742,73,288,261,16.66666667,1407,315,234,210,268,380,338,723,346,"Santa Fe","NM"
"3148",42140,"Santa Fe, NM",148917,62507,59600,3708,94,282,690,12.33333333,33,0,2,2,29,0,1,26,6,"Santa Fe","NM"
"3149",42140,"Santa Fe, NM",148917,62507,59600,1158,30,311,208,16.16666667,790,162,299,37,233,59,142,355,293,"Santa Fe","NM"
"3150",42140,"Santa Fe, NM",148917,62507,59600,528,11,53,127,17.5,2193,373,769,53,800,198,642,804,747,"Santa Fe","NM"
"3151",42140,"Santa Fe, NM",148917,62507,59600,837,0,65,249,10,32,2,2,12,16,0,6,15,11,"Santa Fe","NM"
"3152",42140,"Santa Fe, NM",148917,62507,59600,2056,40,215,533,15.83333333,597,174,250,26,92,55,126,283,188,"Santa Fe","NM"
"3153",42140,"Santa Fe, NM",148917,62507,59600,1974,0,220,383,14.16666667,505,32,75,257,118,23,99,212,194,"Santa Fe","NM"
"3154",13900,"Bismarck, ND",126118,70797,69205,1488,13,30,407,4.833333333,170,14,2,133,21,0,34,36,100,"Bismarck","ND"
"3155",13900,"Bismarck, ND",126118,70797,69205,2379,209,551,558,6.5,165,37,1,31,96,0,59,38,68,"Bismarck","ND"
"3156",13900,"Bismarck, ND",126118,70797,69205,2494,6,176,681,7.333333333,81,5,28,18,17,13,16,25,40,"Bismarck","ND"
"3157",13900,"Bismarck, ND",126118,70797,69205,1554,28,212,510,9.333333333,637,74,0,266,166,131,193,176,268,"Bismarck","ND"
"3158",13900,"Bismarck, ND",126118,70797,69205,937,37,81,331,8.333333333,10,0,0,3,7,0,5,2,3,"Bismarck","ND"
"3159",13900,"Bismarck, ND",126118,70797,69205,1697,0,82,588,7.166666667,67,9,5,39,14,0,16,19,32,"Bismarck","ND"
"3160",13900,"Bismarck, ND",126118,70797,69205,1875,35,288,478,10,1171,515,34,18,328,276,519,406,246,"Bismarck","ND"
"3161",13900,"Bismarck, ND",126118,70797,69205,5172,39,694,1565,8.5,1561,198,171,442,405,345,496,495,570,"Bismarck","ND"
"3162",13900,"Bismarck, ND",126118,70797,69205,1334,19,140,412,5.333333333,289,16,32,90,136,15,95,95,99,"Bismarck","ND"
"3163",13900,"Bismarck, ND",126118,70797,69205,937,10,123,309,8.5,421,40,51,77,239,14,147,109,165,"Bismarck","ND"
"3164",13900,"Bismarck, ND",126118,70797,69205,1792,13,120,560,6,237,0,109,60,68,0,34,48,155,"Bismarck","ND"
"3165",13900,"Bismarck, ND",126118,70797,69205,1265,99,313,261,13,1690,232,574,71,402,411,579,485,626,"Bismarck","ND"
"3166",13900,"Bismarck, ND",126118,70797,69205,1519,17,472,368,10,885,116,152,3,400,214,248,343,294,"Bismarck","ND"
"3167",13900,"Bismarck, ND",126118,70797,69205,1493,18,95,526,6.833333333,66,0,2,12,52,0,19,24,23,"Bismarck","ND"
"3168",13900,"Bismarck, ND",126118,70797,69205,489,0,66,174,10.5,497,10,60,47,380,0,197,98,202,"Bismarck","ND"
"3169",13900,"Bismarck, ND",126118,70797,69205,635,94,49,122,9,304,0,20,22,262,0,78,138,88,"Bismarck","ND"
"3170",13900,"Bismarck, ND",126118,70797,69205,1187,0,210,303,8.666666667,119,0,1,47,71,0,32,38,49,"Bismarck","ND"
"3171",13900,"Bismarck, ND",126118,70797,69205,1396,8,260,430,11.16666667,631,52,100,9,245,225,208,191,232,"Bismarck","ND"
"3172",13900,"Bismarck, ND",126118,70797,69205,1006,0,263,215,9.833333333,587,25,38,19,486,19,197,181,209,"Bismarck","ND"
"3173",13900,"Bismarck, ND",126118,70797,69205,2419,41,387,680,8,188,63,14,12,99,0,48,61,79,"Bismarck","ND"
"3174",13900,"Bismarck, ND",126118,70797,69205,2402,65,119,530,10.83333333,1292,1,77,22,1042,150,329,409,554,"Bismarck","ND"
"3175",13900,"Bismarck, ND",126118,70797,69205,676,0,146,208,6.166666667,3297,0,5,14,3216,62,885,924,1488,"Bismarck","ND"
"3176",13900,"Bismarck, ND",126118,70797,69205,1194,101,299,278,11.5,831,103,146,100,474,8,199,300,332,"Bismarck","ND"
"3177",13900,"Bismarck, ND",126118,70797,69205,713,84,126,166,7.333333333,17,0,15,0,2,0,5,10,2,"Bismarck","ND"
"3178",13900,"Bismarck, ND",126118,70797,69205,3359,223,725,795,10,1451,596,102,55,469,229,492,522,437,"Bismarck","ND"
"3179",13900,"Bismarck, ND",126118,70797,69205,1269,7,266,326,9.666666667,2336,1617,110,44,170,395,1041,724,571,"Bismarck","ND"
"3180",13900,"Bismarck, ND",126118,70797,69205,2060,8,17,721,6.166666667,106,3,2,4,97,0,49,33,24,"Bismarck","ND"
"3181",13900,"Bismarck, ND",126118,70797,69205,2284,91,372,562,10.16666667,2262,373,50,790,849,200,507,675,1080,"Bismarck","ND"
"3182",13900,"Bismarck, ND",126118,70797,69205,1632,9,329,402,10.83333333,2614,478,86,999,957,94,478,856,1280,"Bismarck","ND"
"3183",13900,"Bismarck, ND",126118,70797,69205,1172,24,219,62,7.333333333,1448,31,776,441,196,4,125,308,1015,"Bismarck","ND"
"3184",13900,"Bismarck, ND",126118,70797,69205,680,10,34,229,2.833333333,68,0,0,61,7,0,8,13,47,"Bismarck","ND"
"3185",13900,"Bismarck, ND",126118,70797,69205,837,47,175,203,12,244,29,6,33,158,18,60,68,116,"Bismarck","ND"
"3186",13900,"Bismarck, ND",126118,70797,69205,836,45,278,216,10.83333333,1165,311,38,43,358,415,475,447,243,"Bismarck","ND"
"3187",13900,"Bismarck, ND",126118,70797,69205,758,0,90,198,8.333333333,7,0,2,3,2,0,0,2,5,"Bismarck","ND"
"3188",13900,"Bismarck, ND",126118,70797,69205,830,7,54,263,3.333333333,53,0,23,22,5,3,11,14,28,"Bismarck","ND"
"3189",13900,"Bismarck, ND",126118,70797,69205,2342,0,167,793,9,423,40,67,103,125,88,171,107,145,"Bismarck","ND"
"3190",13900,"Bismarck, ND",126118,70797,69205,781,5,101,252,4.833333333,132,0,9,68,55,0,57,36,39,"Bismarck","ND"
"3191",13900,"Bismarck, ND",126118,70797,69205,606,18,172,80,9.666666667,3697,346,52,530,2644,125,723,1047,1927,"Bismarck","ND"
"3192",13900,"Bismarck, ND",126118,70797,69205,1321,34,231,377,11.83333333,4079,55,1996,589,1272,167,290,656,3133,"Bismarck","ND"
"3193",13900,"Bismarck, ND",126118,70797,69205,973,44,213,216,8.833333333,80,0,14,50,16,0,10,16,54,"Bismarck","ND"
"3194",13900,"Bismarck, ND",126118,70797,69205,1808,310,576,153,11.83333333,9958,508,2782,232,4829,1607,2077,2589,5292,"Bismarck","ND"
"3195",13900,"Bismarck, ND",126118,70797,69205,1974,97,432,445,8.333333333,557,21,1,25,510,0,148,237,172,"Bismarck","ND"
"3196",13900,"Bismarck, ND",126118,70797,69205,1492,11,159,451,7.833333333,34,0,0,12,22,0,11,12,11,"Bismarck","ND"
"3197",13900,"Bismarck, ND",126118,70797,69205,880,0,222,212,8.666666667,596,8,0,11,543,34,72,151,373,"Bismarck","ND"
"3198",13900,"Bismarck, ND",126118,70797,69205,1710,0,133,447,6.333333333,591,22,28,15,378,148,216,154,221,"Bismarck","ND"
"3199",13900,"Bismarck, ND",126118,70797,69205,1530,51,69,521,6.5,2145,157,15,1320,585,68,252,560,1333,"Bismarck","ND"
"3200",13900,"Bismarck, ND",126118,70797,69205,661,3,32,232,4.666666667,136,0,0,82,21,33,56,28,52,"Bismarck","ND"
"3201",13900,"Bismarck, ND",126118,70797,69205,1642,164,421,319,7,172,0,7,7,158,0,30,72,70,"Bismarck","ND"
"3202",13900,"Bismarck, ND",126118,70797,69205,729,6,32,271,3.833333333,129,0,0,79,47,3,36,35,58,"Bismarck","ND"
"3203",13900,"Bismarck, ND",126118,70797,69205,1689,0,72,671,7,322,29,80,58,138,17,85,101,136,"Bismarck","ND"
"3204",13900,"Bismarck, ND",126118,70797,69205,1022,3,50,349,4.333333333,146,0,11,64,70,1,31,42,73,"Bismarck","ND"
"3205",13900,"Bismarck, ND",126118,70797,69205,1608,11,61,590,3.166666667,158,0,3,119,36,0,31,50,77,"Bismarck","ND"
"3206",13900,"Bismarck, ND",126118,70797,69205,1342,14,47,350,10,262,0,79,9,174,0,96,105,61,"Bismarck","ND"
"3207",13900,"Bismarck, ND",126118,70797,69205,1143,109,128,297,9.833333333,979,169,0,8,802,0,198,308,473,"Bismarck","ND"
"3208",13900,"Bismarck, ND",126118,70797,69205,1828,0,192,614,8.833333333,653,8,75,45,419,106,243,258,152,"Bismarck","ND"
"3209",13900,"Bismarck, ND",126118,70797,69205,1440,14,222,533,8.166666667,786,236,23,345,147,35,152,246,388,"Bismarck","ND"
"3210",13900,"Bismarck, ND",126118,70797,69205,1891,46,474,495,9.833333333,310,106,0,84,94,26,67,90,153,"Bismarck","ND"
"3211",13900,"Bismarck, ND",126118,70797,69205,872,9,59,299,7.166666667,172,10,37,22,81,22,64,43,65,"Bismarck","ND"
"3212",13900,"Bismarck, ND",126118,70797,69205,1775,0,130,613,8,2096,618,60,919,256,243,531,625,940,"Bismarck","ND"
"3213",13900,"Bismarck, ND",126118,70797,69205,3251,0,69,997,4.666666667,316,0,20,93,203,0,96,97,123,"Bismarck","ND"
"3214",13900,"Bismarck, ND",126118,70797,69205,2032,13,250,564,8.333333333,151,45,11,47,14,34,38,45,68,"Bismarck","ND"
"3215",13900,"Bismarck, ND",126118,70797,69205,1676,13,290,431,4.5,19,0,1,15,3,0,8,4,7,"Bismarck","ND"
"3216",13900,"Bismarck, ND",126118,70797,69205,1750,6,73,567,5.666666667,368,95,19,169,50,35,94,105,169,"Bismarck","ND"
"3217",13900,"Bismarck, ND",126118,70797,69205,1069,0,43,375,5.5,128,1,5,39,55,28,30,42,56,"Bismarck","ND"
"3218",13900,"Bismarck, ND",126118,70797,69205,4812,29,215,1385,7,1467,59,88,266,943,111,343,407,717,"Bismarck","ND"
"3219",13900,"Bismarck, ND",126118,70797,69205,1940,21,271,390,8.166666667,2925,696,401,1072,642,114,479,888,1558,"Bismarck","ND"
"3220",13900,"Bismarck, ND",126118,70797,69205,2825,2,145,898,4.333333333,221,23,10,130,57,1,67,49,105,"Bismarck","ND"
"3221",13900,"Bismarck, ND",126118,70797,69205,935,18,60,331,4.5,630,0,25,482,90,33,72,58,500,"Bismarck","ND"
"3222",13900,"Bismarck, ND",126118,70797,69205,2087,60,266,569,10,4208,341,2083,343,674,767,696,953,2559,"Bismarck","ND"
"3223",13900,"Bismarck, ND",126118,70797,69205,1264,85,302,275,9.666666667,1068,103,373,108,247,237,281,263,524,"Bismarck","ND"
"3224",13900,"Bismarck, ND",126118,70797,69205,902,2,41,298,4.666666667,101,0,24,36,40,1,47,25,29,"Bismarck","ND"
"3225",13900,"Bismarck, ND",126118,70797,69205,2001,0,61,437,6,653,0,17,74,492,70,183,125,345,"Bismarck","ND"
"3226",13900,"Bismarck, ND",126118,70797,69205,4598,0,134,1367,6,404,16,51,39,298,0,87,121,196,"Bismarck","ND"
"3227",13900,"Bismarck, ND",126118,70797,69205,2015,12,315,594,9.333333333,1274,118,169,586,387,14,198,438,638,"Bismarck","ND"
"3228",13900,"Bismarck, ND",126118,70797,69205,543,0,181,144,9.166666667,884,171,134,20,137,422,364,333,187,"Bismarck","ND"
"3229",13900,"Bismarck, ND",126118,70797,69205,1991,63,260,619,7.666666667,249,9,52,76,89,23,75,95,79,"Bismarck","ND"
"3230",13900,"Bismarck, ND",126118,70797,69205,3598,0,329,1082,5.666666667,151,50,3,63,25,10,40,30,81,"Bismarck","ND"
"3231",36420,"Oklahoma City, OK",1369759,595050,565695,358,8,30,107,3.5,346,0,3,14,329,0,68,137,141,"Oklahoma City","OK"
"3232",36420,"Oklahoma City, OK",1369759,595050,565695,3381,49,277,814,6,4289,346,65,45,3744,89,1210,1712,1367,"Oklahoma City","OK"
"3233",36420,"Oklahoma City, OK",1369759,595050,565695,922,33,139,207,12.83333333,300,110,29,1,154,6,95,149,56,"Oklahoma City","OK"
"3234",36420,"Oklahoma City, OK",1369759,595050,565695,509,8,46,99,6.166666667,37,31,0,0,3,3,28,9,0,"Oklahoma City","OK"
"3235",36420,"Oklahoma City, OK",1369759,595050,565695,1006,30,51,259,14.16666667,47,3,0,9,35,0,5,37,5,"Oklahoma City","OK"
"3236",36420,"Oklahoma City, OK",1369759,595050,565695,1371,82,189,54,15,191,12,14,6,23,136,96,82,13,"Oklahoma City","OK"
"3237",36420,"Oklahoma City, OK",1369759,595050,565695,504,15,53,165,11.66666667,6,0,0,4,2,0,1,5,0,"Oklahoma City","OK"
"3238",36420,"Oklahoma City, OK",1369759,595050,565695,784,29,213,159,12.5,108,0,3,0,105,0,17,22,69,"Oklahoma City","OK"
"3239",36420,"Oklahoma City, OK",1369759,595050,565695,848,39,207,155,11.66666667,37,0,0,8,29,0,12,20,5,"Oklahoma City","OK"
"3240",36420,"Oklahoma City, OK",1369759,595050,565695,2909,39,231,482,12.5,330,199,6,8,0,117,117,185,28,"Oklahoma City","OK"
"3241",36420,"Oklahoma City, OK",1369759,595050,565695,986,26,304,172,13.16666667,242,21,47,15,156,3,60,114,68,"Oklahoma City","OK"
"3242",36420,"Oklahoma City, OK",1369759,595050,565695,1161,14,210,313,17,1625,144,350,134,639,358,485,616,524,"Oklahoma City","OK"
"3243",36420,"Oklahoma City, OK",1369759,595050,565695,551,17,117,169,16,562,7,290,10,255,0,60,222,280,"Oklahoma City","OK"
"3244",36420,"Oklahoma City, OK",1369759,595050,565695,511,129,114,62,12.83333333,6788,0,6171,1,605,11,377,3355,3056,"Oklahoma City","OK"
"3245",36420,"Oklahoma City, OK",1369759,595050,565695,648,5,133,172,15.16666667,64,17,4,15,28,0,27,20,17,"Oklahoma City","OK"
"3246",36420,"Oklahoma City, OK",1369759,595050,565695,1328,64,327,179,13.16666667,80,13,0,0,17,50,41,34,5,"Oklahoma City","OK"
"3247",36420,"Oklahoma City, OK",1369759,595050,565695,500,0,91,124,8.5,19,2,1,6,10,0,5,8,6,"Oklahoma City","OK"
"3248",36420,"Oklahoma City, OK",1369759,595050,565695,983,47,206,206,15.5,258,0,3,13,153,89,84,107,67,"Oklahoma City","OK"
"3249",36420,"Oklahoma City, OK",1369759,595050,565695,812,0,74,194,12.33333333,56,0,20,1,35,0,17,15,24,"Oklahoma City","OK"
"3250",36420,"Oklahoma City, OK",1369759,595050,565695,672,0,122,148,8,404,61,61,105,142,35,143,143,118,"Oklahoma City","OK"
"3251",36420,"Oklahoma City, OK",1369759,595050,565695,758,8,345,147,15.33333333,137,25,15,50,28,19,25,68,44,"Oklahoma City","OK"
"3252",36420,"Oklahoma City, OK",1369759,595050,565695,1201,15,80,213,13.83333333,117,12,45,25,35,0,27,44,46,"Oklahoma City","OK"
"3253",36420,"Oklahoma City, OK",1369759,595050,565695,500,0,140,102,7.666666667,2,0,2,0,0,0,0,0,2,"Oklahoma City","OK"
"3254",36420,"Oklahoma City, OK",1369759,595050,565695,803,8,50,135,13,16,1,2,13,0,0,1,11,4,"Oklahoma City","OK"
"3255",36420,"Oklahoma City, OK",1369759,595050,565695,832,25,66,177,12.5,32,0,0,9,23,0,7,17,8,"Oklahoma City","OK"
"3256",36420,"Oklahoma City, OK",1369759,595050,565695,420,15,111,62,13.5,176,2,1,1,7,165,75,74,27,"Oklahoma City","OK"
"3257",36420,"Oklahoma City, OK",1369759,595050,565695,760,79,138,83,18.16666667,1208,4,158,63,768,215,264,470,474,"Oklahoma City","OK"
"3258",36420,"Oklahoma City, OK",1369759,595050,565695,1442,131,147,256,15.16666667,311,37,27,13,73,161,151,131,29,"Oklahoma City","OK"
"3259",36420,"Oklahoma City, OK",1369759,595050,565695,666,51,252,64,10.83333333,581,2,12,493,45,29,80,264,237,"Oklahoma City","OK"
"3260",36420,"Oklahoma City, OK",1369759,595050,565695,517,11,37,99,7,32,0,0,27,5,0,4,11,17,"Oklahoma City","OK"
"3261",36420,"Oklahoma City, OK",1369759,595050,565695,1072,22,176,253,8.666666667,209,7,12,17,89,84,76,102,31,"Oklahoma City","OK"
"3262",36420,"Oklahoma City, OK",1369759,595050,565695,1423,101,212,189,13.5,68,14,8,13,33,0,9,34,25,"Oklahoma City","OK"
"3263",36420,"Oklahoma City, OK",1369759,595050,565695,1008,0,66,261,2.5,12,0,2,3,7,0,10,2,0,"Oklahoma City","OK"
"3264",36420,"Oklahoma City, OK",1369759,595050,565695,2541,14,462,570,7.833333333,21634,4213,2014,11982,1423,2002,3756,9392,8486,"Oklahoma City","OK"
"3265",36420,"Oklahoma City, OK",1369759,595050,565695,896,107,328,137,14,609,7,88,43,421,50,151,259,199,"Oklahoma City","OK"
"3266",36420,"Oklahoma City, OK",1369759,595050,565695,704,7,102,154,7.5,12,0,0,9,2,1,2,9,1,"Oklahoma City","OK"
"3267",36420,"Oklahoma City, OK",1369759,595050,565695,734,35,142,138,14.66666667,1406,9,507,468,407,15,175,660,571,"Oklahoma City","OK"
"3268",36420,"Oklahoma City, OK",1369759,595050,565695,1500,6,212,314,7.833333333,146,12,4,5,116,9,44,59,43,"Oklahoma City","OK"
"3269",36420,"Oklahoma City, OK",1369759,595050,565695,1134,16,69,297,3.333333333,86,0,0,61,25,0,23,26,37,"Oklahoma City","OK"
"3270",36420,"Oklahoma City, OK",1369759,595050,565695,4349,0,401,1028,8,265,54,14,50,62,85,112,103,50,"Oklahoma City","OK"
"3271",36420,"Oklahoma City, OK",1369759,595050,565695,891,16,55,232,5.333333333,237,83,5,93,43,13,56,75,106,"Oklahoma City","OK"
"3272",36420,"Oklahoma City, OK",1369759,595050,565695,793,0,49,198,5.333333333,110,30,0,30,6,44,47,28,35,"Oklahoma City","OK"
"3273",36420,"Oklahoma City, OK",1369759,595050,565695,916,26,248,160,12.16666667,190,28,1,5,30,126,65,100,25,"Oklahoma City","OK"
"3274",36420,"Oklahoma City, OK",1369759,595050,565695,318,6,79,80,11.66666667,13,0,0,0,13,0,8,5,0,"Oklahoma City","OK"
"3275",36420,"Oklahoma City, OK",1369759,595050,565695,375,41,93,43,10,0,0,0,0,0,0,0,0,0,"Oklahoma City","OK"
"3276",36420,"Oklahoma City, OK",1369759,595050,565695,628,44,25,133,13.5,3,0,0,2,1,0,0,2,1,"Oklahoma City","OK"
"3277",36420,"Oklahoma City, OK",1369759,595050,565695,523,23,120,38,13.83333333,82,0,74,0,8,0,35,38,9,"Oklahoma City","OK"
"3278",36420,"Oklahoma City, OK",1369759,595050,565695,564,68,184,14,11.33333333,1,0,0,0,1,0,1,0,0,"Oklahoma City","OK"
"3279",36420,"Oklahoma City, OK",1369759,595050,565695,665,77,161,67,15.16666667,103,67,0,8,18,10,36,50,17,"Oklahoma City","OK"
"3280",36420,"Oklahoma City, OK",1369759,595050,565695,1080,25,187,228,14.66666667,351,121,34,24,129,43,57,166,128,"Oklahoma City","OK"
"3281",36420,"Oklahoma City, OK",1369759,595050,565695,690,8,126,204,14.5,160,31,96,4,21,8,30,58,72,"Oklahoma City","OK"
"3282",36420,"Oklahoma City, OK",1369759,595050,565695,1218,0,246,324,13,128,85,5,9,25,4,39,73,16,"Oklahoma City","OK"
"3283",36420,"Oklahoma City, OK",1369759,595050,565695,1055,8,98,258,14.33333333,137,2,18,34,83,0,61,42,34,"Oklahoma City","OK"
"3284",36420,"Oklahoma City, OK",1369759,595050,565695,1068,110,331,110,14.5,2516,14,965,69,1318,150,412,983,1121,"Oklahoma City","OK"
"3285",36420,"Oklahoma City, OK",1369759,595050,565695,1465,13,423,186,11,11538,162,309,307,10685,75,1262,3447,6829,"Oklahoma City","OK"
"3286",36420,"Oklahoma City, OK",1369759,595050,565695,1636,0,216,411,13.33333333,1163,60,30,24,1033,16,148,467,548,"Oklahoma City","OK"
"3287",36420,"Oklahoma City, OK",1369759,595050,565695,1535,8,205,352,6.333333333,284,122,69,1,92,0,59,115,110,"Oklahoma City","OK"
"3288",36420,"Oklahoma City, OK",1369759,595050,565695,627,3,114,172,7.166666667,203,43,32,102,10,16,47,84,72,"Oklahoma City","OK"
"3289",36420,"Oklahoma City, OK",1369759,595050,565695,1798,28,188,427,7.333333333,829,17,512,32,242,26,127,377,325,"Oklahoma City","OK"
"3290",36420,"Oklahoma City, OK",1369759,595050,565695,215,14,78,32,18.5,3746,107,1705,507,803,624,813,1302,1631,"Oklahoma City","OK"
"3291",36420,"Oklahoma City, OK",1369759,595050,565695,661,31,132,85,15,61,0,7,21,26,7,19,26,16,"Oklahoma City","OK"
"3292",36420,"Oklahoma City, OK",1369759,595050,565695,943,61,99,169,18.33333333,255,70,15,15,108,47,81,105,69,"Oklahoma City","OK"
"3293",36420,"Oklahoma City, OK",1369759,595050,565695,2345,31,292,477,13.66666667,646,55,11,253,324,3,72,274,300,"Oklahoma City","OK"
"3294",36420,"Oklahoma City, OK",1369759,595050,565695,832,32,147,212,15,383,37,63,118,165,0,116,129,138,"Oklahoma City","OK"
"3295",36420,"Oklahoma City, OK",1369759,595050,565695,1187,28,268,265,14.33333333,2637,209,114,3,2213,98,557,801,1279,"Oklahoma City","OK"
"3296",36420,"Oklahoma City, OK",1369759,595050,565695,1493,101,347,283,15.66666667,359,74,32,15,52,186,149,155,55,"Oklahoma City","OK"
"3297",36420,"Oklahoma City, OK",1369759,595050,565695,761,8,179,184,12.66666667,140,3,15,7,54,61,67,49,24,"Oklahoma City","OK"
"3298",36420,"Oklahoma City, OK",1369759,595050,565695,1136,95,242,212,14.5,376,15,25,42,225,69,162,177,37,"Oklahoma City","OK"
"3299",36420,"Oklahoma City, OK",1369759,595050,565695,399,28,53,121,15,1247,11,1119,8,69,40,99,377,771,"Oklahoma City","OK"
"3300",36420,"Oklahoma City, OK",1369759,595050,565695,619,114,134,95,14.66666667,630,0,0,1,578,51,80,197,353,"Oklahoma City","OK"
"3301",36420,"Oklahoma City, OK",1369759,595050,565695,344,24,20,80,13.5,43,0,3,0,40,0,4,10,29,"Oklahoma City","OK"
"3302",36420,"Oklahoma City, OK",1369759,595050,565695,396,14,123,110,17,1301,215,368,378,246,94,220,424,657,"Oklahoma City","OK"
"3303",36420,"Oklahoma City, OK",1369759,595050,565695,712,6,119,181,11.83333333,2488,6,2392,9,24,57,101,1295,1092,"Oklahoma City","OK"
"3304",36420,"Oklahoma City, OK",1369759,595050,565695,537,0,45,140,15.5,348,7,47,20,273,1,62,115,171,"Oklahoma City","OK"
"3305",36420,"Oklahoma City, OK",1369759,595050,565695,597,7,110,154,14.66666667,58,0,22,13,17,6,12,23,23,"Oklahoma City","OK"
"3306",36420,"Oklahoma City, OK",1369759,595050,565695,396,24,82,80,16,75,12,9,5,7,42,40,22,13,"Oklahoma City","OK"
"3307",36420,"Oklahoma City, OK",1369759,595050,565695,1614,57,309,356,15.16666667,2110,122,1516,68,295,109,228,652,1230,"Oklahoma City","OK"
"3308",36420,"Oklahoma City, OK",1369759,595050,565695,348,15,24,67,15.5,109,0,0,93,16,0,13,16,80,"Oklahoma City","OK"
"3309",36420,"Oklahoma City, OK",1369759,595050,565695,1599,174,362,181,11.83333333,56,0,6,7,43,0,23,25,8,"Oklahoma City","OK"
"3310",36420,"Oklahoma City, OK",1369759,595050,565695,213,6,18,38,15.5,179,10,2,76,91,0,31,81,67,"Oklahoma City","OK"
"3311",36420,"Oklahoma City, OK",1369759,595050,565695,1601,185,228,174,13.66666667,314,122,0,154,38,0,30,103,181,"Oklahoma City","OK"
"3312",36420,"Oklahoma City, OK",1369759,595050,565695,1199,191,146,171,11.83333333,227,4,0,196,27,0,15,80,132,"Oklahoma City","OK"
"3313",36420,"Oklahoma City, OK",1369759,595050,565695,858,11,51,139,15.5,406,265,21,83,9,28,99,188,119,"Oklahoma City","OK"
"3314",36420,"Oklahoma City, OK",1369759,595050,565695,871,0,35,186,13,74,12,0,50,1,11,19,43,12,"Oklahoma City","OK"
"3315",36420,"Oklahoma City, OK",1369759,595050,565695,430,7,24,97,14.16666667,148,18,0,84,46,0,18,79,51,"Oklahoma City","OK"
"3316",36420,"Oklahoma City, OK",1369759,595050,565695,1190,32,251,245,15.83333333,355,40,147,11,115,42,76,155,124,"Oklahoma City","OK"
"3317",36420,"Oklahoma City, OK",1369759,595050,565695,1074,18,225,164,12.83333333,152,9,9,4,33,97,81,54,17,"Oklahoma City","OK"
"3318",36420,"Oklahoma City, OK",1369759,595050,565695,1412,42,339,216,12.83333333,189,3,18,29,131,8,62,111,16,"Oklahoma City","OK"
"3319",36420,"Oklahoma City, OK",1369759,595050,565695,1800,47,282,383,12.83333333,53,9,12,23,9,0,13,30,10,"Oklahoma City","OK"
"3320",36420,"Oklahoma City, OK",1369759,595050,565695,1695,4,186,390,13.66666667,90,26,1,14,49,0,32,44,14,"Oklahoma City","OK"
"3321",36420,"Oklahoma City, OK",1369759,595050,565695,1458,60,296,268,13,107,20,0,62,22,3,27,49,31,"Oklahoma City","OK"
"3322",36420,"Oklahoma City, OK",1369759,595050,565695,1937,139,446,294,16.66666667,746,122,51,48,299,226,280,247,219,"Oklahoma City","OK"
"3323",36420,"Oklahoma City, OK",1369759,595050,565695,377,0,72,107,12.16666667,5,0,1,2,2,0,2,2,1,"Oklahoma City","OK"
"3324",36420,"Oklahoma City, OK",1369759,595050,565695,1062,11,106,280,10.66666667,7,0,2,5,0,0,4,0,3,"Oklahoma City","OK"
"3325",36420,"Oklahoma City, OK",1369759,595050,565695,525,0,78,138,16.16666667,136,39,0,10,11,76,79,47,10,"Oklahoma City","OK"
"3326",36420,"Oklahoma City, OK",1369759,595050,565695,1390,8,229,404,14.5,2558,64,781,215,1358,140,360,769,1429,"Oklahoma City","OK"
"3327",36420,"Oklahoma City, OK",1369759,595050,565695,688,15,217,137,8.166666667,235,5,1,17,190,22,71,124,40,"Oklahoma City","OK"
"3328",36420,"Oklahoma City, OK",1369759,595050,565695,931,0,48,273,14,833,0,85,371,377,0,115,221,497,"Oklahoma City","OK"
"3329",36420,"Oklahoma City, OK",1369759,595050,565695,1971,0,142,543,4,293,19,5,192,17,60,82,75,136,"Oklahoma City","OK"
"3330",36420,"Oklahoma City, OK",1369759,595050,565695,1125,49,209,138,12.66666667,90,34,17,3,34,2,43,39,8,"Oklahoma City","OK"
"3331",36420,"Oklahoma City, OK",1369759,595050,565695,996,0,144,246,5.166666667,651,68,12,557,14,0,47,137,467,"Oklahoma City","OK"
"3332",36420,"Oklahoma City, OK",1369759,595050,565695,943,71,95,242,15.16666667,199,3,0,41,155,0,40,102,57,"Oklahoma City","OK"
"3333",36420,"Oklahoma City, OK",1369759,595050,565695,826,0,288,189,11.83333333,33,23,2,1,7,0,2,17,14,"Oklahoma City","OK"
"3334",36420,"Oklahoma City, OK",1369759,595050,565695,714,36,149,125,12.33333333,29,7,0,18,4,0,2,11,16,"Oklahoma City","OK"
"3335",36420,"Oklahoma City, OK",1369759,595050,565695,777,35,90,146,13.66666667,30,0,0,17,3,10,15,7,8,"Oklahoma City","OK"
"3336",36420,"Oklahoma City, OK",1369759,595050,565695,711,39,95,126,12.16666667,10,0,0,0,6,4,6,3,1,"Oklahoma City","OK"
"3337",36420,"Oklahoma City, OK",1369759,595050,565695,628,215,137,50,13,0,0,0,0,0,0,0,0,0,"Oklahoma City","OK"
"3338",36420,"Oklahoma City, OK",1369759,595050,565695,789,145,300,144,15.33333333,6971,104,413,165,5704,585,1219,2656,3096,"Oklahoma City","OK"
"3339",36420,"Oklahoma City, OK",1369759,595050,565695,676,54,200,26,15,987,9,285,51,599,43,144,414,429,"Oklahoma City","OK"
"3340",36420,"Oklahoma City, OK",1369759,595050,565695,155,0,32,21,15.16666667,10856,9,222,199,9791,635,1150,3409,6297,"Oklahoma City","OK"
"3341",36420,"Oklahoma City, OK",1369759,595050,565695,722,54,73,135,11.33333333,160,10,0,131,18,1,28,75,57,"Oklahoma City","OK"
"3342",36420,"Oklahoma City, OK",1369759,595050,565695,1130,53,103,185,14.16666667,76,23,4,39,9,1,23,44,9,"Oklahoma City","OK"
"3343",36420,"Oklahoma City, OK",1369759,595050,565695,677,16,39,142,16,96,4,6,42,28,16,20,51,25,"Oklahoma City","OK"
"3344",36420,"Oklahoma City, OK",1369759,595050,565695,1510,25,134,282,14.33333333,120,13,42,43,22,0,22,54,44,"Oklahoma City","OK"
"3345",36420,"Oklahoma City, OK",1369759,595050,565695,1125,32,137,194,13.16666667,184,0,2,11,66,105,89,73,22,"Oklahoma City","OK"
"3346",36420,"Oklahoma City, OK",1369759,595050,565695,1658,51,174,162,16.33333333,362,33,0,63,231,35,184,137,41,"Oklahoma City","OK"
"3347",36420,"Oklahoma City, OK",1369759,595050,565695,803,38,57,193,14.5,78,7,6,31,34,0,23,37,18,"Oklahoma City","OK"
"3348",36420,"Oklahoma City, OK",1369759,595050,565695,714,14,78,124,13,29,26,0,0,0,3,8,18,3,"Oklahoma City","OK"
"3349",36420,"Oklahoma City, OK",1369759,595050,565695,1293,17,202,276,13.33333333,296,7,92,0,97,100,181,95,20,"Oklahoma City","OK"
"3350",36420,"Oklahoma City, OK",1369759,595050,565695,598,30,77,163,12.83333333,680,0,168,30,445,37,113,268,299,"Oklahoma City","OK"
"3351",36420,"Oklahoma City, OK",1369759,595050,565695,650,23,87,136,12.66666667,56,22,14,8,12,0,16,28,12,"Oklahoma City","OK"
"3352",36420,"Oklahoma City, OK",1369759,595050,565695,1040,20,226,122,12.33333333,213,24,0,90,2,97,82,90,41,"Oklahoma City","OK"
"3353",36420,"Oklahoma City, OK",1369759,595050,565695,556,0,92,170,13.5,105,0,0,3,2,100,56,39,10,"Oklahoma City","OK"
"3354",36420,"Oklahoma City, OK",1369759,595050,565695,996,0,106,189,14.83333333,281,150,2,12,117,0,87,157,37,"Oklahoma City","OK"
"3355",36420,"Oklahoma City, OK",1369759,595050,565695,1008,0,371,118,10.83333333,81,2,0,3,76,0,25,35,21,"Oklahoma City","OK"
"3356",36420,"Oklahoma City, OK",1369759,595050,565695,916,0,85,169,14.5,60,0,9,12,39,0,21,27,12,"Oklahoma City","OK"
"3357",36420,"Oklahoma City, OK",1369759,595050,565695,547,1,71,172,6.833333333,127,3,4,25,53,42,56,37,34,"Oklahoma City","OK"
"3358",36420,"Oklahoma City, OK",1369759,595050,565695,1014,18,198,174,8,27,6,3,2,4,12,14,8,5,"Oklahoma City","OK"
"3359",36420,"Oklahoma City, OK",1369759,595050,565695,272,4,0,11,17.5,699,35,0,296,241,127,132,296,271,"Oklahoma City","OK"
"3360",36420,"Oklahoma City, OK",1369759,595050,565695,620,25,57,137,13,279,7,0,225,36,11,48,134,97,"Oklahoma City","OK"
"3361",36420,"Oklahoma City, OK",1369759,595050,565695,600,18,40,115,12,5,0,0,0,5,0,1,2,2,"Oklahoma City","OK"
"3362",36420,"Oklahoma City, OK",1369759,595050,565695,965,65,80,30,12,15,13,0,1,1,0,11,3,1,"Oklahoma City","OK"
"3363",36420,"Oklahoma City, OK",1369759,595050,565695,1410,14,179,289,13.83333333,307,0,0,258,49,0,18,101,188,"Oklahoma City","OK"
"3364",36420,"Oklahoma City, OK",1369759,595050,565695,2417,72,342,235,14.33333333,767,0,5,13,749,0,79,147,541,"Oklahoma City","OK"
"3365",36420,"Oklahoma City, OK",1369759,595050,565695,474,0,39,115,13.83333333,226,13,5,56,7,145,118,75,33,"Oklahoma City","OK"
"3366",36420,"Oklahoma City, OK",1369759,595050,565695,974,38,125,139,12.66666667,42,7,10,4,20,1,12,27,3,"Oklahoma City","OK"
"3367",36420,"Oklahoma City, OK",1369759,595050,565695,1452,8,77,292,10.66666667,67,0,0,66,1,0,16,23,28,"Oklahoma City","OK"
"3368",36420,"Oklahoma City, OK",1369759,595050,565695,932,33,61,28,13,1492,150,301,648,234,159,243,646,603,"Oklahoma City","OK"
"3369",36420,"Oklahoma City, OK",1369759,595050,565695,341,9,35,36,15.83333333,120,23,0,33,62,2,27,47,46,"Oklahoma City","OK"
"3370",36420,"Oklahoma City, OK",1369759,595050,565695,1339,17,268,305,9.333333333,162,93,3,2,21,43,90,50,22,"Oklahoma City","OK"
"3371",36420,"Oklahoma City, OK",1369759,595050,565695,1026,0,370,169,9.5,406,10,209,21,132,34,73,157,176,"Oklahoma City","OK"
"3372",36420,"Oklahoma City, OK",1369759,595050,565695,741,30,74,217,8.333333333,262,10,9,14,188,41,79,131,52,"Oklahoma City","OK"
"3373",36420,"Oklahoma City, OK",1369759,595050,565695,944,0,32,366,6.666666667,140,2,5,5,53,75,55,50,35,"Oklahoma City","OK"
"3374",36420,"Oklahoma City, OK",1369759,595050,565695,726,11,150,190,15,174,81,34,18,40,1,65,51,58,"Oklahoma City","OK"
"3375",36420,"Oklahoma City, OK",1369759,595050,565695,1329,82,324,349,16.16666667,547,211,18,20,190,108,255,197,95,"Oklahoma City","OK"
"3376",36420,"Oklahoma City, OK",1369759,595050,565695,1014,37,139,295,14.66666667,1772,38,81,160,1364,129,637,667,468,"Oklahoma City","OK"
"3377",36420,"Oklahoma City, OK",1369759,595050,565695,865,80,124,92,12.33333333,2278,209,136,1458,438,37,251,1005,1022,"Oklahoma City","OK"
"3378",36420,"Oklahoma City, OK",1369759,595050,565695,700,43,215,114,13.16666667,144,7,33,53,27,24,57,54,33,"Oklahoma City","OK"
"3379",36420,"Oklahoma City, OK",1369759,595050,565695,687,48,129,188,14,1045,64,46,448,379,108,170,401,474,"Oklahoma City","OK"
"3380",36420,"Oklahoma City, OK",1369759,595050,565695,398,0,114,93,10.66666667,2,0,0,2,0,0,0,2,0,"Oklahoma City","OK"
"3381",36420,"Oklahoma City, OK",1369759,595050,565695,815,0,171,134,9.666666667,12,0,0,7,5,0,3,6,3,"Oklahoma City","OK"
"3382",36420,"Oklahoma City, OK",1369759,595050,565695,492,18,127,92,15.16666667,477,201,8,31,170,67,158,229,90,"Oklahoma City","OK"
"3383",36420,"Oklahoma City, OK",1369759,595050,565695,1119,30,177,243,16,186,39,0,43,97,7,53,87,46,"Oklahoma City","OK"
"3384",36420,"Oklahoma City, OK",1369759,595050,565695,1082,32,165,290,14.66666667,545,404,47,13,39,42,283,193,69,"Oklahoma City","OK"
"3385",36420,"Oklahoma City, OK",1369759,595050,565695,1162,31,175,224,17.33333333,947,142,71,174,453,107,196,355,396,"Oklahoma City","OK"
"3386",36420,"Oklahoma City, OK",1369759,595050,565695,1097,21,264,202,13.66666667,21,2,2,2,13,2,5,5,11,"Oklahoma City","OK"
"3387",36420,"Oklahoma City, OK",1369759,595050,565695,716,4,60,203,15.66666667,352,140,19,31,90,72,102,146,104,"Oklahoma City","OK"
"3388",36420,"Oklahoma City, OK",1369759,595050,565695,648,0,131,193,16.33333333,6791,2649,1030,986,1044,1082,2296,2573,1922,"Oklahoma City","OK"
"3389",36420,"Oklahoma City, OK",1369759,595050,565695,876,15,218,206,15,777,130,184,25,216,222,288,245,244,"Oklahoma City","OK"
"3390",36420,"Oklahoma City, OK",1369759,595050,565695,1038,6,149,255,5.166666667,540,0,11,52,409,68,96,211,233,"Oklahoma City","OK"
"3391",36420,"Oklahoma City, OK",1369759,595050,565695,456,26,93,70,14.83333333,99,19,1,1,78,0,15,46,38,"Oklahoma City","OK"
"3392",36420,"Oklahoma City, OK",1369759,595050,565695,430,24,70,58,11.66666667,41,0,0,41,0,0,9,12,20,"Oklahoma City","OK"
"3393",36420,"Oklahoma City, OK",1369759,595050,565695,449,20,83,90,14,241,110,0,19,112,0,78,130,33,"Oklahoma City","OK"
"3394",36420,"Oklahoma City, OK",1369759,595050,565695,786,110,162,97,12.66666667,133,0,0,128,5,0,3,31,99,"Oklahoma City","OK"
"3395",36420,"Oklahoma City, OK",1369759,595050,565695,242,0,50,70,16.83333333,1220,11,363,19,782,45,140,452,628,"Oklahoma City","OK"
"3396",36420,"Oklahoma City, OK",1369759,595050,565695,34,5,18,0,12.16666667,86,0,0,0,6,80,25,42,19,"Oklahoma City","OK"
"3397",36420,"Oklahoma City, OK",1369759,595050,565695,3787,66,290,152,18,1509,27,79,123,1084,196,305,559,645,"Oklahoma City","OK"
"3398",36420,"Oklahoma City, OK",1369759,595050,565695,1295,35,145,141,14.5,160,11,25,1,98,25,108,31,21,"Oklahoma City","OK"
"3399",36420,"Oklahoma City, OK",1369759,595050,565695,1313,21,148,174,14.5,107,18,25,5,35,24,26,70,11,"Oklahoma City","OK"
"3400",36420,"Oklahoma City, OK",1369759,595050,565695,822,8,200,218,9.833333333,4645,52,1243,2635,616,99,299,979,3367,"Oklahoma City","OK"
"3401",36420,"Oklahoma City, OK",1369759,595050,565695,1975,24,164,524,5.166666667,90,25,5,37,23,0,31,39,20,"Oklahoma City","OK"
"3402",36420,"Oklahoma City, OK",1369759,595050,565695,642,0,45,126,9.333333333,904,651,3,57,96,97,458,338,108,"Oklahoma City","OK"
"3403",36420,"Oklahoma City, OK",1369759,595050,565695,880,17,155,256,12.16666667,571,26,67,41,376,61,149,238,184,"Oklahoma City","OK"
"3404",36420,"Oklahoma City, OK",1369759,595050,565695,234,34,18,18,8.5,3884,6,2047,384,328,1119,680,1614,1590,"Oklahoma City","OK"
"3405",36420,"Oklahoma City, OK",1369759,595050,565695,2033,0,88,600,7.833333333,263,9,19,32,203,0,64,134,65,"Oklahoma City","OK"
"3406",36420,"Oklahoma City, OK",1369759,595050,565695,1546,9,143,446,5.166666667,1055,0,12,72,971,0,248,543,264,"Oklahoma City","OK"
"3407",36420,"Oklahoma City, OK",1369759,595050,565695,945,56,122,120,10.33333333,7,6,0,0,1,0,1,2,4,"Oklahoma City","OK"
"3408",36420,"Oklahoma City, OK",1369759,595050,565695,460,8,46,125,10.16666667,285,0,8,0,23,254,95,144,46,"Oklahoma City","OK"
"3409",36420,"Oklahoma City, OK",1369759,595050,565695,1248,28,160,238,11.66666667,1093,385,30,6,531,141,293,641,159,"Oklahoma City","OK"
"3410",36420,"Oklahoma City, OK",1369759,595050,565695,3401,0,223,966,5,239,10,9,128,21,71,40,96,103,"Oklahoma City","OK"
"3411",36420,"Oklahoma City, OK",1369759,595050,565695,1450,93,476,343,6,318,5,171,5,89,48,70,96,152,"Oklahoma City","OK"
"3412",36420,"Oklahoma City, OK",1369759,595050,565695,1483,10,387,357,13.33333333,10802,138,2218,4638,3536,272,1313,3693,5796,"Oklahoma City","OK"
"3413",36420,"Oklahoma City, OK",1369759,595050,565695,1205,31,272,186,12.66666667,24,8,2,2,12,0,7,13,4,"Oklahoma City","OK"
"3414",36420,"Oklahoma City, OK",1369759,595050,565695,327,42,88,39,11.33333333,5,0,0,0,5,0,5,0,0,"Oklahoma City","OK"
"3415",36420,"Oklahoma City, OK",1369759,595050,565695,1013,28,293,157,12.16666667,469,0,3,0,466,0,96,154,219,"Oklahoma City","OK"
"3416",36420,"Oklahoma City, OK",1369759,595050,565695,1070,54,206,151,14.16666667,631,102,54,273,189,13,167,248,216,"Oklahoma City","OK"
"3417",36420,"Oklahoma City, OK",1369759,595050,565695,1975,15,452,238,6.833333333,453,13,42,226,172,0,55,195,203,"Oklahoma City","OK"
"3418",36420,"Oklahoma City, OK",1369759,595050,565695,606,65,200,83,14.66666667,647,20,113,71,431,12,70,254,323,"Oklahoma City","OK"
"3419",36420,"Oklahoma City, OK",1369759,595050,565695,670,19,134,137,12.5,166,8,40,94,13,11,30,62,74,"Oklahoma City","OK"
"3420",36420,"Oklahoma City, OK",1369759,595050,565695,621,10,268,90,6.5,78,2,46,0,30,0,21,48,9,"Oklahoma City","OK"
"3421",36420,"Oklahoma City, OK",1369759,595050,565695,1006,21,137,218,15,70,17,5,0,19,29,36,29,5,"Oklahoma City","OK"
"3422",36420,"Oklahoma City, OK",1369759,595050,565695,1566,61,145,436,11.83333333,44,0,4,17,23,0,15,20,9,"Oklahoma City","OK"
"3423",36420,"Oklahoma City, OK",1369759,595050,565695,1264,129,300,274,7.333333333,32,3,15,3,11,0,12,15,5,"Oklahoma City","OK"
"3424",36420,"Oklahoma City, OK",1369759,595050,565695,871,37,113,195,13.5,126,61,7,5,17,36,68,46,12,"Oklahoma City","OK"
"3425",36420,"Oklahoma City, OK",1369759,595050,565695,621,8,41,43,8.5,928,13,0,9,861,45,319,301,308,"Oklahoma City","OK"
"3426",36420,"Oklahoma City, OK",1369759,595050,565695,403,23,70,64,5.833333333,8,0,0,4,4,0,3,2,3,"Oklahoma City","OK"
"3427",36420,"Oklahoma City, OK",1369759,595050,565695,764,33,128,118,11.16666667,267,69,102,25,56,15,51,102,114,"Oklahoma City","OK"
"3428",36420,"Oklahoma City, OK",1369759,595050,565695,219,7,36,66,8,48,0,4,2,30,12,21,25,2,"Oklahoma City","OK"
"3429",36420,"Oklahoma City, OK",1369759,595050,565695,334,121,30,80,9.5,1004,10,91,25,768,110,273,391,340,"Oklahoma City","OK"
"3430",36420,"Oklahoma City, OK",1369759,595050,565695,616,0,98,144,6,93,4,7,39,41,2,33,29,31,"Oklahoma City","OK"
"3431",36420,"Oklahoma City, OK",1369759,595050,565695,852,15,111,192,9.833333333,257,0,58,8,111,80,97,89,71,"Oklahoma City","OK"
"3432",36420,"Oklahoma City, OK",1369759,595050,565695,611,54,108,49,13.66666667,31,12,0,12,7,0,8,22,1,"Oklahoma City","OK"
"3433",36420,"Oklahoma City, OK",1369759,595050,565695,750,38,65,136,12.83333333,6114,41,33,260,5772,8,1157,2664,2293,"Oklahoma City","OK"
"3434",36420,"Oklahoma City, OK",1369759,595050,565695,337,4,17,84,13.33333333,1128,109,79,894,46,0,78,464,586,"Oklahoma City","OK"
"3435",36420,"Oklahoma City, OK",1369759,595050,565695,298,0,27,28,13.5,1128,98,23,820,141,46,205,453,470,"Oklahoma City","OK"
"3436",36420,"Oklahoma City, OK",1369759,595050,565695,204,9,92,42,18.83333333,17677,101,8103,5015,3337,1121,2148,3842,11687,"Oklahoma City","OK"
"3437",36420,"Oklahoma City, OK",1369759,595050,565695,629,0,0,9,16.16666667,718,31,58,354,140,135,154,339,225,"Oklahoma City","OK"
"3438",36420,"Oklahoma City, OK",1369759,595050,565695,1769,46,250,324,12.16666667,1664,91,20,593,888,72,357,766,541,"Oklahoma City","OK"
"3439",36420,"Oklahoma City, OK",1369759,595050,565695,530,10,0,132,12.16666667,1937,164,9,1163,311,290,505,581,851,"Oklahoma City","OK"
"3440",36420,"Oklahoma City, OK",1369759,595050,565695,331,10,27,29,9.166666667,3079,32,73,2712,127,135,196,1017,1866,"Oklahoma City","OK"
"3441",36420,"Oklahoma City, OK",1369759,595050,565695,618,31,67,105,12.66666667,225,6,11,160,37,11,34,86,105,"Oklahoma City","OK"
"3442",36420,"Oklahoma City, OK",1369759,595050,565695,834,45,102,164,12,143,91,25,17,7,3,36,66,41,"Oklahoma City","OK"
"3443",36420,"Oklahoma City, OK",1369759,595050,565695,1019,41,89,238,12.83333333,361,21,58,214,68,0,50,148,163,"Oklahoma City","OK"
"3444",36420,"Oklahoma City, OK",1369759,595050,565695,786,12,27,266,8.666666667,150,0,96,7,47,0,78,46,26,"Oklahoma City","OK"
"3445",36420,"Oklahoma City, OK",1369759,595050,565695,626,0,51,169,16.16666667,232,32,34,32,107,27,67,58,107,"Oklahoma City","OK"
"3446",36420,"Oklahoma City, OK",1369759,595050,565695,635,5,130,201,17.16666667,476,98,97,23,96,162,197,157,122,"Oklahoma City","OK"
"3447",36420,"Oklahoma City, OK",1369759,595050,565695,704,0,125,250,9,428,45,20,28,120,215,189,170,69,"Oklahoma City","OK"
"3448",36420,"Oklahoma City, OK",1369759,595050,565695,998,8,132,337,15.33333333,382,140,14,11,70,147,148,178,56,"Oklahoma City","OK"
"3449",36420,"Oklahoma City, OK",1369759,595050,565695,1036,0,183,328,7.833333333,210,121,16,3,68,2,55,135,20,"Oklahoma City","OK"
"3450",36420,"Oklahoma City, OK",1369759,595050,565695,990,7,113,197,14.66666667,192,6,7,13,139,27,69,112,11,"Oklahoma City","OK"
"3451",36420,"Oklahoma City, OK",1369759,595050,565695,495,4,56,100,7.666666667,15,3,0,10,2,0,2,6,7,"Oklahoma City","OK"
"3452",36420,"Oklahoma City, OK",1369759,595050,565695,1391,14,166,330,5.833333333,111,59,14,17,2,19,65,32,14,"Oklahoma City","OK"
"3453",36420,"Oklahoma City, OK",1369759,595050,565695,1536,48,131,389,6,131,0,13,9,94,15,33,68,30,"Oklahoma City","OK"
"3454",36420,"Oklahoma City, OK",1369759,595050,565695,1496,25,175,401,16.5,380,123,31,3,113,110,156,167,57,"Oklahoma City","OK"
"3455",36420,"Oklahoma City, OK",1369759,595050,565695,1975,0,226,469,9.333333333,14,0,5,0,9,0,2,6,6,"Oklahoma City","OK"
"3456",36420,"Oklahoma City, OK",1369759,595050,565695,1906,76,382,369,10.33333333,96,5,34,3,53,1,21,49,26,"Oklahoma City","OK"
"3457",36420,"Oklahoma City, OK",1369759,595050,565695,2006,0,282,546,5.666666667,66,0,12,5,49,0,20,25,21,"Oklahoma City","OK"
"3458",36420,"Oklahoma City, OK",1369759,595050,565695,1215,0,212,282,5.166666667,18,0,5,2,11,0,5,3,10,"Oklahoma City","OK"
"3459",36420,"Oklahoma City, OK",1369759,595050,565695,712,0,45,241,5.333333333,94,0,3,24,23,44,32,51,11,"Oklahoma City","OK"
"3460",36420,"Oklahoma City, OK",1369759,595050,565695,1427,0,93,437,1.833333333,10,0,0,5,5,0,2,4,4,"Oklahoma City","OK"
"3461",36420,"Oklahoma City, OK",1369759,595050,565695,1774,0,123,488,5.333333333,96,0,0,74,21,1,13,38,45,"Oklahoma City","OK"
"3462",36420,"Oklahoma City, OK",1369759,595050,565695,845,84,195,204,7.666666667,91,1,15,3,33,39,39,43,9,"Oklahoma City","OK"
"3463",36420,"Oklahoma City, OK",1369759,595050,565695,1639,147,186,283,14,37,0,25,0,12,0,16,15,6,"Oklahoma City","OK"
"3464",36420,"Oklahoma City, OK",1369759,595050,565695,1427,13,147,374,5,105,24,0,66,15,0,15,62,28,"Oklahoma City","OK"
"3465",36420,"Oklahoma City, OK",1369759,595050,565695,943,0,34,269,5.833333333,99,4,18,7,70,0,27,39,33,"Oklahoma City","OK"
"3466",36420,"Oklahoma City, OK",1369759,595050,565695,1985,38,228,540,7.333333333,205,47,100,10,13,35,73,74,58,"Oklahoma City","OK"
"3467",36420,"Oklahoma City, OK",1369759,595050,565695,622,4,103,158,6.833333333,37,0,5,2,27,3,15,10,12,"Oklahoma City","OK"
"3468",36420,"Oklahoma City, OK",1369759,595050,565695,427,13,45,82,3,0,0,0,0,0,0,0,0,0,"Oklahoma City","OK"
"3469",36420,"Oklahoma City, OK",1369759,595050,565695,840,8,109,219,3.333333333,14,0,0,5,9,0,2,2,10,"Oklahoma City","OK"
"3470",36420,"Oklahoma City, OK",1369759,595050,565695,2436,38,191,565,8.333333333,2423,169,492,687,625,450,340,1025,1058,"Oklahoma City","OK"
"3471",36420,"Oklahoma City, OK",1369759,595050,565695,1001,0,13,237,3.666666667,238,1,12,201,20,4,29,62,147,"Oklahoma City","OK"
"3472",36420,"Oklahoma City, OK",1369759,595050,565695,1024,21,226,192,7.5,1071,18,0,15,1004,34,255,208,608,"Oklahoma City","OK"
"3473",36420,"Oklahoma City, OK",1369759,595050,565695,994,9,174,187,7,13,0,0,1,12,0,2,7,4,"Oklahoma City","OK"
"3474",36420,"Oklahoma City, OK",1369759,595050,565695,1485,0,78,399,3.666666667,1085,1,38,907,137,2,99,256,730,"Oklahoma City","OK"
"3475",36420,"Oklahoma City, OK",1369759,595050,565695,1742,49,174,444,8.166666667,611,214,102,194,50,51,160,325,126,"Oklahoma City","OK"
"3476",36420,"Oklahoma City, OK",1369759,595050,565695,888,18,66,219,8.5,588,2,269,6,307,4,59,313,216,"Oklahoma City","OK"
"3477",36420,"Oklahoma City, OK",1369759,595050,565695,1152,9,136,251,4.833333333,354,30,4,256,62,2,38,146,170,"Oklahoma City","OK"
"3478",36420,"Oklahoma City, OK",1369759,595050,565695,1324,7,203,375,7.333333333,785,119,5,1,660,0,144,358,283,"Oklahoma City","OK"
"3479",36420,"Oklahoma City, OK",1369759,595050,565695,3092,0,206,858,4.5,144,9,6,88,41,0,23,55,66,"Oklahoma City","OK"
"3480",36420,"Oklahoma City, OK",1369759,595050,565695,1012,79,352,151,11.5,942,13,199,194,536,0,58,169,715,"Oklahoma City","OK"
"3481",36420,"Oklahoma City, OK",1369759,595050,565695,1246,0,192,251,12.33333333,213,1,2,21,144,45,62,107,44,"Oklahoma City","OK"
"3482",36420,"Oklahoma City, OK",1369759,595050,565695,1186,30,269,133,15.33333333,80,18,4,0,47,11,39,28,13,"Oklahoma City","OK"
"3483",36420,"Oklahoma City, OK",1369759,595050,565695,767,11,136,196,13.33333333,10,6,2,1,1,0,8,2,0,"Oklahoma City","OK"
"3484",36420,"Oklahoma City, OK",1369759,595050,565695,718,0,89,240,10.33333333,42,23,2,13,4,0,10,19,13,"Oklahoma City","OK"
"3485",36420,"Oklahoma City, OK",1369759,595050,565695,819,0,142,180,11.83333333,109,59,21,13,16,0,44,49,16,"Oklahoma City","OK"
"3486",36420,"Oklahoma City, OK",1369759,595050,565695,891,0,226,266,18,900,194,411,18,149,128,206,370,324,"Oklahoma City","OK"
"3487",36420,"Oklahoma City, OK",1369759,595050,565695,263,45,81,6,13.16666667,30,0,24,0,1,5,6,16,8,"Oklahoma City","OK"
"3488",36420,"Oklahoma City, OK",1369759,595050,565695,697,32,49,154,11.5,736,24,20,15,668,9,219,277,240,"Oklahoma City","OK"
"3489",36420,"Oklahoma City, OK",1369759,595050,565695,848,68,117,210,14.16666667,26,0,4,3,10,9,11,11,4,"Oklahoma City","OK"
"3490",36420,"Oklahoma City, OK",1369759,595050,565695,394,27,96,94,18.33333333,4092,368,1832,1093,697,102,524,1806,1762,"Oklahoma City","OK"
"3491",36420,"Oklahoma City, OK",1369759,595050,565695,809,9,197,201,7.5,26,1,1,0,16,8,9,10,7,"Oklahoma City","OK"
"3492",36420,"Oklahoma City, OK",1369759,595050,565695,536,23,71,114,12,11,4,1,0,6,0,4,6,1,"Oklahoma City","OK"
"3493",36420,"Oklahoma City, OK",1369759,595050,565695,1032,0,135,217,17.33333333,243,10,9,3,153,68,98,86,59,"Oklahoma City","OK"
"3494",36420,"Oklahoma City, OK",1369759,595050,565695,812,17,133,172,15.16666667,160,55,2,38,58,7,51,80,29,"Oklahoma City","OK"
"3495",36420,"Oklahoma City, OK",1369759,595050,565695,538,14,41,50,15,1116,98,8,12,910,88,285,401,430,"Oklahoma City","OK"
"3496",36420,"Oklahoma City, OK",1369759,595050,565695,325,0,55,62,11.83333333,12,0,0,1,11,0,10,1,1,"Oklahoma City","OK"
"3497",36420,"Oklahoma City, OK",1369759,595050,565695,869,58,317,162,15.5,439,40,10,16,71,302,196,186,57,"Oklahoma City","OK"
"3498",36420,"Oklahoma City, OK",1369759,595050,565695,1832,25,363,417,3.833333333,135,5,0,88,40,2,28,63,44,"Oklahoma City","OK"
"3499",36420,"Oklahoma City, OK",1369759,595050,565695,3977,15,399,1122,6.166666667,92,3,17,27,44,1,23,38,31,"Oklahoma City","OK"
"3500",36420,"Oklahoma City, OK",1369759,595050,565695,1603,24,48,498,4.5,150,12,4,32,102,0,36,58,56,"Oklahoma City","OK"
"3501",36420,"Oklahoma City, OK",1369759,595050,565695,2860,0,55,94,4.333333333,28,8,7,4,9,0,6,10,12,"Oklahoma City","OK"
"3502",36420,"Oklahoma City, OK",1369759,595050,565695,759,0,49,128,6.666666667,1171,474,36,2,69,590,563,509,99,"Oklahoma City","OK"
"3503",36420,"Oklahoma City, OK",1369759,595050,565695,595,0,107,211,6.833333333,18,0,1,0,17,0,8,6,4,"Oklahoma City","OK"
"3504",36420,"Oklahoma City, OK",1369759,595050,565695,4090,38,310,1067,6.666666667,729,45,33,199,435,17,211,214,304,"Oklahoma City","OK"
"3505",36420,"Oklahoma City, OK",1369759,595050,565695,2072,42,211,522,6.166666667,135,0,0,93,37,5,26,41,68,"Oklahoma City","OK"
"3506",36420,"Oklahoma City, OK",1369759,595050,565695,423,0,0,149,8.333333333,10,0,0,3,7,0,5,2,3,"Oklahoma City","OK"
"3507",36420,"Oklahoma City, OK",1369759,595050,565695,995,3,104,255,6.333333333,868,125,46,509,46,142,176,266,426,"Oklahoma City","OK"
"3508",36420,"Oklahoma City, OK",1369759,595050,565695,237,10,83,39,12.66666667,1423,92,640,224,218,249,275,418,730,"Oklahoma City","OK"
"3509",36420,"Oklahoma City, OK",1369759,595050,565695,397,142,21,47,16.83333333,164,37,13,3,96,15,59,80,25,"Oklahoma City","OK"
"3510",36420,"Oklahoma City, OK",1369759,595050,565695,761,20,127,140,14.83333333,282,93,22,59,83,25,50,114,118,"Oklahoma City","OK"
"3511",36420,"Oklahoma City, OK",1369759,595050,565695,914,63,52,171,9.166666667,40,25,0,7,8,0,2,15,23,"Oklahoma City","OK"
"3512",36420,"Oklahoma City, OK",1369759,595050,565695,1036,26,485,153,13.33333333,795,175,81,23,424,92,152,359,284,"Oklahoma City","OK"
"3513",36420,"Oklahoma City, OK",1369759,595050,565695,532,8,64,127,6.666666667,59,1,0,0,16,42,43,16,0,"Oklahoma City","OK"
"3514",36420,"Oklahoma City, OK",1369759,595050,565695,737,0,57,160,14.16666667,134,57,0,25,25,27,48,62,24,"Oklahoma City","OK"
"3515",36420,"Oklahoma City, OK",1369759,595050,565695,777,0,34,143,12.16666667,48,12,4,3,29,0,23,23,2,"Oklahoma City","OK"
"3516",36420,"Oklahoma City, OK",1369759,595050,565695,1292,29,151,270,10.66666667,5,0,5,0,0,0,1,4,0,"Oklahoma City","OK"
"3517",36420,"Oklahoma City, OK",1369759,595050,565695,5502,52,343,1452,5.833333333,215,1,34,96,63,21,59,76,80,"Oklahoma City","OK"
"3518",36420,"Oklahoma City, OK",1369759,595050,565695,4316,12,93,1012,6.333333333,216,25,25,96,67,3,39,83,94,"Oklahoma City","OK"
"3519",36420,"Oklahoma City, OK",1369759,595050,565695,634,16,140,57,10.33333333,26,0,0,2,9,15,16,8,2,"Oklahoma City","OK"
"3520",36420,"Oklahoma City, OK",1369759,595050,565695,1957,19,150,417,11.16666667,291,111,34,34,112,0,90,135,66,"Oklahoma City","OK"
"3521",36420,"Oklahoma City, OK",1369759,595050,565695,1652,9,113,447,8.5,1203,514,53,114,274,248,392,577,234,"Oklahoma City","OK"
"3522",36420,"Oklahoma City, OK",1369759,595050,565695,1956,22,122,606,7,680,466,7,35,62,110,213,380,87,"Oklahoma City","OK"
"3523",36420,"Oklahoma City, OK",1369759,595050,565695,972,5,121,274,7.5,188,44,4,62,37,41,67,64,57,"Oklahoma City","OK"
"3524",36420,"Oklahoma City, OK",1369759,595050,565695,2526,22,234,576,8.666666667,367,105,0,83,124,55,89,166,112,"Oklahoma City","OK"
"3525",36420,"Oklahoma City, OK",1369759,595050,565695,1491,0,30,394,4.666666667,293,1,5,215,72,0,44,87,162,"Oklahoma City","OK"
"3526",36420,"Oklahoma City, OK",1369759,595050,565695,4416,22,625,974,6.666666667,636,38,43,64,396,95,212,251,173,"Oklahoma City","OK"
"3527",36420,"Oklahoma City, OK",1369759,595050,565695,2366,45,421,441,6.833333333,222,11,1,10,200,0,51,113,58,"Oklahoma City","OK"
"3528",36420,"Oklahoma City, OK",1369759,595050,565695,2770,22,337,746,10.16666667,620,36,243,24,125,192,313,160,147,"Oklahoma City","OK"
"3529",36420,"Oklahoma City, OK",1369759,595050,565695,2448,28,156,591,6.666666667,214,11,5,99,96,3,45,84,85,"Oklahoma City","OK"
"3530",36420,"Oklahoma City, OK",1369759,595050,565695,1569,7,38,384,3.666666667,17,0,2,2,13,0,7,6,4,"Oklahoma City","OK"
"3531",36420,"Oklahoma City, OK",1369759,595050,565695,1255,142,324,120,15,473,41,209,21,130,72,139,198,136,"Oklahoma City","OK"
"3532",36420,"Oklahoma City, OK",1369759,595050,565695,1158,2,78,312,9,1843,37,68,16,1568,154,408,531,904,"Oklahoma City","OK"
"3533",36420,"Oklahoma City, OK",1369759,595050,565695,1279,7,63,290,5,97,1,0,9,87,0,33,48,16,"Oklahoma City","OK"
"3534",36420,"Oklahoma City, OK",1369759,595050,565695,2388,32,188,580,8.833333333,324,32,14,40,210,28,100,160,64,"Oklahoma City","OK"
"3535",36420,"Oklahoma City, OK",1369759,595050,565695,279,14,13,19,15,1031,84,417,0,529,1,162,569,300,"Oklahoma City","OK"
"3536",36420,"Oklahoma City, OK",1369759,595050,565695,1188,7,308,262,8.5,500,3,58,72,303,64,116,189,195,"Oklahoma City","OK"
"3537",36420,"Oklahoma City, OK",1369759,595050,565695,934,0,174,258,15,159,10,8,43,35,63,55,72,32,"Oklahoma City","OK"
"3538",36420,"Oklahoma City, OK",1369759,595050,565695,932,0,99,225,12.83333333,374,25,6,1,90,252,238,103,33,"Oklahoma City","OK"
"3539",36420,"Oklahoma City, OK",1369759,595050,565695,2094,28,461,424,13.66666667,16,0,9,2,5,0,2,6,8,"Oklahoma City","OK"
"3540",36420,"Oklahoma City, OK",1369759,595050,565695,881,10,258,157,5,456,448,3,0,5,0,84,177,195,"Oklahoma City","OK"
"3541",36420,"Oklahoma City, OK",1369759,595050,565695,1142,8,42,320,3.166666667,33,1,2,22,8,0,11,12,10,"Oklahoma City","OK"
"3542",36420,"Oklahoma City, OK",1369759,595050,565695,1547,0,41,466,4.5,88,12,0,47,29,0,32,30,26,"Oklahoma City","OK"
"3543",36420,"Oklahoma City, OK",1369759,595050,565695,849,20,111,155,14,68,19,2,3,12,32,26,28,14,"Oklahoma City","OK"
"3544",36420,"Oklahoma City, OK",1369759,595050,565695,939,38,130,168,17.66666667,601,86,84,19,292,120,172,254,175,"Oklahoma City","OK"
"3545",36420,"Oklahoma City, OK",1369759,595050,565695,487,7,101,78,17.16666667,162,77,8,58,15,4,32,98,32,"Oklahoma City","OK"
"3546",36420,"Oklahoma City, OK",1369759,595050,565695,566,34,53,116,14.83333333,328,251,26,1,20,30,115,156,57,"Oklahoma City","OK"
"3547",36420,"Oklahoma City, OK",1369759,595050,565695,2042,12,136,592,2.833333333,70,0,5,47,18,0,13,23,34,"Oklahoma City","OK"
"3548",36420,"Oklahoma City, OK",1369759,595050,565695,1427,37,181,335,8.666666667,2006,34,750,20,336,866,579,774,653,"Oklahoma City","OK"
"3549",36420,"Oklahoma City, OK",1369759,595050,565695,760,0,124,95,17,138,26,42,22,9,39,50,58,30,"Oklahoma City","OK"
"3550",36420,"Oklahoma City, OK",1369759,595050,565695,1438,37,359,97,10.83333333,60,10,39,10,1,0,17,39,4,"Oklahoma City","OK"
"3551",36420,"Oklahoma City, OK",1369759,595050,565695,1698,16,179,455,14.16666667,3087,1395,255,272,761,404,888,1254,945,"Oklahoma City","OK"
"3552",36420,"Oklahoma City, OK",1369759,595050,565695,769,0,141,213,13.66666667,75,6,5,3,39,22,27,31,17,"Oklahoma City","OK"
"3553",36420,"Oklahoma City, OK",1369759,595050,565695,518,0,82,136,12.66666667,87,0,17,11,9,50,41,28,18,"Oklahoma City","OK"
"3554",36420,"Oklahoma City, OK",1369759,595050,565695,615,15,106,110,13.83333333,1182,34,159,66,771,152,499,426,257,"Oklahoma City","OK"
"3555",36420,"Oklahoma City, OK",1369759,595050,565695,2039,63,368,469,15.83333333,489,54,115,51,204,65,134,222,133,"Oklahoma City","OK"
"3556",36420,"Oklahoma City, OK",1369759,595050,565695,943,6,76,281,4.833333333,66,0,1,29,36,0,20,29,17,"Oklahoma City","OK"
"3557",36420,"Oklahoma City, OK",1369759,595050,565695,541,9,100,103,16.66666667,163,15,52,4,82,10,49,75,39,"Oklahoma City","OK"
"3558",36420,"Oklahoma City, OK",1369759,595050,565695,1075,0,211,191,7.166666667,40,9,0,14,5,12,11,18,11,"Oklahoma City","OK"
"3559",36420,"Oklahoma City, OK",1369759,595050,565695,802,48,223,81,10.33333333,293,64,22,78,43,86,84,119,90,"Oklahoma City","OK"
"3560",36420,"Oklahoma City, OK",1369759,595050,565695,926,55,192,134,15,865,141,21,1,281,421,322,363,180,"Oklahoma City","OK"
"3561",36420,"Oklahoma City, OK",1369759,595050,565695,983,27,200,167,10.83333333,569,122,147,22,193,85,172,206,191,"Oklahoma City","OK"
"3562",36420,"Oklahoma City, OK",1369759,595050,565695,858,29,196,139,11.5,5,0,2,2,1,0,3,2,0,"Oklahoma City","OK"
"3563",36420,"Oklahoma City, OK",1369759,595050,565695,717,0,148,101,11.33333333,15,0,4,0,0,11,5,7,3,"Oklahoma City","OK"
"3564",36420,"Oklahoma City, OK",1369759,595050,565695,1073,30,220,224,9.333333333,14903,1887,1525,6418,3297,1776,3422,5696,5785,"Oklahoma City","OK"
"3565",36420,"Oklahoma City, OK",1369759,595050,565695,1264,0,90,370,1.666666667,9,0,0,7,2,0,0,9,0,"Oklahoma City","OK"
"3566",36420,"Oklahoma City, OK",1369759,595050,565695,650,0,92,99,5.666666667,0,0,0,0,0,0,0,0,0,"Oklahoma City","OK"
"3567",36420,"Oklahoma City, OK",1369759,595050,565695,1158,15,140,242,3.833333333,80,2,0,39,39,0,48,23,9,"Oklahoma City","OK"
"3568",36420,"Oklahoma City, OK",1369759,595050,565695,1140,0,89,276,5.333333333,173,0,19,42,107,5,39,41,93,"Oklahoma City","OK"
"3569",36420,"Oklahoma City, OK",1369759,595050,565695,2771,12,473,678,7.833333333,477,95,18,6,334,24,151,228,98,"Oklahoma City","OK"
"3570",36420,"Oklahoma City, OK",1369759,595050,565695,2645,53,408,538,7.5,235,17,18,12,144,44,113,93,29,"Oklahoma City","OK"
"3571",36420,"Oklahoma City, OK",1369759,595050,565695,1999,19,69,580,9.5,415,180,14,6,122,93,141,201,73,"Oklahoma City","OK"
"3572",36420,"Oklahoma City, OK",1369759,595050,565695,1936,57,353,433,14.83333333,119,19,26,2,29,43,53,46,20,"Oklahoma City","OK"
"3573",36420,"Oklahoma City, OK",1369759,595050,565695,2541,124,214,587,11.5,238,78,9,0,8,143,136,83,19,"Oklahoma City","OK"
"3574",36420,"Oklahoma City, OK",1369759,595050,565695,1828,0,91,529,5.833333333,393,130,0,89,2,172,109,213,71,"Oklahoma City","OK"
"3575",36420,"Oklahoma City, OK",1369759,595050,565695,535,21,137,143,13.5,2961,16,0,8,2844,93,410,976,1575,"Oklahoma City","OK"
"3576",36420,"Oklahoma City, OK",1369759,595050,565695,947,159,137,217,13.66666667,136,16,20,81,8,11,44,57,35,"Oklahoma City","OK"
"3577",36420,"Oklahoma City, OK",1369759,595050,565695,1530,46,285,265,12.83333333,107,14,14,45,31,3,29,35,43,"Oklahoma City","OK"
"3578",36420,"Oklahoma City, OK",1369759,595050,565695,736,0,140,174,10.66666667,151,23,37,25,62,4,44,81,26,"Oklahoma City","OK"
"3579",36420,"Oklahoma City, OK",1369759,595050,565695,935,36,180,203,17,1130,52,18,28,320,712,568,337,225,"Oklahoma City","OK"
"3580",36420,"Oklahoma City, OK",1369759,595050,565695,1426,0,81,497,11.66666667,710,199,37,15,216,243,289,292,129,"Oklahoma City","OK"
"3581",36420,"Oklahoma City, OK",1369759,595050,565695,1338,0,18,428,10.16666667,284,10,21,71,116,66,89,100,95,"Oklahoma City","OK"
"3582",36420,"Oklahoma City, OK",1369759,595050,565695,2465,104,218,586,7.166666667,1966,5,1192,41,694,34,286,533,1147,"Oklahoma City","OK"
"3583",36420,"Oklahoma City, OK",1369759,595050,565695,858,18,131,225,11.33333333,289,2,15,7,172,93,59,125,105,"Oklahoma City","OK"
"3584",36420,"Oklahoma City, OK",1369759,595050,565695,638,0,51,202,4.666666667,7398,3,19,33,7337,6,760,2949,3689,"Oklahoma City","OK"
"3585",36420,"Oklahoma City, OK",1369759,595050,565695,1633,0,568,445,6.833333333,553,56,32,41,420,4,94,263,196,"Oklahoma City","OK"
"3586",36420,"Oklahoma City, OK",1369759,595050,565695,1092,0,106,293,3.333333333,87,1,2,51,33,0,8,46,33,"Oklahoma City","OK"
"3587",36420,"Oklahoma City, OK",1369759,595050,565695,1412,20,124,305,4.5,126,0,5,0,113,8,37,74,15,"Oklahoma City","OK"
"3588",36420,"Oklahoma City, OK",1369759,595050,565695,3844,42,691,910,8.666666667,1642,562,58,67,246,709,874,551,217,"Oklahoma City","OK"
"3589",36420,"Oklahoma City, OK",1369759,595050,565695,3125,0,179,899,8.166666667,811,216,180,42,127,246,188,306,317,"Oklahoma City","OK"
"3590",36420,"Oklahoma City, OK",1369759,595050,565695,1216,12,107,367,9.166666667,606,85,10,107,212,192,210,241,155,"Oklahoma City","OK"
"3591",36420,"Oklahoma City, OK",1369759,595050,565695,913,0,197,251,13.66666667,98,0,0,25,22,51,29,42,27,"Oklahoma City","OK"
"3592",36420,"Oklahoma City, OK",1369759,595050,565695,825,0,82,219,10.33333333,2673,1252,45,184,1119,73,556,1284,833,"Oklahoma City","OK"
"3593",36420,"Oklahoma City, OK",1369759,595050,565695,532,30,238,71,16.5,1678,578,77,166,392,465,786,593,299,"Oklahoma City","OK"
"3594",36420,"Oklahoma City, OK",1369759,595050,565695,937,5,57,267,9.5,958,273,492,12,78,103,186,318,454,"Oklahoma City","OK"
"3595",36420,"Oklahoma City, OK",1369759,595050,565695,3026,69,436,618,8.333333333,101,4,44,7,46,0,24,49,28,"Oklahoma City","OK"
"3596",36420,"Oklahoma City, OK",1369759,595050,565695,307,0,13,147,4.666666667,45,0,3,34,8,0,10,16,19,"Oklahoma City","OK"
"3597",36420,"Oklahoma City, OK",1369759,595050,565695,1227,26,328,266,10.33333333,523,27,78,32,278,108,235,156,132,"Oklahoma City","OK"
"3598",36420,"Oklahoma City, OK",1369759,595050,565695,4084,0,288,1111,7.166666667,256,2,56,58,140,0,67,108,81,"Oklahoma City","OK"
"3599",36420,"Oklahoma City, OK",1369759,595050,565695,3200,0,166,890,8.333333333,274,9,65,28,169,3,71,97,106,"Oklahoma City","OK"
"3600",36420,"Oklahoma City, OK",1369759,595050,565695,2068,0,152,583,6.833333333,118,12,13,62,31,0,52,38,28,"Oklahoma City","OK"
"3601",36420,"Oklahoma City, OK",1369759,595050,565695,1581,59,224,483,8.833333333,264,4,55,40,165,0,55,79,130,"Oklahoma City","OK"
"3602",36420,"Oklahoma City, OK",1369759,595050,565695,1714,19,42,447,4.166666667,126,0,2,55,67,2,14,39,73,"Oklahoma City","OK"
"3603",36420,"Oklahoma City, OK",1369759,595050,565695,3019,77,655,835,7.166666667,1159,129,29,222,555,224,403,445,311,"Oklahoma City","OK"
"3604",36420,"Oklahoma City, OK",1369759,595050,565695,1206,0,129,284,13.83333333,178,20,37,28,50,43,73,54,51,"Oklahoma City","OK"
"3605",36420,"Oklahoma City, OK",1369759,595050,565695,2018,140,308,572,9.5,521,26,20,32,372,71,248,208,65,"Oklahoma City","OK"
"3606",36420,"Oklahoma City, OK",1369759,595050,565695,4464,76,322,1227,8,303,38,13,56,159,37,123,114,66,"Oklahoma City","OK"
"3607",36420,"Oklahoma City, OK",1369759,595050,565695,2092,11,148,633,10,334,68,39,27,175,25,87,175,72,"Oklahoma City","OK"
"3608",36420,"Oklahoma City, OK",1369759,595050,565695,2222,0,503,481,10.33333333,677,78,228,18,324,29,374,234,69,"Oklahoma City","OK"
"3609",36420,"Oklahoma City, OK",1369759,595050,565695,1449,45,326,361,6.333333333,54,39,4,11,0,0,20,20,14,"Oklahoma City","OK"
"3610",36420,"Oklahoma City, OK",1369759,595050,565695,2884,0,162,768,6.5,73,0,9,49,14,1,23,34,16,"Oklahoma City","OK"
"3611",36420,"Oklahoma City, OK",1369759,595050,565695,606,0,94,188,7.5,28,11,0,5,12,0,16,11,1,"Oklahoma City","OK"
"3612",36420,"Oklahoma City, OK",1369759,595050,565695,2209,18,305,318,5.833333333,21,2,9,0,10,0,10,10,1,"Oklahoma City","OK"
"3613",36420,"Oklahoma City, OK",1369759,595050,565695,885,4,21,215,3.833333333,4742,237,102,4082,210,111,398,1831,2513,"Oklahoma City","OK"
"3614",36420,"Oklahoma City, OK",1369759,595050,565695,2070,43,257,499,8.166666667,1012,50,24,52,687,199,286,624,102,"Oklahoma City","OK"
"3615",36420,"Oklahoma City, OK",1369759,595050,565695,3038,13,298,819,8.333333333,638,62,46,45,310,175,219,242,177,"Oklahoma City","OK"
"3616",36420,"Oklahoma City, OK",1369759,595050,565695,1595,0,107,345,7,179,103,2,53,19,2,88,44,47,"Oklahoma City","OK"
"3617",36420,"Oklahoma City, OK",1369759,595050,565695,2355,45,165,491,9.833333333,385,19,59,44,112,151,163,140,82,"Oklahoma City","OK"
"3618",36420,"Oklahoma City, OK",1369759,595050,565695,973,3,97,220,4.166666667,303,4,0,225,71,3,93,73,137,"Oklahoma City","OK"
"3619",36420,"Oklahoma City, OK",1369759,595050,565695,1481,64,262,212,8,23,13,2,5,3,0,13,9,1,"Oklahoma City","OK"
"3620",36420,"Oklahoma City, OK",1369759,595050,565695,722,33,115,92,4,0,0,0,0,0,0,0,0,0,"Oklahoma City","OK"
"3621",36420,"Oklahoma City, OK",1369759,595050,565695,565,19,98,83,9.833333333,753,55,584,74,18,22,94,360,299,"Oklahoma City","OK"
"3622",36420,"Oklahoma City, OK",1369759,595050,565695,758,30,99,163,9.666666667,39,4,0,12,20,3,17,14,8,"Oklahoma City","OK"
"3623",36420,"Oklahoma City, OK",1369759,595050,565695,897,22,166,130,10.16666667,87,14,54,0,19,0,21,31,35,"Oklahoma City","OK"
"3624",36420,"Oklahoma City, OK",1369759,595050,565695,1085,20,140,197,7.333333333,379,148,24,25,12,170,211,128,40,"Oklahoma City","OK"
"3625",36420,"Oklahoma City, OK",1369759,595050,565695,731,0,98,180,12,483,76,196,69,62,80,116,177,190,"Oklahoma City","OK"
"3626",36420,"Oklahoma City, OK",1369759,595050,565695,1555,45,92,329,9.5,96,4,8,4,63,17,36,42,18,"Oklahoma City","OK"
"3627",36420,"Oklahoma City, OK",1369759,595050,565695,960,0,173,154,6,399,9,6,367,14,3,44,161,194,"Oklahoma City","OK"
"3628",36420,"Oklahoma City, OK",1369759,595050,565695,2219,20,401,536,9.166666667,277,39,51,57,23,107,99,118,60,"Oklahoma City","OK"
"3629",36420,"Oklahoma City, OK",1369759,595050,565695,1331,0,110,374,8,205,17,9,30,107,42,77,94,34,"Oklahoma City","OK"
"3630",36420,"Oklahoma City, OK",1369759,595050,565695,1173,6,50,299,5.333333333,43,3,0,13,27,0,3,16,24,"Oklahoma City","OK"
"3631",36420,"Oklahoma City, OK",1369759,595050,565695,1226,0,99,274,10,172,12,7,26,79,48,68,53,51,"Oklahoma City","OK"
"3632",36420,"Oklahoma City, OK",1369759,595050,565695,1347,3,77,307,9,761,206,21,15,262,257,364,330,67,"Oklahoma City","OK"
"3633",36420,"Oklahoma City, OK",1369759,595050,565695,919,0,47,228,4.666666667,85,0,16,58,10,1,14,32,39,"Oklahoma City","OK"
"3634",36420,"Oklahoma City, OK",1369759,595050,565695,1854,0,131,474,4.833333333,214,26,10,149,17,12,47,87,80,"Oklahoma City","OK"
"3635",36420,"Oklahoma City, OK",1369759,595050,565695,2596,15,137,607,7.666666667,788,62,66,64,522,74,264,226,298,"Oklahoma City","OK"
"3636",36420,"Oklahoma City, OK",1369759,595050,565695,918,49,74,222,3.833333333,144,2,0,2,140,0,61,36,47,"Oklahoma City","OK"
"3637",36420,"Oklahoma City, OK",1369759,595050,565695,626,7,88,118,3.833333333,17,0,0,8,9,0,3,10,4,"Oklahoma City","OK"
"3638",36420,"Oklahoma City, OK",1369759,595050,565695,245,0,40,47,9.166666667,74,19,0,0,11,44,36,24,14,"Oklahoma City","OK"
"3639",36420,"Oklahoma City, OK",1369759,595050,565695,2469,0,122,636,5.666666667,75,0,3,20,34,18,30,25,20,"Oklahoma City","OK"
"3640",36420,"Oklahoma City, OK",1369759,595050,565695,3699,0,391,1044,9.333333333,379,57,21,71,107,123,159,142,78,"Oklahoma City","OK"
"3641",36420,"Oklahoma City, OK",1369759,595050,565695,2068,0,236,537,7.833333333,619,5,84,9,501,20,244,193,182,"Oklahoma City","OK"
"3642",36420,"Oklahoma City, OK",1369759,595050,565695,2559,9,201,820,6.166666667,95,10,3,24,16,42,52,31,12,"Oklahoma City","OK"
"3643",36420,"Oklahoma City, OK",1369759,595050,565695,3233,54,272,880,8,145,0,5,69,44,27,24,65,56,"Oklahoma City","OK"
"3644",36420,"Oklahoma City, OK",1369759,595050,565695,1299,64,55,347,7,243,0,11,96,77,59,85,55,103,"Oklahoma City","OK"
"3645",36420,"Oklahoma City, OK",1369759,595050,565695,1877,0,153,452,5.5,2881,33,15,4,2811,18,559,782,1540,"Oklahoma City","OK"
"3646",36420,"Oklahoma City, OK",1369759,595050,565695,1402,6,113,389,5.166666667,68,11,17,28,12,0,29,27,12,"Oklahoma City","OK"
"3647",36420,"Oklahoma City, OK",1369759,595050,565695,1136,0,78,277,6.166666667,182,0,0,0,182,0,54,72,56,"Oklahoma City","OK"
"3648",36420,"Oklahoma City, OK",1369759,595050,565695,1655,34,106,468,7.666666667,114,6,0,1,107,0,34,52,28,"Oklahoma City","OK"
"3649",36420,"Oklahoma City, OK",1369759,595050,565695,863,0,115,247,15.66666667,382,143,107,1,97,34,83,228,71,"Oklahoma City","OK"
"3650",36420,"Oklahoma City, OK",1369759,595050,565695,1419,116,101,351,8.666666667,963,89,38,11,669,156,337,403,223,"Oklahoma City","OK"
"3651",36420,"Oklahoma City, OK",1369759,595050,565695,1791,21,114,548,8.5,814,310,175,43,22,264,338,284,192,"Oklahoma City","OK"
"3652",36420,"Oklahoma City, OK",1369759,595050,565695,1834,0,165,541,9.5,2139,36,1803,18,232,50,220,828,1091,"Oklahoma City","OK"
"3653",36420,"Oklahoma City, OK",1369759,595050,565695,2160,0,136,579,6.833333333,59,12,1,7,39,0,14,36,9,"Oklahoma City","OK"
"3654",36420,"Oklahoma City, OK",1369759,595050,565695,3266,30,205,848,8.833333333,4577,974,137,1830,1039,597,1303,1368,1906,"Oklahoma City","OK"
"3655",36420,"Oklahoma City, OK",1369759,595050,565695,595,0,37,163,4.5,42,0,1,39,2,0,15,20,7,"Oklahoma City","OK"
"3656",36420,"Oklahoma City, OK",1369759,595050,565695,517,0,44,103,7.833333333,238,58,0,21,81,78,63,101,74,"Oklahoma City","OK"
"3657",36420,"Oklahoma City, OK",1369759,595050,565695,679,0,113,194,10.66666667,15,1,0,6,8,0,3,8,4,"Oklahoma City","OK"
"3658",36420,"Oklahoma City, OK",1369759,595050,565695,2726,38,368,491,9.5,223,34,8,51,57,73,104,76,43,"Oklahoma City","OK"
"3659",36420,"Oklahoma City, OK",1369759,595050,565695,2320,0,223,563,6.666666667,239,2,38,26,103,70,74,84,81,"Oklahoma City","OK"
"3660",36420,"Oklahoma City, OK",1369759,595050,565695,1850,0,112,484,7.333333333,113,12,5,41,55,0,29,53,31,"Oklahoma City","OK"
"3661",36420,"Oklahoma City, OK",1369759,595050,565695,2365,15,135,602,6.666666667,23,5,0,17,1,0,6,9,8,"Oklahoma City","OK"
"3662",36420,"Oklahoma City, OK",1369759,595050,565695,722,0,18,245,7.166666667,280,136,0,12,72,60,113,130,37,"Oklahoma City","OK"
"3663",36420,"Oklahoma City, OK",1369759,595050,565695,2708,10,376,602,10.33333333,588,124,85,26,151,202,261,210,117,"Oklahoma City","OK"
"3664",36420,"Oklahoma City, OK",1369759,595050,565695,1034,0,98,286,7,29,0,4,15,10,0,12,12,5,"Oklahoma City","OK"
"3665",36420,"Oklahoma City, OK",1369759,595050,565695,2099,13,161,472,5.666666667,66,5,5,6,50,0,26,35,5,"Oklahoma City","OK"
"3666",36420,"Oklahoma City, OK",1369759,595050,565695,1193,0,41,413,5.333333333,134,13,4,46,71,0,57,42,35,"Oklahoma City","OK"
"3667",36420,"Oklahoma City, OK",1369759,595050,565695,677,62,75,78,9.833333333,2479,223,426,1583,221,26,245,888,1346,"Oklahoma City","OK"
"3668",36420,"Oklahoma City, OK",1369759,595050,565695,909,4,110,217,9.333333333,5203,199,1109,1865,1688,342,779,1648,2776,"Oklahoma City","OK"
"3669",36420,"Oklahoma City, OK",1369759,595050,565695,407,20,38,135,6.833333333,166,0,25,50,12,79,62,63,41,"Oklahoma City","OK"
"3670",36420,"Oklahoma City, OK",1369759,595050,565695,2761,51,546,507,10.66666667,1051,356,29,156,214,296,491,331,229,"Oklahoma City","OK"
"3671",36420,"Oklahoma City, OK",1369759,595050,565695,1257,0,80,421,6.833333333,118,1,5,15,63,34,41,31,46,"Oklahoma City","OK"
"3672",36420,"Oklahoma City, OK",1369759,595050,565695,3023,0,194,794,5,109,1,5,32,66,5,29,48,32,"Oklahoma City","OK"
"3673",36420,"Oklahoma City, OK",1369759,595050,565695,3565,61,561,834,8,459,72,42,71,146,128,195,127,137,"Oklahoma City","OK"
"3674",36420,"Oklahoma City, OK",1369759,595050,565695,1515,48,331,198,11,210,11,84,1,88,26,69,65,76,"Oklahoma City","OK"
"3675",36420,"Oklahoma City, OK",1369759,595050,565695,1479,0,144,397,8.833333333,1473,535,79,233,329,297,409,696,368,"Oklahoma City","OK"
"3676",36420,"Oklahoma City, OK",1369759,595050,565695,1116,0,64,352,8.166666667,1241,770,14,185,272,0,144,498,599,"Oklahoma City","OK"
"3677",36420,"Oklahoma City, OK",1369759,595050,565695,1446,118,198,376,8,3924,65,224,1436,2165,34,658,1592,1674,"Oklahoma City","OK"
"3678",36420,"Oklahoma City, OK",1369759,595050,565695,2171,14,107,659,6.166666667,305,63,0,105,28,109,130,121,54,"Oklahoma City","OK"
"3679",36420,"Oklahoma City, OK",1369759,595050,565695,901,4,131,239,6.833333333,5162,73,157,3274,1244,414,630,1775,2757,"Oklahoma City","OK"
"3680",36420,"Oklahoma City, OK",1369759,595050,565695,1726,9,163,576,8.166666667,7441,687,247,3868,1560,1079,1465,2329,3647,"Oklahoma City","OK"
"3681",36420,"Oklahoma City, OK",1369759,595050,565695,1632,0,50,613,6,1806,26,57,1163,481,79,717,240,849,"Oklahoma City","OK"
"3682",36420,"Oklahoma City, OK",1369759,595050,565695,1367,9,167,382,7.833333333,135,0,5,20,49,61,35,83,17,"Oklahoma City","OK"
"3683",36420,"Oklahoma City, OK",1369759,595050,565695,550,75,66,97,16.16666667,115,12,15,33,16,39,38,41,36,"Oklahoma City","OK"
"3684",36420,"Oklahoma City, OK",1369759,595050,565695,719,39,134,126,10.66666667,3,0,0,0,3,0,3,0,0,"Oklahoma City","OK"
"3685",36420,"Oklahoma City, OK",1369759,595050,565695,840,0,95,282,13.83333333,115,26,25,6,30,28,27,57,31,"Oklahoma City","OK"
"3686",36420,"Oklahoma City, OK",1369759,595050,565695,4,0,0,4,6.166666667,5039,153,280,1252,3281,73,859,1732,2448,"Oklahoma City","OK"
"3687",36420,"Oklahoma City, OK",1369759,595050,565695,1895,85,125,547,5.333333333,46,18,1,11,16,0,24,11,11,"Oklahoma City","OK"
"3688",36420,"Oklahoma City, OK",1369759,595050,565695,582,0,25,163,2.666666667,20,0,0,20,0,0,3,3,14,"Oklahoma City","OK"
"3689",36420,"Oklahoma City, OK",1369759,595050,565695,1043,18,183,282,8.166666667,317,34,59,25,133,66,111,133,73,"Oklahoma City","OK"
"3690",36420,"Oklahoma City, OK",1369759,595050,565695,1205,7,125,352,4.833333333,196,24,8,81,83,0,25,72,99,"Oklahoma City","OK"
"3691",36420,"Oklahoma City, OK",1369759,595050,565695,1331,12,193,247,11.5,871,35,137,69,560,70,430,275,166,"Oklahoma City","OK"
"3692",36420,"Oklahoma City, OK",1369759,595050,565695,4982,83,449,1358,6.833333333,845,31,63,241,416,94,248,339,258,"Oklahoma City","OK"
"3693",36420,"Oklahoma City, OK",1369759,595050,565695,1281,0,251,314,9.333333333,515,35,46,20,360,54,126,172,217,"Oklahoma City","OK"
"3694",36420,"Oklahoma City, OK",1369759,595050,565695,3220,18,169,848,4.333333333,167,43,0,83,38,3,41,64,62,"Oklahoma City","OK"
"3695",36420,"Oklahoma City, OK",1369759,595050,565695,2084,4,155,584,6.333333333,517,31,93,262,93,38,112,226,179,"Oklahoma City","OK"
"3696",36420,"Oklahoma City, OK",1369759,595050,565695,3613,93,233,869,7.5,883,205,30,156,443,49,257,310,316,"Oklahoma City","OK"
"3697",36420,"Oklahoma City, OK",1369759,595050,565695,1002,18,78,285,11,538,86,8,50,337,57,178,162,198,"Oklahoma City","OK"
"3698",36420,"Oklahoma City, OK",1369759,595050,565695,996,28,148,181,8.166666667,868,270,28,242,112,216,256,438,174,"Oklahoma City","OK"
"3699",36420,"Oklahoma City, OK",1369759,595050,565695,1344,0,61,334,8,382,110,37,29,172,34,102,160,120,"Oklahoma City","OK"
"3700",36420,"Oklahoma City, OK",1369759,595050,565695,1918,0,83,676,4.166666667,387,15,2,45,13,312,105,219,63,"Oklahoma City","OK"
"3701",36420,"Oklahoma City, OK",1369759,595050,565695,2681,2,138,796,6.166666667,1325,215,165,765,51,129,196,439,690,"Oklahoma City","OK"
"3702",36420,"Oklahoma City, OK",1369759,595050,565695,1216,0,10,393,6.333333333,132,21,16,53,42,0,44,58,30,"Oklahoma City","OK"
"3703",36420,"Oklahoma City, OK",1369759,595050,565695,513,15,140,106,7.833333333,42,20,0,18,4,0,18,10,14,"Oklahoma City","OK"
"3704",36420,"Oklahoma City, OK",1369759,595050,565695,764,43,227,107,11.66666667,82,32,2,1,19,28,26,35,21,"Oklahoma City","OK"
"3705",36420,"Oklahoma City, OK",1369759,595050,565695,1177,0,112,258,13.33333333,47,0,12,8,26,1,17,18,12,"Oklahoma City","OK"
"3706",36420,"Oklahoma City, OK",1369759,595050,565695,2263,10,196,596,4.666666667,36,10,10,7,9,0,13,17,6,"Oklahoma City","OK"
"3707",36420,"Oklahoma City, OK",1369759,595050,565695,458,0,93,146,9.166666667,147,13,0,88,26,20,29,67,51,"Oklahoma City","OK"
"3708",36420,"Oklahoma City, OK",1369759,595050,565695,1173,14,167,338,8.5,215,53,3,4,64,91,108,86,21,"Oklahoma City","OK"
"3709",36420,"Oklahoma City, OK",1369759,595050,565695,900,13,213,124,9.833333333,338,21,76,9,151,81,125,138,75,"Oklahoma City","OK"
"3710",36420,"Oklahoma City, OK",1369759,595050,565695,3318,7,166,977,4.666666667,1249,23,72,1048,103,3,132,347,770,"Oklahoma City","OK"
"3711",36420,"Oklahoma City, OK",1369759,595050,565695,452,0,5,36,12.5,5928,31,40,47,5788,22,624,1857,3447,"Oklahoma City","OK"
"3712",36420,"Oklahoma City, OK",1369759,595050,565695,1279,0,97,395,4.666666667,146,0,90,12,44,0,36,73,37,"Oklahoma City","OK"
"3713",36420,"Oklahoma City, OK",1369759,595050,565695,2207,15,138,553,5.333333333,292,14,17,10,218,33,98,93,101,"Oklahoma City","OK"
"3714",36420,"Oklahoma City, OK",1369759,595050,565695,1373,101,401,250,14.5,272,14,1,20,65,172,172,69,31,"Oklahoma City","OK"
"3715",36420,"Oklahoma City, OK",1369759,595050,565695,483,34,155,66,16.16666667,226,31,0,0,172,23,57,104,65,"Oklahoma City","OK"
"3716",36420,"Oklahoma City, OK",1369759,595050,565695,600,10,65,172,15.83333333,286,0,0,116,71,99,109,83,94,"Oklahoma City","OK"
"3717",36420,"Oklahoma City, OK",1369759,595050,565695,1055,5,202,204,9.166666667,728,99,28,0,295,306,276,330,122,"Oklahoma City","OK"
"3718",36420,"Oklahoma City, OK",1369759,595050,565695,1514,163,413,202,14.66666667,2225,905,126,16,337,841,1234,749,242,"Oklahoma City","OK"
"3719",36420,"Oklahoma City, OK",1369759,595050,565695,462,13,68,140,11.66666667,34,0,1,6,14,13,11,15,8,"Oklahoma City","OK"
"3720",36420,"Oklahoma City, OK",1369759,595050,565695,952,2,46,364,3.666666667,73,10,0,51,12,0,14,48,11,"Oklahoma City","OK"
"3721",36420,"Oklahoma City, OK",1369759,595050,565695,437,14,72,99,13,44,0,0,4,1,39,30,13,1,"Oklahoma City","OK"
"3722",36420,"Oklahoma City, OK",1369759,595050,565695,1502,19,66,517,3.666666667,57,7,0,38,6,6,22,20,15,"Oklahoma City","OK"
"3723",36420,"Oklahoma City, OK",1369759,595050,565695,559,0,134,96,13.83333333,114,18,0,1,62,33,49,55,10,"Oklahoma City","OK"
"3724",36420,"Oklahoma City, OK",1369759,595050,565695,1387,0,72,300,9.666666667,543,25,32,186,122,178,227,190,126,"Oklahoma City","OK"
"3725",36420,"Oklahoma City, OK",1369759,595050,565695,1562,21,408,300,8.833333333,99,27,6,7,20,39,52,30,17,"Oklahoma City","OK"
"3726",36420,"Oklahoma City, OK",1369759,595050,565695,1869,0,241,543,13.16666667,539,66,22,64,337,50,231,181,127,"Oklahoma City","OK"
"3727",36420,"Oklahoma City, OK",1369759,595050,565695,1706,20,543,343,14.16666667,296,81,39,4,28,144,118,134,44,"Oklahoma City","OK"
"3728",36420,"Oklahoma City, OK",1369759,595050,565695,1023,42,76,180,8.166666667,95,0,59,19,0,17,20,41,34,"Oklahoma City","OK"
"3729",36420,"Oklahoma City, OK",1369759,595050,565695,1262,12,171,209,12.83333333,386,28,55,56,224,23,82,172,132,"Oklahoma City","OK"
"3730",36420,"Oklahoma City, OK",1369759,595050,565695,1485,31,212,77,9.666666667,666,35,31,10,559,31,149,241,276,"Oklahoma City","OK"
"3731",36420,"Oklahoma City, OK",1369759,595050,565695,2144,0,70,560,4.166666667,230,3,7,182,38,0,34,77,119,"Oklahoma City","OK"
"3732",36420,"Oklahoma City, OK",1369759,595050,565695,3217,14,140,831,3.666666667,199,4,24,154,15,2,57,95,47,"Oklahoma City","OK"
"3733",36420,"Oklahoma City, OK",1369759,595050,565695,630,0,15,4,15.66666667,114,0,97,0,0,17,18,19,77,"Oklahoma City","OK"
"3734",36420,"Oklahoma City, OK",1369759,595050,565695,1151,0,137,35,9.5,55,0,41,2,12,0,11,19,25,"Oklahoma City","OK"
"3735",36420,"Oklahoma City, OK",1369759,595050,565695,1346,7,73,363,11.5,323,17,42,41,177,46,85,116,122,"Oklahoma City","OK"
"3736",36420,"Oklahoma City, OK",1369759,595050,565695,1098,15,171,283,14.16666667,553,96,72,54,205,126,235,195,123,"Oklahoma City","OK"
"3737",36420,"Oklahoma City, OK",1369759,595050,565695,1411,17,168,331,7.166666667,32,2,6,12,12,0,14,11,7,"Oklahoma City","OK"
"3738",36420,"Oklahoma City, OK",1369759,595050,565695,2827,31,62,764,5.666666667,172,0,8,112,30,22,22,37,113,"Oklahoma City","OK"
"3739",36420,"Oklahoma City, OK",1369759,595050,565695,967,29,99,242,7.833333333,13,5,1,0,7,0,7,1,5,"Oklahoma City","OK"
"3740",36420,"Oklahoma City, OK",1369759,595050,565695,1094,6,242,246,14,185,67,12,16,28,62,101,68,16,"Oklahoma City","OK"
"3741",36420,"Oklahoma City, OK",1369759,595050,565695,574,67,122,89,14,22,0,0,20,2,0,3,4,15,"Oklahoma City","OK"
"3742",36420,"Oklahoma City, OK",1369759,595050,565695,896,24,187,240,7.833333333,63,0,43,7,13,0,41,10,12,"Oklahoma City","OK"
"3743",36420,"Oklahoma City, OK",1369759,595050,565695,1925,0,288,509,7,525,2,18,342,113,50,88,140,297,"Oklahoma City","OK"
"3744",36420,"Oklahoma City, OK",1369759,595050,565695,2085,18,236,554,7.166666667,294,29,6,50,161,48,126,94,74,"Oklahoma City","OK"
"3745",36420,"Oklahoma City, OK",1369759,595050,565695,1892,47,201,338,3.666666667,174,0,3,143,10,18,30,76,68,"Oklahoma City","OK"
"3746",36420,"Oklahoma City, OK",1369759,595050,565695,2206,18,34,502,3.5,139,0,1,69,69,0,22,47,70,"Oklahoma City","OK"
"3747",36420,"Oklahoma City, OK",1369759,595050,565695,1461,15,129,354,5,113,2,6,23,23,59,56,34,23,"Oklahoma City","OK"
"3748",36420,"Oklahoma City, OK",1369759,595050,565695,2603,0,220,770,4,306,9,13,34,250,0,33,122,151,"Oklahoma City","OK"
"3749",36420,"Oklahoma City, OK",1369759,595050,565695,859,27,70,306,3.833333333,47,10,0,31,1,5,11,22,14,"Oklahoma City","OK"
"3750",36420,"Oklahoma City, OK",1369759,595050,565695,2476,0,135,731,8.333333333,235,44,17,27,78,69,110,93,32,"Oklahoma City","OK"
"3751",36420,"Oklahoma City, OK",1369759,595050,565695,5078,0,286,1391,6.333333333,576,22,41,260,154,99,180,183,213,"Oklahoma City","OK"
"3752",36420,"Oklahoma City, OK",1369759,595050,565695,3563,34,193,973,4.5,50,1,6,20,23,0,14,14,22,"Oklahoma City","OK"
"3753",36420,"Oklahoma City, OK",1369759,595050,565695,1325,2,93,325,2.166666667,43,6,0,36,1,0,3,22,18,"Oklahoma City","OK"
"3754",36420,"Oklahoma City, OK",1369759,595050,565695,7794,46,529,1973,8.666666667,701,195,69,83,244,110,218,316,167,"Oklahoma City","OK"
"3755",36420,"Oklahoma City, OK",1369759,595050,565695,1369,24,345,302,9.333333333,541,70,9,18,91,353,357,115,69,"Oklahoma City","OK"
"3756",36420,"Oklahoma City, OK",1369759,595050,565695,1468,16,59,423,3.333333333,24,5,1,17,1,0,7,7,10,"Oklahoma City","OK"
"3757",36420,"Oklahoma City, OK",1369759,595050,565695,1391,0,24,423,4.666666667,475,4,2,368,51,50,88,198,189,"Oklahoma City","OK"
"3758",36420,"Oklahoma City, OK",1369759,595050,565695,1227,0,73,441,3.166666667,58,0,4,43,9,2,14,15,29,"Oklahoma City","OK"
"3759",36420,"Oklahoma City, OK",1369759,595050,565695,915,0,89,252,2.5,5,2,0,3,0,0,2,3,0,"Oklahoma City","OK"
"3760",36420,"Oklahoma City, OK",1369759,595050,565695,1495,0,127,488,3.333333333,19,9,0,7,3,0,6,9,4,"Oklahoma City","OK"
"3761",36420,"Oklahoma City, OK",1369759,595050,565695,1444,120,307,209,7.166666667,100,1,0,3,96,0,40,50,10,"Oklahoma City","OK"
"3762",36420,"Oklahoma City, OK",1369759,595050,565695,1293,0,529,232,6.666666667,0,0,0,0,0,0,0,0,0,"Oklahoma City","OK"
"3763",36420,"Oklahoma City, OK",1369759,595050,565695,807,26,211,148,12,127,32,36,12,35,12,34,52,41,"Oklahoma City","OK"
"3764",36420,"Oklahoma City, OK",1369759,595050,565695,695,0,160,209,6.666666667,33,0,8,5,20,0,9,7,17,"Oklahoma City","OK"
"3765",36420,"Oklahoma City, OK",1369759,595050,565695,2289,223,636,331,14.66666667,1288,685,25,9,62,507,691,465,132,"Oklahoma City","OK"
"3766",36420,"Oklahoma City, OK",1369759,595050,565695,1050,0,68,350,6.166666667,108,9,0,46,53,0,25,38,45,"Oklahoma City","OK"
"3767",36420,"Oklahoma City, OK",1369759,595050,565695,1499,37,211,398,7.833333333,601,36,54,41,423,47,132,245,224,"Oklahoma City","OK"
"3768",36420,"Oklahoma City, OK",1369759,595050,565695,4296,58,329,1019,7.666666667,187,59,10,15,49,54,92,52,43,"Oklahoma City","OK"
"3769",36420,"Oklahoma City, OK",1369759,595050,565695,800,0,55,234,8.5,2060,929,20,15,371,725,693,1058,309,"Oklahoma City","OK"
"3770",36420,"Oklahoma City, OK",1369759,595050,565695,1842,0,148,526,7.166666667,268,7,56,13,110,82,109,97,62,"Oklahoma City","OK"
"3771",36420,"Oklahoma City, OK",1369759,595050,565695,3971,88,385,1033,8.666666667,229,0,12,56,122,39,68,87,74,"Oklahoma City","OK"
"3772",36420,"Oklahoma City, OK",1369759,595050,565695,653,13,67,184,10.16666667,200,34,18,1,53,94,90,81,29,"Oklahoma City","OK"
"3773",36420,"Oklahoma City, OK",1369759,595050,565695,4211,30,376,1030,7.5,2959,11,10,1809,1103,26,145,453,2361,"Oklahoma City","OK"
"3774",36420,"Oklahoma City, OK",1369759,595050,565695,2064,10,134,584,7,422,1,48,20,320,33,63,160,199,"Oklahoma City","OK"
"3775",36420,"Oklahoma City, OK",1369759,595050,565695,615,0,42,235,7.666666667,96,0,2,69,25,0,16,37,43,"Oklahoma City","OK"
"3776",36420,"Oklahoma City, OK",1369759,595050,565695,3858,240,325,1138,7.666666667,596,8,49,135,360,44,192,249,155,"Oklahoma City","OK"
"3777",36420,"Oklahoma City, OK",1369759,595050,565695,1522,0,36,425,7.833333333,234,25,11,58,63,77,120,71,43,"Oklahoma City","OK"
"3778",36420,"Oklahoma City, OK",1369759,595050,565695,837,18,199,99,11.16666667,305,0,11,7,286,1,207,80,18,"Oklahoma City","OK"
"3779",36420,"Oklahoma City, OK",1369759,595050,565695,1497,80,283,320,15.33333333,248,18,42,84,69,35,54,78,116,"Oklahoma City","OK"
"3780",36420,"Oklahoma City, OK",1369759,595050,565695,1966,56,155,553,7.166666667,94,12,5,6,37,34,48,43,3,"Oklahoma City","OK"
"3781",36420,"Oklahoma City, OK",1369759,595050,565695,964,15,53,308,6.5,310,2,10,7,87,204,187,95,28,"Oklahoma City","OK"
"3782",36420,"Oklahoma City, OK",1369759,595050,565695,995,0,36,327,6.833333333,141,1,28,4,101,7,59,53,29,"Oklahoma City","OK"
"3783",36420,"Oklahoma City, OK",1369759,595050,565695,1899,48,219,477,6.333333333,73,11,12,18,22,10,30,38,5,"Oklahoma City","OK"
"3784",36420,"Oklahoma City, OK",1369759,595050,565695,219,98,60,17,18.66666667,7510,147,2019,739,3399,1206,1943,2182,3385,"Oklahoma City","OK"
"3785",36420,"Oklahoma City, OK",1369759,595050,565695,1114,54,397,297,18.83333333,5159,383,572,502,1280,2422,1790,1831,1538,"Oklahoma City","OK"
"3786",36420,"Oklahoma City, OK",1369759,595050,565695,8107,49,547,2117,7.833333333,613,16,35,86,211,265,238,248,127,"Oklahoma City","OK"
"3787",36420,"Oklahoma City, OK",1369759,595050,565695,1430,0,59,440,6.5,76,0,0,20,51,5,14,54,8,"Oklahoma City","OK"
"3788",36420,"Oklahoma City, OK",1369759,595050,565695,1090,0,124,299,7.833333333,92,3,3,10,56,20,36,29,27,"Oklahoma City","OK"
"3789",36420,"Oklahoma City, OK",1369759,595050,565695,336,36,65,61,13.83333333,50,2,0,2,46,0,10,25,15,"Oklahoma City","OK"
"3790",36420,"Oklahoma City, OK",1369759,595050,565695,2720,62,237,574,7,282,33,23,66,125,35,100,115,67,"Oklahoma City","OK"
"3791",36420,"Oklahoma City, OK",1369759,595050,565695,1261,8,305,188,5.333333333,77,0,15,52,10,0,40,30,7,"Oklahoma City","OK"
"3792",36420,"Oklahoma City, OK",1369759,595050,565695,902,12,150,199,7.666666667,123,0,0,122,1,0,22,44,57,"Oklahoma City","OK"
"3793",36420,"Oklahoma City, OK",1369759,595050,565695,2669,11,326,594,9,649,81,36,44,99,389,388,192,69,"Oklahoma City","OK"
"3794",36420,"Oklahoma City, OK",1369759,595050,565695,1085,0,93,202,7.333333333,19,0,0,9,10,0,3,7,9,"Oklahoma City","OK"
"3795",36420,"Oklahoma City, OK",1369759,595050,565695,934,10,175,240,13.83333333,65,9,3,1,30,22,35,25,5,"Oklahoma City","OK"
"3796",36420,"Oklahoma City, OK",1369759,595050,565695,676,20,97,180,8.666666667,343,46,18,1,69,209,202,100,41,"Oklahoma City","OK"
"3797",36420,"Oklahoma City, OK",1369759,595050,565695,2941,25,315,723,4.5,205,11,2,119,59,14,36,88,81,"Oklahoma City","OK"
"3798",36420,"Oklahoma City, OK",1369759,595050,565695,598,15,87,103,5.833333333,120,19,0,3,98,0,54,48,18,"Oklahoma City","OK"
"3799",36420,"Oklahoma City, OK",1369759,595050,565695,378,60,91,109,15.33333333,110,26,12,2,25,45,43,55,12,"Oklahoma City","OK"
"3800",36420,"Oklahoma City, OK",1369759,595050,565695,1195,0,161,261,14,191,79,7,7,76,22,55,82,54,"Oklahoma City","OK"
"3801",36420,"Oklahoma City, OK",1369759,595050,565695,749,46,77,169,6,37,3,24,9,1,0,7,20,10,"Oklahoma City","OK"
"3802",36420,"Oklahoma City, OK",1369759,595050,565695,788,78,90,133,11.33333333,13,2,0,4,3,4,4,8,1,"Oklahoma City","OK"
"3803",36420,"Oklahoma City, OK",1369759,595050,565695,1255,120,214,217,12,36,16,3,11,6,0,14,18,4,"Oklahoma City","OK"
"3804",36420,"Oklahoma City, OK",1369759,595050,565695,1108,74,128,124,12,5549,319,768,3120,989,353,657,1977,2915,"Oklahoma City","OK"
"3805",36420,"Oklahoma City, OK",1369759,595050,565695,919,18,88,127,14.16666667,249,28,4,2,104,111,119,102,28,"Oklahoma City","OK"
"3806",36420,"Oklahoma City, OK",1369759,595050,565695,1599,113,215,215,13.16666667,1043,46,310,474,209,4,156,375,512,"Oklahoma City","OK"
"3807",36420,"Oklahoma City, OK",1369759,595050,565695,740,27,222,129,10.5,61,38,19,4,0,0,18,32,11,"Oklahoma City","OK"
"3808",36420,"Oklahoma City, OK",1369759,595050,565695,409,0,99,93,9.5,8,0,0,8,0,0,2,4,2,"Oklahoma City","OK"
"3809",36420,"Oklahoma City, OK",1369759,595050,565695,567,11,39,163,14.66666667,512,42,164,15,198,93,142,220,150,"Oklahoma City","OK"
"3810",36420,"Oklahoma City, OK",1369759,595050,565695,2551,223,121,475,10.66666667,425,19,22,2,330,52,116,203,106,"Oklahoma City","OK"
"3811",36420,"Oklahoma City, OK",1369759,595050,565695,954,0,159,159,9.333333333,26,0,0,26,0,0,11,12,3,"Oklahoma City","OK"
"3812",36420,"Oklahoma City, OK",1369759,595050,565695,2037,78,434,302,13,376,175,10,48,70,73,89,169,118,"Oklahoma City","OK"
"3813",36420,"Oklahoma City, OK",1369759,595050,565695,1119,0,159,274,10.5,71,2,3,5,61,0,27,32,12,"Oklahoma City","OK"
"3814",36420,"Oklahoma City, OK",1369759,595050,565695,3592,0,324,1094,7.833333333,1939,507,125,198,346,763,416,1036,487,"Oklahoma City","OK"
"3815",36420,"Oklahoma City, OK",1369759,595050,565695,872,0,67,256,9.166666667,108,19,46,3,27,13,40,50,18,"Oklahoma City","OK"
"3816",36420,"Oklahoma City, OK",1369759,595050,565695,2772,17,800,664,9.333333333,1116,12,158,114,432,400,329,419,368,"Oklahoma City","OK"
"3817",36420,"Oklahoma City, OK",1369759,595050,565695,568,0,65,219,7.333333333,2041,38,556,321,1125,1,220,662,1159,"Oklahoma City","OK"
"3818",36420,"Oklahoma City, OK",1369759,595050,565695,1523,75,325,168,12,788,0,596,102,90,0,64,268,456,"Oklahoma City","OK"
"3819",36420,"Oklahoma City, OK",1369759,595050,565695,2156,21,632,426,7.5,748,197,207,219,119,6,94,224,430,"Oklahoma City","OK"
"3820",36420,"Oklahoma City, OK",1369759,595050,565695,2164,12,349,500,12.5,1760,301,109,132,617,601,797,660,303,"Oklahoma City","OK"
"3821",36420,"Oklahoma City, OK",1369759,595050,565695,1385,10,265,288,11.16666667,429,32,12,18,262,105,171,133,125,"Oklahoma City","OK"
"3822",36420,"Oklahoma City, OK",1369759,595050,565695,351,5,104,112,12.66666667,137,33,12,7,53,32,43,69,25,"Oklahoma City","OK"
"3823",36420,"Oklahoma City, OK",1369759,595050,565695,797,116,207,180,13,1912,27,1233,181,462,9,321,894,697,"Oklahoma City","OK"
"3824",36420,"Oklahoma City, OK",1369759,595050,565695,666,46,100,118,9.666666667,604,313,17,86,134,54,178,304,122,"Oklahoma City","OK"
"3825",36420,"Oklahoma City, OK",1369759,595050,565695,1819,32,431,301,8.333333333,236,6,31,31,163,5,60,115,61,"Oklahoma City","OK"
"3826",36420,"Oklahoma City, OK",1369759,595050,565695,4107,37,261,1019,5.833333333,1878,43,36,1339,446,14,188,474,1216,"Oklahoma City","OK"
"3827",36420,"Oklahoma City, OK",1369759,595050,565695,603,0,36,161,6,117,59,0,11,47,0,16,27,74,"Oklahoma City","OK"
"3828",36420,"Oklahoma City, OK",1369759,595050,565695,2000,15,73,597,5.166666667,54,8,3,22,21,0,13,23,18,"Oklahoma City","OK"
"3829",36420,"Oklahoma City, OK",1369759,595050,565695,1890,0,107,488,5.166666667,51,9,3,19,20,0,13,19,19,"Oklahoma City","OK"
"3830",36420,"Oklahoma City, OK",1369759,595050,565695,829,0,12,346,3.5,21,12,0,7,2,0,11,9,1,"Oklahoma City","OK"
"3831",36420,"Oklahoma City, OK",1369759,595050,565695,1063,4,74,55,5.666666667,677,42,4,63,534,34,146,349,182,"Oklahoma City","OK"
"3832",36420,"Oklahoma City, OK",1369759,595050,565695,1697,26,153,510,2.333333333,55,0,3,48,4,0,4,25,26,"Oklahoma City","OK"
"3833",36420,"Oklahoma City, OK",1369759,595050,565695,1062,15,171,138,13,1311,171,385,103,382,270,412,595,304,"Oklahoma City","OK"
"3834",36420,"Oklahoma City, OK",1369759,595050,565695,1461,28,141,407,3.166666667,80,3,0,54,23,0,18,22,40,"Oklahoma City","OK"
"3835",36420,"Oklahoma City, OK",1369759,595050,565695,2201,0,120,691,6.333333333,397,5,0,154,142,96,104,135,158,"Oklahoma City","OK"
"3836",36420,"Oklahoma City, OK",1369759,595050,565695,999,50,169,174,7.333333333,1217,11,101,633,446,26,147,534,536,"Oklahoma City","OK"
"3837",36420,"Oklahoma City, OK",1369759,595050,565695,500,0,67,120,5.833333333,703,7,15,5,669,7,179,321,203,"Oklahoma City","OK"
"3838",36420,"Oklahoma City, OK",1369759,595050,565695,1457,19,213,332,13.16666667,678,101,80,194,86,217,289,269,120,"Oklahoma City","OK"
"3839",36420,"Oklahoma City, OK",1369759,595050,565695,1589,121,411,144,12.16666667,67,6,12,13,1,35,25,34,8,"Oklahoma City","OK"
"3840",36420,"Oklahoma City, OK",1369759,595050,565695,925,7,76,273,6.333333333,133,2,0,5,90,36,86,41,6,"Oklahoma City","OK"
"3841",36420,"Oklahoma City, OK",1369759,595050,565695,1856,24,178,552,4.666666667,22,1,5,7,9,0,8,6,8,"Oklahoma City","OK"
"3842",36420,"Oklahoma City, OK",1369759,595050,565695,640,4,92,105,7.833333333,175,48,9,83,21,14,41,92,42,"Oklahoma City","OK"
"3843",36420,"Oklahoma City, OK",1369759,595050,565695,641,22,61,176,7,172,21,22,25,104,0,103,49,20,"Oklahoma City","OK"
"3844",36420,"Oklahoma City, OK",1369759,595050,565695,808,6,48,217,11.83333333,28,1,0,4,23,0,4,17,7,"Oklahoma City","OK"
"3845",36420,"Oklahoma City, OK",1369759,595050,565695,856,128,191,77,16,236,35,75,16,48,62,92,83,61,"Oklahoma City","OK"
"3846",36420,"Oklahoma City, OK",1369759,595050,565695,1097,17,203,238,11.33333333,94,5,0,32,6,51,47,37,10,"Oklahoma City","OK"
"3847",36420,"Oklahoma City, OK",1369759,595050,565695,1950,0,82,482,9.666666667,6,0,0,6,0,0,2,0,4,"Oklahoma City","OK"
"3848",36420,"Oklahoma City, OK",1369759,595050,565695,2524,41,723,452,7.833333333,1674,2,24,63,1577,8,848,401,425,"Oklahoma City","OK"
"3849",36420,"Oklahoma City, OK",1369759,595050,565695,1850,17,146,367,10.5,104,13,11,11,0,69,58,43,3,"Oklahoma City","OK"
"3850",36420,"Oklahoma City, OK",1369759,595050,565695,1083,0,82,164,11.66666667,60,0,2,14,44,0,22,24,14,"Oklahoma City","OK"
"3851",36420,"Oklahoma City, OK",1369759,595050,565695,1022,75,160,146,11.83333333,50,18,0,0,17,15,26,24,0,"Oklahoma City","OK"
"3852",36420,"Oklahoma City, OK",1369759,595050,565695,1481,0,57,324,17.33333333,91,30,9,5,19,28,40,37,14,"Oklahoma City","OK"
"3853",36420,"Oklahoma City, OK",1369759,595050,565695,899,0,51,265,9.666666667,649,118,43,14,75,399,316,249,84,"Oklahoma City","OK"
"3854",36420,"Oklahoma City, OK",1369759,595050,565695,870,6,115,191,12.5,99,0,0,0,88,11,35,47,17,"Oklahoma City","OK"
"3855",36420,"Oklahoma City, OK",1369759,595050,565695,704,20,116,153,9.666666667,8,0,0,7,1,0,2,6,0,"Oklahoma City","OK"
"3856",36420,"Oklahoma City, OK",1369759,595050,565695,1353,10,84,244,12,67,0,1,8,54,4,32,30,5,"Oklahoma City","OK"
"3857",36420,"Oklahoma City, OK",1369759,595050,565695,1431,0,105,273,11,335,0,4,5,320,6,83,181,71,"Oklahoma City","OK"
"3858",36420,"Oklahoma City, OK",1369759,595050,565695,1739,20,148,336,12.83333333,51,11,19,13,5,3,12,31,8,"Oklahoma City","OK"
"3859",36420,"Oklahoma City, OK",1369759,595050,565695,1131,8,111,173,13.16666667,404,83,1,2,316,2,272,102,30,"Oklahoma City","OK"
"3860",36420,"Oklahoma City, OK",1369759,595050,565695,1151,132,225,169,15.16666667,238,33,2,0,147,56,39,123,76,"Oklahoma City","OK"
"3861",36420,"Oklahoma City, OK",1369759,595050,565695,834,5,120,232,14.83333333,204,9,32,18,74,71,88,106,10,"Oklahoma City","OK"
"3862",36420,"Oklahoma City, OK",1369759,595050,565695,1058,0,226,117,12.33333333,10,0,2,0,8,0,0,7,3,"Oklahoma City","OK"
"3863",36420,"Oklahoma City, OK",1369759,595050,565695,1175,7,101,246,16.5,115,22,23,5,29,36,54,45,16,"Oklahoma City","OK"
"3864",36420,"Oklahoma City, OK",1369759,595050,565695,1639,188,217,289,14.33333333,233,22,30,2,155,24,57,111,65,"Oklahoma City","OK"
"3865",36420,"Oklahoma City, OK",1369759,595050,565695,1578,60,110,268,12.83333333,40,20,8,3,9,0,11,29,0,"Oklahoma City","OK"
"3866",36420,"Oklahoma City, OK",1369759,595050,565695,2028,10,226,314,13.83333333,433,40,5,14,373,1,107,148,178,"Oklahoma City","OK"
"3867",36420,"Oklahoma City, OK",1369759,595050,565695,1839,0,128,290,13.83333333,179,110,21,15,29,4,47,85,47,"Oklahoma City","OK"
"3868",36420,"Oklahoma City, OK",1369759,595050,565695,893,5,153,210,16.16666667,1951,428,172,8,640,703,1009,767,175,"Oklahoma City","OK"
"3869",36420,"Oklahoma City, OK",1369759,595050,565695,906,33,168,201,16.16666667,364,29,83,11,170,71,103,147,114,"Oklahoma City","OK"
"3870",36420,"Oklahoma City, OK",1369759,595050,565695,1170,257,175,149,16.16666667,475,65,78,14,318,0,106,281,88,"Oklahoma City","OK"
"3871",36420,"Oklahoma City, OK",1369759,595050,565695,766,16,111,153,10.33333333,8,0,8,0,0,0,2,6,0,"Oklahoma City","OK"
"3872",36420,"Oklahoma City, OK",1369759,595050,565695,953,20,171,178,14.5,357,175,0,69,60,53,118,156,83,"Oklahoma City","OK"
"3873",36420,"Oklahoma City, OK",1369759,595050,565695,451,24,52,66,8.666666667,1,0,0,0,1,0,0,0,1,"Oklahoma City","OK"
"3874",36420,"Oklahoma City, OK",1369759,595050,565695,936,32,148,143,16,1429,150,146,474,471,188,353,580,496,"Oklahoma City","OK"
"3875",36420,"Oklahoma City, OK",1369759,595050,565695,294,16,24,70,6.666666667,990,18,95,660,217,0,147,328,515,"Oklahoma City","OK"
"3876",36420,"Oklahoma City, OK",1369759,595050,565695,1512,25,163,254,7.5,1726,66,123,1201,253,83,201,549,976,"Oklahoma City","OK"
"3877",36420,"Oklahoma City, OK",1369759,595050,565695,1221,124,153,109,6.166666667,117,10,3,4,100,0,23,56,38,"Oklahoma City","OK"
"3878",36420,"Oklahoma City, OK",1369759,595050,565695,1224,19,165,231,11,28,5,3,0,1,19,18,6,4,"Oklahoma City","OK"
"3879",36420,"Oklahoma City, OK",1369759,595050,565695,1648,28,105,346,9.333333333,47,3,2,33,9,0,10,27,10,"Oklahoma City","OK"
"3880",36420,"Oklahoma City, OK",1369759,595050,565695,1664,154,70,358,10.16666667,32,0,6,17,9,0,14,13,5,"Oklahoma City","OK"
"3881",36420,"Oklahoma City, OK",1369759,595050,565695,895,16,14,255,13.33333333,47,18,12,0,11,6,14,28,5,"Oklahoma City","OK"
"3882",36420,"Oklahoma City, OK",1369759,595050,565695,3255,102,423,577,10.16666667,3,0,0,0,3,0,2,0,1,"Oklahoma City","OK"
"3883",36420,"Oklahoma City, OK",1369759,595050,565695,820,16,179,184,10.83333333,1868,34,789,803,226,16,338,535,995,"Oklahoma City","OK"
"3884",36420,"Oklahoma City, OK",1369759,595050,565695,2109,23,283,454,6.166666667,15,0,5,1,9,0,1,7,7,"Oklahoma City","OK"
"3885",36420,"Oklahoma City, OK",1369759,595050,565695,100,0,0,31,4.833333333,831,8,31,6,662,124,153,153,525,"Oklahoma City","OK"
"3886",36420,"Oklahoma City, OK",1369759,595050,565695,3277,0,142,362,8.333333333,2144,97,52,726,975,294,324,641,1179,"Oklahoma City","OK"
"3887",36420,"Oklahoma City, OK",1369759,595050,565695,604,81,125,81,16.83333333,1892,987,69,341,326,169,378,732,782,"Oklahoma City","OK"
"3888",36420,"Oklahoma City, OK",1369759,595050,565695,1450,127,251,284,15.16666667,1322,81,149,12,949,131,587,421,314,"Oklahoma City","OK"
"3889",36420,"Oklahoma City, OK",1369759,595050,565695,453,0,71,60,15.33333333,1433,821,63,2,71,476,716,523,194,"Oklahoma City","OK"
"3890",36420,"Oklahoma City, OK",1369759,595050,565695,1013,22,194,159,12,2551,43,36,12,2373,87,472,731,1348,"Oklahoma City","OK"
"3891",36420,"Oklahoma City, OK",1369759,595050,565695,570,8,125,121,10.5,29,1,0,3,0,25,15,12,2,"Oklahoma City","OK"
"3892",36420,"Oklahoma City, OK",1369759,595050,565695,1725,60,194,506,9,378,43,23,30,185,97,153,138,87,"Oklahoma City","OK"
"3893",36420,"Oklahoma City, OK",1369759,595050,565695,657,0,119,148,12.5,793,35,107,452,186,13,97,364,332,"Oklahoma City","OK"
"3894",36420,"Oklahoma City, OK",1369759,595050,565695,1223,101,99,287,13.66666667,104,11,8,0,29,56,46,40,18,"Oklahoma City","OK"
"3895",36420,"Oklahoma City, OK",1369759,595050,565695,664,7,86,127,9.166666667,6,0,0,1,5,0,3,2,1,"Oklahoma City","OK"
"3896",36420,"Oklahoma City, OK",1369759,595050,565695,487,11,130,75,14.33333333,147,31,9,2,2,103,84,47,16,"Oklahoma City","OK"
"3897",36420,"Oklahoma City, OK",1369759,595050,565695,1195,119,151,214,6.833333333,370,70,7,209,55,29,34,126,210,"Oklahoma City","OK"
"3898",36420,"Oklahoma City, OK",1369759,595050,565695,828,19,233,145,7.333333333,55,0,13,7,0,35,24,25,6,"Oklahoma City","OK"
"3899",36420,"Oklahoma City, OK",1369759,595050,565695,1670,8,90,607,3,90,6,0,79,5,0,20,34,36,"Oklahoma City","OK"
"3900",36420,"Oklahoma City, OK",1369759,595050,565695,686,0,194,143,12.16666667,360,26,26,0,123,185,152,149,59,"Oklahoma City","OK"
"3901",36420,"Oklahoma City, OK",1369759,595050,565695,517,17,85,105,10.33333333,90,30,6,14,25,15,38,36,16,"Oklahoma City","OK"
"3902",36420,"Oklahoma City, OK",1369759,595050,565695,872,7,142,156,9.833333333,12,5,0,6,1,0,3,5,4,"Oklahoma City","OK"
"3903",36420,"Oklahoma City, OK",1369759,595050,565695,932,0,155,192,8.5,45,14,7,13,0,11,26,17,2,"Oklahoma City","OK"
"3904",36420,"Oklahoma City, OK",1369759,595050,565695,579,6,87,135,7.333333333,967,747,13,26,78,103,271,522,174,"Oklahoma City","OK"
"3905",36420,"Oklahoma City, OK",1369759,595050,565695,750,31,136,131,11.83333333,237,38,134,4,14,47,65,109,63,"Oklahoma City","OK"
"3906",36420,"Oklahoma City, OK",1369759,595050,565695,1242,22,122,371,3.666666667,161,0,0,97,45,19,25,65,71,"Oklahoma City","OK"
"3907",36420,"Oklahoma City, OK",1369759,595050,565695,1862,0,144,521,3.833333333,23,13,3,0,2,5,17,6,0,"Oklahoma City","OK"
"3908",36420,"Oklahoma City, OK",1369759,595050,565695,973,0,68,250,2.333333333,11,0,0,11,0,0,5,4,2,"Oklahoma City","OK"
"3909",36420,"Oklahoma City, OK",1369759,595050,565695,1081,18,62,289,2.833333333,39,0,0,37,2,0,2,22,15,"Oklahoma City","OK"
"3910",36420,"Oklahoma City, OK",1369759,595050,565695,986,0,84,288,4.166666667,25,0,11,4,10,0,5,12,8,"Oklahoma City","OK"
"3911",36420,"Oklahoma City, OK",1369759,595050,565695,589,6,132,95,4.833333333,9,2,0,0,7,0,6,2,1,"Oklahoma City","OK"
"3912",36420,"Oklahoma City, OK",1369759,595050,565695,822,6,103,184,8,35,15,0,2,6,12,23,7,5,"Oklahoma City","OK"
"3913",36420,"Oklahoma City, OK",1369759,595050,565695,1002,10,128,228,11.5,150,16,34,6,41,53,63,58,29,"Oklahoma City","OK"
"3914",36420,"Oklahoma City, OK",1369759,595050,565695,1533,34,177,361,7,98,13,9,5,20,51,52,31,15,"Oklahoma City","OK"
"3915",36420,"Oklahoma City, OK",1369759,595050,565695,1230,64,120,313,8.333333333,186,15,7,43,78,43,73,66,47,"Oklahoma City","OK"
"3916",36420,"Oklahoma City, OK",1369759,595050,565695,310,24,107,85,7.666666667,593,64,40,361,116,12,101,276,216,"Oklahoma City","OK"
"3917",36420,"Oklahoma City, OK",1369759,595050,565695,756,8,172,167,6,4,0,0,0,4,0,2,1,1,"Oklahoma City","OK"
"3918",36420,"Oklahoma City, OK",1369759,595050,565695,1179,0,139,313,14,196,22,25,0,34,115,92,72,32,"Oklahoma City","OK"
"3919",36420,"Oklahoma City, OK",1369759,595050,565695,868,41,209,170,10.5,639,68,218,51,126,176,242,217,180,"Oklahoma City","OK"
"3920",36420,"Oklahoma City, OK",1369759,595050,565695,689,4,92,202,7.333333333,6,0,2,1,3,0,2,4,0,"Oklahoma City","OK"
"3921",36420,"Oklahoma City, OK",1369759,595050,565695,658,4,100,187,8.5,156,95,0,5,18,38,67,75,14,"Oklahoma City","OK"
"3922",36420,"Oklahoma City, OK",1369759,595050,565695,1189,0,184,213,7,366,313,0,44,9,0,19,210,137,"Oklahoma City","OK"
"3923",36420,"Oklahoma City, OK",1369759,595050,565695,269,10,97,20,10.83333333,187,3,9,93,82,0,25,89,73,"Oklahoma City","OK"
"3924",36420,"Oklahoma City, OK",1369759,595050,565695,579,33,265,129,10.5,139,0,8,1,130,0,25,89,25,"Oklahoma City","OK"
"3925",36420,"Oklahoma City, OK",1369759,595050,565695,1353,68,309,194,4.833333333,28,0,15,0,13,0,9,14,5,"Oklahoma City","OK"
"3926",36420,"Oklahoma City, OK",1369759,595050,565695,966,27,172,174,9.833333333,3,1,0,0,0,2,0,3,0,"Oklahoma City","OK"
"3927",36420,"Oklahoma City, OK",1369759,595050,565695,895,4,197,134,5,0,0,0,0,0,0,0,0,0,"Oklahoma City","OK"
"3928",36420,"Oklahoma City, OK",1369759,595050,565695,1291,51,152,350,12.33333333,1327,66,14,1,1169,77,277,518,532,"Oklahoma City","OK"
"3929",36420,"Oklahoma City, OK",1369759,595050,565695,1298,0,118,411,7.833333333,96,42,43,3,4,4,30,50,16,"Oklahoma City","OK"
"3930",36420,"Oklahoma City, OK",1369759,595050,565695,1756,26,393,336,13,519,290,31,2,152,44,185,246,88,"Oklahoma City","OK"
"3931",36420,"Oklahoma City, OK",1369759,595050,565695,1543,26,232,281,12.16666667,145,0,0,0,93,52,62,78,5,"Oklahoma City","OK"
"3932",36420,"Oklahoma City, OK",1369759,595050,565695,899,17,180,167,12.5,538,0,253,4,281,0,99,174,265,"Oklahoma City","OK"
"3933",36420,"Oklahoma City, OK",1369759,595050,565695,1577,105,369,208,10,53,21,0,0,10,22,43,9,1,"Oklahoma City","OK"
"3934",36420,"Oklahoma City, OK",1369759,595050,565695,1731,6,34,488,6,796,1,5,468,322,0,80,301,415,"Oklahoma City","OK"
"3935",36420,"Oklahoma City, OK",1369759,595050,565695,2522,0,89,730,4.333333333,260,7,7,168,75,3,25,86,149,"Oklahoma City","OK"
"3936",36420,"Oklahoma City, OK",1369759,595050,565695,620,0,105,110,8.5,254,19,31,40,124,40,79,87,88,"Oklahoma City","OK"
"3937",36420,"Oklahoma City, OK",1369759,595050,565695,1799,0,36,632,6.333333333,104,19,4,23,58,0,26,37,41,"Oklahoma City","OK"
"3938",36420,"Oklahoma City, OK",1369759,595050,565695,1957,0,146,542,8.5,455,42,51,139,223,0,107,134,214,"Oklahoma City","OK"
"3939",36420,"Oklahoma City, OK",1369759,595050,565695,886,0,34,301,6.333333333,104,0,1,14,37,52,43,25,36,"Oklahoma City","OK"
"3940",36420,"Oklahoma City, OK",1369759,595050,565695,706,0,91,228,6.5,93,1,16,22,36,18,41,25,27,"Oklahoma City","OK"
"3941",36420,"Oklahoma City, OK",1369759,595050,565695,2234,0,58,578,6.5,89,1,11,40,36,1,21,22,46,"Oklahoma City","OK"
"3942",36420,"Oklahoma City, OK",1369759,595050,565695,2317,10,232,622,8.833333333,354,7,19,83,213,32,145,103,106,"Oklahoma City","OK"
"3943",36420,"Oklahoma City, OK",1369759,595050,565695,2245,97,305,363,9.5,625,38,215,98,217,57,163,223,239,"Oklahoma City","OK"
"3944",36420,"Oklahoma City, OK",1369759,595050,565695,1736,5,18,465,6,138,7,1,67,35,28,49,44,45,"Oklahoma City","OK"
"3945",36420,"Oklahoma City, OK",1369759,595050,565695,1503,0,109,422,8.5,65,0,1,22,42,0,17,15,33,"Oklahoma City","OK"
"3946",36420,"Oklahoma City, OK",1369759,595050,565695,1631,0,109,479,9.5,411,77,18,11,70,235,188,145,78,"Oklahoma City","OK"
"3947",36420,"Oklahoma City, OK",1369759,595050,565695,610,0,0,0,7.333333333,0,0,0,0,0,0,0,0,0,"Oklahoma City","OK"
"3948",36420,"Oklahoma City, OK",1369759,595050,565695,1467,0,229,448,11.16666667,682,51,246,98,269,18,110,234,338,"Oklahoma City","OK"
"3949",36420,"Oklahoma City, OK",1369759,595050,565695,839,0,132,189,11.66666667,1138,335,107,42,397,257,464,466,208,"Oklahoma City","OK"
"3950",36420,"Oklahoma City, OK",1369759,595050,565695,1078,17,180,249,9.166666667,126,21,34,22,22,27,38,39,49,"Oklahoma City","OK"
"3951",36420,"Oklahoma City, OK",1369759,595050,565695,1240,0,137,304,9,210,0,10,9,191,0,44,71,95,"Oklahoma City","OK"
"3952",36420,"Oklahoma City, OK",1369759,595050,565695,1130,0,89,269,8,157,0,51,22,84,0,33,48,76,"Oklahoma City","OK"
"3953",36420,"Oklahoma City, OK",1369759,595050,565695,1042,0,138,219,12.33333333,828,125,14,109,331,249,324,342,162,"Oklahoma City","OK"
"3954",36420,"Oklahoma City, OK",1369759,595050,565695,1929,18,381,487,8,98,4,19,16,59,0,29,45,24,"Oklahoma City","OK"
"3955",36420,"Oklahoma City, OK",1369759,595050,565695,1773,0,47,496,3.833333333,364,1,5,303,55,0,60,155,149,"Oklahoma City","OK"
"3956",36420,"Oklahoma City, OK",1369759,595050,565695,681,13,60,175,3.5,21,2,0,13,5,1,8,9,4,"Oklahoma City","OK"
"3957",36420,"Oklahoma City, OK",1369759,595050,565695,719,0,61,218,9.333333333,226,4,95,82,38,7,28,52,146,"Oklahoma City","OK"
"3958",36420,"Oklahoma City, OK",1369759,595050,565695,931,8,114,226,9.666666667,148,2,47,13,66,20,33,46,69,"Oklahoma City","OK"
"3959",36420,"Oklahoma City, OK",1369759,595050,565695,1136,7,311,328,11,1280,261,138,446,269,166,287,456,537,"Oklahoma City","OK"
"3960",36420,"Oklahoma City, OK",1369759,595050,565695,660,0,37,173,6.666666667,47,1,0,16,30,0,15,14,18,"Oklahoma City","OK"
"3961",36420,"Oklahoma City, OK",1369759,595050,565695,826,0,71,242,3.333333333,201,1,9,174,17,0,24,36,141,"Oklahoma City","OK"
"3962",36420,"Oklahoma City, OK",1369759,595050,565695,2942,44,228,802,5.5,280,11,18,82,153,16,72,113,95,"Oklahoma City","OK"
"3963",36420,"Oklahoma City, OK",1369759,595050,565695,1135,3,106,312,2.666666667,92,6,4,68,14,0,28,32,32,"Oklahoma City","OK"
"3964",36420,"Oklahoma City, OK",1369759,595050,565695,811,19,38,181,4.5,226,199,5,17,5,0,63,146,17,"Oklahoma City","OK"
"3965",36420,"Oklahoma City, OK",1369759,595050,565695,1465,17,42,418,3.666666667,47,0,0,27,7,13,15,22,10,"Oklahoma City","OK"
"3966",36420,"Oklahoma City, OK",1369759,595050,565695,498,0,58,180,9.333333333,133,38,10,2,8,75,70,42,21,"Oklahoma City","OK"
"3967",36420,"Oklahoma City, OK",1369759,595050,565695,739,18,78,149,10,122,15,32,3,35,37,38,71,13,"Oklahoma City","OK"
"3968",36420,"Oklahoma City, OK",1369759,595050,565695,943,0,116,176,11.16666667,153,11,22,7,59,54,60,65,28,"Oklahoma City","OK"
"3969",36420,"Oklahoma City, OK",1369759,595050,565695,1578,8,209,303,5.333333333,67,0,3,14,50,0,12,21,34,"Oklahoma City","OK"
"3970",36420,"Oklahoma City, OK",1369759,595050,565695,1535,0,170,447,6.333333333,42,0,3,17,21,1,21,16,5,"Oklahoma City","OK"
"3971",36420,"Oklahoma City, OK",1369759,595050,565695,888,31,255,111,9.333333333,349,89,20,6,30,204,164,131,54,"Oklahoma City","OK"
"3972",36420,"Oklahoma City, OK",1369759,595050,565695,927,0,183,193,15.66666667,406,73,89,35,92,117,123,151,132,"Oklahoma City","OK"
"3973",36420,"Oklahoma City, OK",1369759,595050,565695,1388,55,368,221,7.666666667,107,0,2,16,5,84,39,52,16,"Oklahoma City","OK"
"3974",36420,"Oklahoma City, OK",1369759,595050,565695,1279,8,80,397,6.333333333,158,43,9,32,16,58,63,61,34,"Oklahoma City","OK"
"3975",36420,"Oklahoma City, OK",1369759,595050,565695,937,20,266,167,16,460,115,30,45,125,145,209,164,87,"Oklahoma City","OK"
"3976",36420,"Oklahoma City, OK",1369759,595050,565695,1059,19,42,371,4.833333333,48,9,0,15,22,2,14,20,14,"Oklahoma City","OK"
"3977",36420,"Oklahoma City, OK",1369759,595050,565695,851,0,23,358,4.5,37,5,0,15,8,9,18,13,6,"Oklahoma City","OK"
"3978",36420,"Oklahoma City, OK",1369759,595050,565695,1549,45,165,409,3.333333333,55,3,14,29,9,0,11,25,19,"Oklahoma City","OK"
"3979",36420,"Oklahoma City, OK",1369759,595050,565695,2108,0,103,691,4.5,135,1,5,17,109,3,28,74,33,"Oklahoma City","OK"
"3980",36420,"Oklahoma City, OK",1369759,595050,565695,4037,38,355,1082,8,163,16,24,41,78,4,55,56,52,"Oklahoma City","OK"
"3981",36420,"Oklahoma City, OK",1369759,595050,565695,1736,0,172,416,5.5,162,9,4,73,71,5,28,70,64,"Oklahoma City","OK"
"3982",36420,"Oklahoma City, OK",1369759,595050,565695,2267,0,216,580,7.333333333,317,69,22,68,103,55,105,120,92,"Oklahoma City","OK"
"3983",36420,"Oklahoma City, OK",1369759,595050,565695,2746,3,98,855,3.333333333,104,2,41,52,9,0,6,36,62,"Oklahoma City","OK"
"3984",36420,"Oklahoma City, OK",1369759,595050,565695,603,5,18,170,6.166666667,6,0,0,5,1,0,3,0,3,"Oklahoma City","OK"
"3985",36420,"Oklahoma City, OK",1369759,595050,565695,1707,14,180,437,6,343,136,9,33,17,148,198,106,39,"Oklahoma City","OK"
"3986",36420,"Oklahoma City, OK",1369759,595050,565695,2820,14,48,873,6.166666667,360,0,13,60,206,81,143,122,95,"Oklahoma City","OK"
"3987",36420,"Oklahoma City, OK",1369759,595050,565695,1918,0,142,549,4.333333333,775,4,26,667,78,0,70,265,440,"Oklahoma City","OK"
"3988",36420,"Oklahoma City, OK",1369759,595050,565695,1795,0,59,481,5,857,1,38,84,726,8,153,225,479,"Oklahoma City","OK"
"3989",36420,"Oklahoma City, OK",1369759,595050,565695,1769,11,262,476,7.833333333,245,15,31,36,140,23,62,75,108,"Oklahoma City","OK"
"3990",36420,"Oklahoma City, OK",1369759,595050,565695,1539,153,607,156,12.66666667,403,28,26,54,123,172,193,177,33,"Oklahoma City","OK"
"3991",36420,"Oklahoma City, OK",1369759,595050,565695,400,7,64,94,8.833333333,47,9,4,6,1,27,26,16,5,"Oklahoma City","OK"
"3992",36420,"Oklahoma City, OK",1369759,595050,565695,2111,7,12,674,7.166666667,461,2,24,105,306,24,130,166,165,"Oklahoma City","OK"
"3993",36420,"Oklahoma City, OK",1369759,595050,565695,2009,9,349,451,9.5,276,45,25,17,189,0,89,120,67,"Oklahoma City","OK"
"3994",36420,"Oklahoma City, OK",1369759,595050,565695,2190,0,140,598,4.5,53,20,3,21,9,0,16,23,14,"Oklahoma City","OK"
"3995",36420,"Oklahoma City, OK",1369759,595050,565695,732,0,115,131,12,1492,708,330,7,153,294,595,676,221,"Oklahoma City","OK"
"3996",36420,"Oklahoma City, OK",1369759,595050,565695,1157,13,150,294,11,1017,61,262,101,348,245,265,378,374,"Oklahoma City","OK"
"3997",36420,"Oklahoma City, OK",1369759,595050,565695,1523,78,420,198,8.666666667,966,63,5,688,130,80,218,476,272,"Oklahoma City","OK"
"3998",36420,"Oklahoma City, OK",1369759,595050,565695,2116,5,184,626,10,760,161,33,224,123,219,318,311,131,"Oklahoma City","OK"
"3999",36420,"Oklahoma City, OK",1369759,595050,565695,641,0,62,199,6.166666667,84,10,13,9,18,34,35,35,14,"Oklahoma City","OK"
"4000",36420,"Oklahoma City, OK",1369759,595050,565695,2409,0,133,749,4.5,87,13,0,51,21,2,31,27,29,"Oklahoma City","OK"
"4001",36420,"Oklahoma City, OK",1369759,595050,565695,1878,8,116,473,4.333333333,723,26,29,595,47,26,108,208,407,"Oklahoma City","OK"
"4002",36420,"Oklahoma City, OK",1369759,595050,565695,2317,15,153,592,8.166666667,1416,402,52,279,336,347,495,483,438,"Oklahoma City","OK"
"4003",36420,"Oklahoma City, OK",1369759,595050,565695,2554,0,54,747,6.166666667,457,10,13,120,309,5,81,160,216,"Oklahoma City","OK"
"4004",36420,"Oklahoma City, OK",1369759,595050,565695,1088,0,152,268,6.333333333,33,0,3,13,17,0,8,11,14,"Oklahoma City","OK"
"4005",36420,"Oklahoma City, OK",1369759,595050,565695,942,0,255,179,7.166666667,344,91,1,9,233,10,155,143,46,"Oklahoma City","OK"
"4006",36420,"Oklahoma City, OK",1369759,595050,565695,1467,95,168,214,14,245,99,48,10,49,39,87,120,38,"Oklahoma City","OK"
"4007",36420,"Oklahoma City, OK",1369759,595050,565695,1145,37,175,242,15.33333333,325,64,9,102,124,26,134,127,64,"Oklahoma City","OK"
"4008",36420,"Oklahoma City, OK",1369759,595050,565695,855,0,115,124,12,28,0,0,3,21,4,12,11,5,"Oklahoma City","OK"
"4009",36420,"Oklahoma City, OK",1369759,595050,565695,1604,6,204,257,13.5,590,72,59,333,105,21,82,233,275,"Oklahoma City","OK"
"4010",36420,"Oklahoma City, OK",1369759,595050,565695,1706,28,121,336,12.33333333,85,15,0,50,0,20,19,48,18,"Oklahoma City","OK"
"4011",36420,"Oklahoma City, OK",1369759,595050,565695,1914,22,212,298,10.66666667,110,86,1,23,0,0,39,60,11,"Oklahoma City","OK"
"4012",36420,"Oklahoma City, OK",1369759,595050,565695,889,0,82,173,14.16666667,144,43,50,51,0,0,28,78,38,"Oklahoma City","OK"
"4013",36420,"Oklahoma City, OK",1369759,595050,565695,1111,12,77,247,11.83333333,75,0,0,75,0,0,7,23,45,"Oklahoma City","OK"
"4014",36420,"Oklahoma City, OK",1369759,595050,565695,750,0,146,102,13.5,83,19,0,1,1,62,50,27,6,"Oklahoma City","OK"
"4015",36420,"Oklahoma City, OK",1369759,595050,565695,1152,17,117,227,9.833333333,8,0,8,0,0,0,4,4,0,"Oklahoma City","OK"
"4016",36420,"Oklahoma City, OK",1369759,595050,565695,1469,35,268,310,14.5,125,25,13,0,19,68,62,55,8,"Oklahoma City","OK"
"4017",36420,"Oklahoma City, OK",1369759,595050,565695,1255,26,223,291,12.66666667,55,40,4,1,10,0,15,23,17,"Oklahoma City","OK"
"4018",36420,"Oklahoma City, OK",1369759,595050,565695,1024,54,172,152,9.166666667,372,270,91,11,0,0,142,110,120,"Oklahoma City","OK"
"4019",36420,"Oklahoma City, OK",1369759,595050,565695,160,13,62,28,9.166666667,673,78,5,185,176,229,158,291,224,"Oklahoma City","OK"
"4020",36420,"Oklahoma City, OK",1369759,595050,565695,1426,41,233,305,7.166666667,283,12,26,22,31,192,170,73,40,"Oklahoma City","OK"
"4021",36420,"Oklahoma City, OK",1369759,595050,565695,674,7,127,122,18.16666667,783,120,67,42,322,232,363,292,128,"Oklahoma City","OK"
"4022",36420,"Oklahoma City, OK",1369759,595050,565695,967,36,104,246,10.66666667,9,0,0,1,8,0,1,3,5,"Oklahoma City","OK"
"4023",36420,"Oklahoma City, OK",1369759,595050,565695,1376,125,307,138,13.83333333,404,121,12,3,181,87,205,169,30,"Oklahoma City","OK"
"4024",36420,"Oklahoma City, OK",1369759,595050,565695,750,7,94,202,14.5,180,57,6,1,39,77,97,62,21,"Oklahoma City","OK"
"4025",36420,"Oklahoma City, OK",1369759,595050,565695,748,0,97,214,4,4,0,4,0,0,0,0,0,4,"Oklahoma City","OK"
"4026",36420,"Oklahoma City, OK",1369759,595050,565695,652,16,147,125,15,121,63,0,4,34,20,55,61,5,"Oklahoma City","OK"
"4027",36420,"Oklahoma City, OK",1369759,595050,565695,906,0,152,230,13.16666667,69,24,6,20,19,0,23,27,19,"Oklahoma City","OK"
"4028",36420,"Oklahoma City, OK",1369759,595050,565695,551,0,121,121,9.666666667,0,0,0,0,0,0,0,0,0,"Oklahoma City","OK"
"4029",36420,"Oklahoma City, OK",1369759,595050,565695,620,11,99,177,11.66666667,9,0,2,3,2,2,3,3,3,"Oklahoma City","OK"
"4030",36420,"Oklahoma City, OK",1369759,595050,565695,1854,45,351,214,16.5,944,270,55,1,174,444,466,392,86,"Oklahoma City","OK"
"4031",36420,"Oklahoma City, OK",1369759,595050,565695,1735,25,281,350,12.33333333,226,34,40,68,21,63,68,112,46,"Oklahoma City","OK"
"4032",36420,"Oklahoma City, OK",1369759,595050,565695,1566,67,217,321,15.5,204,21,63,18,42,60,86,44,74,"Oklahoma City","OK"
"4033",36420,"Oklahoma City, OK",1369759,595050,565695,965,13,153,192,9.333333333,252,9,2,30,185,26,71,125,56,"Oklahoma City","OK"
"4034",36420,"Oklahoma City, OK",1369759,595050,565695,1091,0,80,317,6.5,57,0,0,53,3,1,4,27,26,"Oklahoma City","OK"
"4035",36420,"Oklahoma City, OK",1369759,595050,565695,710,7,81,195,13.83333333,78,0,4,15,47,12,36,33,9,"Oklahoma City","OK"
"4036",36420,"Oklahoma City, OK",1369759,595050,565695,1422,86,244,245,10.66666667,376,132,0,127,110,7,51,134,191,"Oklahoma City","OK"
"4037",36420,"Oklahoma City, OK",1369759,595050,565695,2191,36,299,352,8.5,25,0,6,0,19,0,5,15,5,"Oklahoma City","OK"
"4038",36420,"Oklahoma City, OK",1369759,595050,565695,1218,69,179,181,11.16666667,22,8,0,11,3,0,8,13,1,"Oklahoma City","OK"
"4039",36420,"Oklahoma City, OK",1369759,595050,565695,958,81,95,189,16.33333333,429,107,13,1,197,111,155,138,136,"Oklahoma City","OK"
"4040",36420,"Oklahoma City, OK",1369759,595050,565695,1176,9,86,274,12.83333333,392,1,11,23,293,64,143,156,93,"Oklahoma City","OK"
"4041",36420,"Oklahoma City, OK",1369759,595050,565695,1755,10,259,403,9.833333333,509,89,25,37,218,140,211,197,101,"Oklahoma City","OK"
"4042",36420,"Oklahoma City, OK",1369759,595050,565695,1145,18,281,229,11.33333333,923,780,57,61,6,19,174,541,208,"Oklahoma City","OK"
"4043",36420,"Oklahoma City, OK",1369759,595050,565695,1139,6,109,329,14.83333333,3201,618,288,132,1601,562,1002,1325,874,"Oklahoma City","OK"
"4044",36420,"Oklahoma City, OK",1369759,595050,565695,1111,0,273,244,6.5,61,9,3,0,6,43,33,22,6,"Oklahoma City","OK"
"4045",36420,"Oklahoma City, OK",1369759,595050,565695,756,8,84,284,5.833333333,158,0,0,7,151,0,88,51,19,"Oklahoma City","OK"
"4046",36420,"Oklahoma City, OK",1369759,595050,565695,581,30,76,103,10.66666667,93,3,0,24,66,0,26,51,16,"Oklahoma City","OK"
"4047",36420,"Oklahoma City, OK",1369759,595050,565695,785,64,144,90,11.16666667,82,0,0,69,13,0,9,24,49,"Oklahoma City","OK"
"4048",36420,"Oklahoma City, OK",1369759,595050,565695,1854,114,327,368,4.333333333,51,0,0,32,18,1,11,31,9,"Oklahoma City","OK"
"4049",36420,"Oklahoma City, OK",1369759,595050,565695,409,13,42,107,3,0,0,0,0,0,0,0,0,0,"Oklahoma City","OK"
"4050",36420,"Oklahoma City, OK",1369759,595050,565695,1676,18,407,322,10.5,186,28,37,32,38,51,73,72,41,"Oklahoma City","OK"
"4051",36420,"Oklahoma City, OK",1369759,595050,565695,2663,16,413,612,5.833333333,144,18,1,7,35,83,91,40,13,"Oklahoma City","OK"
"4052",36420,"Oklahoma City, OK",1369759,595050,565695,555,0,43,226,12.66666667,58,0,9,31,18,0,8,6,44,"Oklahoma City","OK"
"4053",36420,"Oklahoma City, OK",1369759,595050,565695,1403,0,221,347,4.5,33,0,2,0,31,0,10,9,14,"Oklahoma City","OK"
"4054",36420,"Oklahoma City, OK",1369759,595050,565695,576,9,113,206,9,17,0,0,0,17,0,0,17,0,"Oklahoma City","OK"
"4055",36420,"Oklahoma City, OK",1369759,595050,565695,1575,4,59,465,5,148,0,13,65,70,0,35,59,54,"Oklahoma City","OK"
"4056",36420,"Oklahoma City, OK",1369759,595050,565695,391,0,46,110,13.33333333,145,66,6,17,56,0,46,78,21,"Oklahoma City","OK"
"4057",36420,"Oklahoma City, OK",1369759,595050,565695,1051,15,227,231,7.166666667,466,285,8,9,77,87,168,269,29,"Oklahoma City","OK"
"4058",36420,"Oklahoma City, OK",1369759,595050,565695,1395,0,233,257,10.83333333,65,17,3,0,25,20,40,19,6,"Oklahoma City","OK"
"4059",36420,"Oklahoma City, OK",1369759,595050,565695,1190,8,214,161,10.5,105,6,8,1,1,89,67,34,4,"Oklahoma City","OK"
"4060",36420,"Oklahoma City, OK",1369759,595050,565695,1178,40,185,286,14.16666667,183,50,28,24,81,0,55,73,55,"Oklahoma City","OK"
"4061",36420,"Oklahoma City, OK",1369759,595050,565695,1394,0,110,351,5.5,316,29,1,222,64,0,45,122,149,"Oklahoma City","OK"
"4062",36420,"Oklahoma City, OK",1369759,595050,565695,2821,9,81,908,6.833333333,155,4,11,53,73,14,36,51,68,"Oklahoma City","OK"
"4063",36420,"Oklahoma City, OK",1369759,595050,565695,2017,9,69,676,7.833333333,216,34,11,39,132,0,51,90,75,"Oklahoma City","OK"
"4064",36420,"Oklahoma City, OK",1369759,595050,565695,768,0,39,292,4.833333333,62,6,7,7,42,0,9,19,34,"Oklahoma City","OK"
"4065",36420,"Oklahoma City, OK",1369759,595050,565695,978,7,68,325,6.333333333,99,0,22,31,45,1,24,44,31,"Oklahoma City","OK"
"4066",36420,"Oklahoma City, OK",1369759,595050,565695,726,38,171,163,12,876,209,42,73,177,375,351,370,155,"Oklahoma City","OK"
"4067",36420,"Oklahoma City, OK",1369759,595050,565695,554,0,38,161,11.66666667,1174,476,89,80,203,326,516,475,183,"Oklahoma City","OK"
"4068",36420,"Oklahoma City, OK",1369759,595050,565695,1304,39,144,333,9.666666667,856,14,190,71,345,236,320,297,239,"Oklahoma City","OK"
"4069",36420,"Oklahoma City, OK",1369759,595050,565695,1522,24,148,322,10.16666667,263,52,18,16,72,105,125,105,33,"Oklahoma City","OK"
"4070",36420,"Oklahoma City, OK",1369759,595050,565695,882,0,136,133,9.833333333,128,0,0,64,64,0,24,46,58,"Oklahoma City","OK"
"4071",36420,"Oklahoma City, OK",1369759,595050,565695,1807,70,179,336,7,45,0,5,15,25,0,11,18,16,"Oklahoma City","OK"
"4072",36420,"Oklahoma City, OK",1369759,595050,565695,1266,0,21,297,6.833333333,41,0,3,26,12,0,12,17,12,"Oklahoma City","OK"
"4073",36420,"Oklahoma City, OK",1369759,595050,565695,1106,9,26,264,7.166666667,259,5,0,156,39,59,36,67,156,"Oklahoma City","OK"
"4074",36420,"Oklahoma City, OK",1369759,595050,565695,1538,0,245,385,4.666666667,82,0,10,19,53,0,34,38,10,"Oklahoma City","OK"
"4075",36420,"Oklahoma City, OK",1369759,595050,565695,795,0,136,161,11.66666667,487,132,33,78,200,44,243,169,75,"Oklahoma City","OK"
"4076",36420,"Oklahoma City, OK",1369759,595050,565695,656,63,82,130,11.16666667,740,167,40,6,345,182,222,286,232,"Oklahoma City","OK"
"4077",36420,"Oklahoma City, OK",1369759,595050,565695,1460,53,277,257,10.66666667,329,65,54,62,146,2,68,128,133,"Oklahoma City","OK"
"4078",36420,"Oklahoma City, OK",1369759,595050,565695,625,7,115,158,11.16666667,121,13,7,3,82,16,43,35,43,"Oklahoma City","OK"
"4079",36420,"Oklahoma City, OK",1369759,595050,565695,1937,184,404,256,8.5,2794,7,19,4,2514,250,723,1075,996,"Oklahoma City","OK"
"4080",36420,"Oklahoma City, OK",1369759,595050,565695,1819,0,20,533,5,120,4,10,69,36,1,31,47,42,"Oklahoma City","OK"
"4081",36420,"Oklahoma City, OK",1369759,595050,565695,1191,0,47,327,10.5,306,155,13,2,24,112,160,112,34,"Oklahoma City","OK"
"4082",36420,"Oklahoma City, OK",1369759,595050,565695,599,0,30,224,10.83333333,22,0,11,2,9,0,2,11,9,"Oklahoma City","OK"
"4083",36420,"Oklahoma City, OK",1369759,595050,565695,1253,15,239,345,14.16666667,915,26,23,9,773,84,124,230,561,"Oklahoma City","OK"
"4084",36420,"Oklahoma City, OK",1369759,595050,565695,866,0,210,249,10.83333333,448,56,29,1,249,113,211,153,84,"Oklahoma City","OK"
"4085",36420,"Oklahoma City, OK",1369759,595050,565695,494,0,155,117,6.833333333,166,1,125,0,40,0,32,41,93,"Oklahoma City","OK"
"4086",36420,"Oklahoma City, OK",1369759,595050,565695,701,18,213,206,11.66666667,260,52,48,23,93,44,93,101,66,"Oklahoma City","OK"
"4087",36420,"Oklahoma City, OK",1369759,595050,565695,1618,15,43,458,6.333333333,336,3,13,55,49,216,119,143,74,"Oklahoma City","OK"
"4088",36420,"Oklahoma City, OK",1369759,595050,565695,2622,0,207,728,8.333333333,164,32,29,12,70,21,60,65,39,"Oklahoma City","OK"
"4089",36420,"Oklahoma City, OK",1369759,595050,565695,3334,24,393,898,8.5,988,567,53,75,96,197,333,492,163,"Oklahoma City","OK"
"4090",36420,"Oklahoma City, OK",1369759,595050,565695,826,0,107,240,10.83333333,184,23,48,28,41,44,67,68,49,"Oklahoma City","OK"
"4091",36420,"Oklahoma City, OK",1369759,595050,565695,516,6,139,121,11.5,204,31,69,25,54,25,88,62,54,"Oklahoma City","OK"
"4092",36420,"Oklahoma City, OK",1369759,595050,565695,1176,23,180,375,8.333333333,90,6,10,7,43,24,41,27,22,"Oklahoma City","OK"
"4093",36420,"Oklahoma City, OK",1369759,595050,565695,1248,42,204,153,7.5,47,0,4,2,28,13,20,14,13,"Oklahoma City","OK"
"4094",36420,"Oklahoma City, OK",1369759,595050,565695,686,0,68,192,13,316,21,26,0,39,230,134,138,44,"Oklahoma City","OK"
"4095",36420,"Oklahoma City, OK",1369759,595050,565695,2187,33,372,409,5,38,2,26,1,9,0,5,27,6,"Oklahoma City","OK"
"4096",36420,"Oklahoma City, OK",1369759,595050,565695,718,0,57,226,9.666666667,230,4,11,16,157,42,107,88,35,"Oklahoma City","OK"
"4097",36420,"Oklahoma City, OK",1369759,595050,565695,840,47,68,226,11.16666667,952,92,241,23,531,65,225,347,380,"Oklahoma City","OK"
"4098",36420,"Oklahoma City, OK",1369759,595050,565695,1697,176,464,245,6.833333333,220,0,15,27,178,0,84,106,30,"Oklahoma City","OK"
"4099",36420,"Oklahoma City, OK",1369759,595050,565695,1754,82,349,347,7.666666667,1290,24,72,54,269,871,213,687,390,"Oklahoma City","OK"
"4100",36420,"Oklahoma City, OK",1369759,595050,565695,1340,5,96,284,5.166666667,119,0,0,15,104,0,30,43,46,"Oklahoma City","OK"
"4101",36420,"Oklahoma City, OK",1369759,595050,565695,842,0,80,256,6,178,4,1,111,30,32,50,67,61,"Oklahoma City","OK"
"4102",36420,"Oklahoma City, OK",1369759,595050,565695,2611,0,200,724,5,138,0,0,6,132,0,15,79,44,"Oklahoma City","OK"
"4103",36420,"Oklahoma City, OK",1369759,595050,565695,3220,18,242,902,8.833333333,1079,225,42,430,114,268,361,339,379,"Oklahoma City","OK"
"4104",36420,"Oklahoma City, OK",1369759,595050,565695,5358,87,446,1241,4.5,228,4,12,140,72,0,32,81,115,"Oklahoma City","OK"
"4105",36420,"Oklahoma City, OK",1369759,595050,565695,2299,0,82,657,4.666666667,171,10,10,111,40,0,32,83,56,"Oklahoma City","OK"
"4106",36420,"Oklahoma City, OK",1369759,595050,565695,1070,0,131,253,7.5,34,0,4,3,27,0,10,17,7,"Oklahoma City","OK"
"4107",36420,"Oklahoma City, OK",1369759,595050,565695,1487,0,128,343,9.666666667,88,31,21,5,27,4,33,41,14,"Oklahoma City","OK"
"4108",36420,"Oklahoma City, OK",1369759,595050,565695,590,11,134,126,9.833333333,395,36,76,116,164,3,128,154,113,"Oklahoma City","OK"
"4109",36420,"Oklahoma City, OK",1369759,595050,565695,958,40,87,277,7.666666667,69,5,1,7,41,15,35,26,8,"Oklahoma City","OK"
"4110",36420,"Oklahoma City, OK",1369759,595050,565695,859,0,164,225,14.83333333,342,30,27,35,205,45,71,132,139,"Oklahoma City","OK"
"4111",36420,"Oklahoma City, OK",1369759,595050,565695,1597,5,240,289,15.83333333,580,21,51,51,212,245,227,201,152,"Oklahoma City","OK"
"4112",36420,"Oklahoma City, OK",1369759,595050,565695,2648,1,80,848,4.5,178,8,11,94,59,6,34,59,85,"Oklahoma City","OK"
"4113",36420,"Oklahoma City, OK",1369759,595050,565695,664,21,110,149,8.833333333,15,0,1,3,11,0,1,6,8,"Oklahoma City","OK"
"4114",36420,"Oklahoma City, OK",1369759,595050,565695,1223,0,77,364,3.333333333,74,0,0,74,0,0,13,20,41,"Oklahoma City","OK"
"4115",36420,"Oklahoma City, OK",1369759,595050,565695,1206,0,69,287,2.166666667,50,0,0,46,2,2,3,26,21,"Oklahoma City","OK"
"4116",36420,"Oklahoma City, OK",1369759,595050,565695,3258,2,223,862,3.833333333,59,13,3,33,10,0,23,31,5,"Oklahoma City","OK"
"4117",36420,"Oklahoma City, OK",1369759,595050,565695,1769,0,113,493,4,277,23,19,216,19,0,32,126,119,"Oklahoma City","OK"
"4118",36420,"Oklahoma City, OK",1369759,595050,565695,1151,16,94,279,6.166666667,178,7,24,83,59,5,49,77,52,"Oklahoma City","OK"
"4119",36420,"Oklahoma City, OK",1369759,595050,565695,1306,14,56,382,2.333333333,61,2,0,50,9,0,11,21,29,"Oklahoma City","OK"
"4120",36420,"Oklahoma City, OK",1369759,595050,565695,1548,5,80,503,4.833333333,354,112,1,211,30,0,55,122,177,"Oklahoma City","OK"
"4121",36420,"Oklahoma City, OK",1369759,595050,565695,1921,15,162,555,5.333333333,246,19,48,47,132,0,83,101,62,"Oklahoma City","OK"
"4122",36420,"Oklahoma City, OK",1369759,595050,565695,645,24,77,160,13,223,39,33,26,87,38,67,117,39,"Oklahoma City","OK"
"4123",36420,"Oklahoma City, OK",1369759,595050,565695,835,0,147,167,6.833333333,133,15,4,5,109,0,28,64,41,"Oklahoma City","OK"
"4124",36420,"Oklahoma City, OK",1369759,595050,565695,723,10,160,109,7.666666667,15,0,0,0,15,0,1,7,7,"Oklahoma City","OK"
"4125",36420,"Oklahoma City, OK",1369759,595050,565695,881,7,153,169,7.166666667,5,0,0,0,5,0,3,2,0,"Oklahoma City","OK"
"4126",36420,"Oklahoma City, OK",1369759,595050,565695,1618,129,410,259,11,1036,192,190,119,225,310,389,430,217,"Oklahoma City","OK"
"4127",36420,"Oklahoma City, OK",1369759,595050,565695,1316,0,190,336,9.333333333,150,0,12,55,79,4,27,66,57,"Oklahoma City","OK"
"4128",36420,"Oklahoma City, OK",1369759,595050,565695,2227,59,189,508,6.666666667,482,20,3,18,422,19,259,136,87,"Oklahoma City","OK"
"4129",36420,"Oklahoma City, OK",1369759,595050,565695,1594,15,268,390,5.333333333,766,78,13,595,67,13,107,431,228,"Oklahoma City","OK"
"4130",36420,"Oklahoma City, OK",1369759,595050,565695,1283,48,88,342,5.5,404,4,17,125,258,0,80,183,141,"Oklahoma City","OK"
"4131",36420,"Oklahoma City, OK",1369759,595050,565695,678,11,73,165,3.333333333,18,11,7,0,0,0,4,13,1,"Oklahoma City","OK"
"4132",36420,"Oklahoma City, OK",1369759,595050,565695,892,9,100,237,6.5,238,44,2,97,93,2,62,72,104,"Oklahoma City","OK"
"4133",36420,"Oklahoma City, OK",1369759,595050,565695,687,5,61,175,6.333333333,245,10,5,122,80,28,84,48,113,"Oklahoma City","OK"
"4134",36420,"Oklahoma City, OK",1369759,595050,565695,760,23,91,168,6.333333333,94,17,0,61,16,0,28,40,26,"Oklahoma City","OK"
"4135",36420,"Oklahoma City, OK",1369759,595050,565695,483,10,89,119,7,149,11,20,92,18,8,24,43,82,"Oklahoma City","OK"
"4136",36420,"Oklahoma City, OK",1369759,595050,565695,1165,0,96,288,7.166666667,849,25,86,495,213,30,137,232,480,"Oklahoma City","OK"
"4137",36420,"Oklahoma City, OK",1369759,595050,565695,2254,28,124,551,6.833333333,215,63,24,76,52,0,79,93,43,"Oklahoma City","OK"
"4138",36420,"Oklahoma City, OK",1369759,595050,565695,2935,67,117,772,3.833333333,126,1,1,93,31,0,27,63,36,"Oklahoma City","OK"
"4139",36420,"Oklahoma City, OK",1369759,595050,565695,1996,10,220,399,8.833333333,1220,353,90,248,264,265,419,535,266,"Oklahoma City","OK"
"4140",36420,"Oklahoma City, OK",1369759,595050,565695,2431,0,176,558,5.333333333,164,59,9,41,54,1,28,59,77,"Oklahoma City","OK"
"4141",36420,"Oklahoma City, OK",1369759,595050,565695,1512,0,63,133,2.166666667,4,4,0,0,0,0,2,2,0,"Oklahoma City","OK"
"4142",36420,"Oklahoma City, OK",1369759,595050,565695,1622,22,197,272,9.166666667,250,0,38,22,163,27,76,116,58,"Oklahoma City","OK"
"4143",36420,"Oklahoma City, OK",1369759,595050,565695,812,17,125,211,5,34,2,8,6,18,0,4,18,12,"Oklahoma City","OK"
"4144",36420,"Oklahoma City, OK",1369759,595050,565695,806,46,307,111,7.666666667,119,4,10,0,73,32,31,62,26,"Oklahoma City","OK"
"4145",36420,"Oklahoma City, OK",1369759,595050,565695,722,18,109,183,6.666666667,219,13,21,114,71,0,32,106,81,"Oklahoma City","OK"
"4146",36420,"Oklahoma City, OK",1369759,595050,565695,705,7,106,168,5.166666667,110,5,25,13,64,3,31,39,40,"Oklahoma City","OK"
"4147",36420,"Oklahoma City, OK",1369759,595050,565695,193,0,0,55,4,122,115,1,5,1,0,20,42,60,"Oklahoma City","OK"
"4148",36420,"Oklahoma City, OK",1369759,595050,565695,1633,33,27,490,4,159,0,0,69,86,4,42,55,62,"Oklahoma City","OK"
"4149",36420,"Oklahoma City, OK",1369759,595050,565695,1460,24,164,411,4,168,77,2,76,13,0,37,46,85,"Oklahoma City","OK"
"4150",36420,"Oklahoma City, OK",1369759,595050,565695,695,4,91,181,2.166666667,27,0,1,22,4,0,3,10,14,"Oklahoma City","OK"
"4151",36420,"Oklahoma City, OK",1369759,595050,565695,1024,45,137,282,10.33333333,726,97,238,92,129,170,265,307,154,"Oklahoma City","OK"
"4152",36420,"Oklahoma City, OK",1369759,595050,565695,2497,25,111,619,5.166666667,262,26,6,166,64,0,63,127,72,"Oklahoma City","OK"
"4153",36420,"Oklahoma City, OK",1369759,595050,565695,317,11,68,52,6.333333333,134,16,15,6,0,97,70,46,18,"Oklahoma City","OK"
"4154",36420,"Oklahoma City, OK",1369759,595050,565695,1318,22,122,342,3.333333333,176,2,1,123,8,42,45,93,38,"Oklahoma City","OK"
"4155",36420,"Oklahoma City, OK",1369759,595050,565695,463,10,84,104,10.33333333,585,0,100,49,426,10,95,258,232,"Oklahoma City","OK"
"4156",36420,"Oklahoma City, OK",1369759,595050,565695,759,0,24,253,6.666666667,83,15,0,27,27,14,33,28,22,"Oklahoma City","OK"
"4157",36420,"Oklahoma City, OK",1369759,595050,565695,1633,13,183,427,8.166666667,30,2,5,7,16,0,9,12,9,"Oklahoma City","OK"
"4158",36420,"Oklahoma City, OK",1369759,595050,565695,603,0,107,148,13.83333333,439,76,248,13,31,71,109,171,159,"Oklahoma City","OK"
"4159",36420,"Oklahoma City, OK",1369759,595050,565695,624,0,218,114,7.333333333,3590,170,92,22,3141,165,845,1838,907,"Oklahoma City","OK"
"4160",36420,"Oklahoma City, OK",1369759,595050,565695,830,61,247,37,10.66666667,83,28,15,36,4,0,14,44,25,"Oklahoma City","OK"
"4161",36420,"Oklahoma City, OK",1369759,595050,565695,1214,0,98,267,11.83333333,37,0,0,6,24,7,10,24,3,"Oklahoma City","OK"
"4162",36420,"Oklahoma City, OK",1369759,595050,565695,1009,67,158,125,7,844,26,2,540,276,0,84,300,460,"Oklahoma City","OK"
"4163",36420,"Oklahoma City, OK",1369759,595050,565695,1294,68,140,284,6,53,0,7,17,29,0,14,27,12,"Oklahoma City","OK"
"4164",36420,"Oklahoma City, OK",1369759,595050,565695,1057,39,99,363,2.333333333,62,1,0,58,3,0,9,21,32,"Oklahoma City","OK"
"4165",36420,"Oklahoma City, OK",1369759,595050,565695,1376,7,146,249,12.33333333,48,0,0,18,1,29,18,20,10,"Oklahoma City","OK"
"4166",36420,"Oklahoma City, OK",1369759,595050,565695,630,30,211,176,13.5,163,9,8,13,126,7,40,57,66,"Oklahoma City","OK"
"4167",36420,"Oklahoma City, OK",1369759,595050,565695,1553,26,318,324,17.5,1058,47,18,54,661,278,344,463,251,"Oklahoma City","OK"
"4168",36420,"Oklahoma City, OK",1369759,595050,565695,1196,40,108,293,11.66666667,219,54,34,4,9,118,106,75,38,"Oklahoma City","OK"
"4169",36420,"Oklahoma City, OK",1369759,595050,565695,748,7,115,226,13.16666667,36,0,1,4,23,8,13,15,8,"Oklahoma City","OK"
"4170",36420,"Oklahoma City, OK",1369759,595050,565695,1800,85,331,401,13.16666667,123,12,4,31,34,42,41,49,33,"Oklahoma City","OK"
"4171",36420,"Oklahoma City, OK",1369759,595050,565695,1088,50,200,225,15.33333333,270,33,18,20,195,4,46,118,106,"Oklahoma City","OK"
"4172",36420,"Oklahoma City, OK",1369759,595050,565695,859,0,125,196,15.5,92,20,5,13,20,34,36,42,14,"Oklahoma City","OK"
"4173",36420,"Oklahoma City, OK",1369759,595050,565695,806,5,100,242,13,191,4,7,9,152,19,44,91,56,"Oklahoma City","OK"
"4174",36420,"Oklahoma City, OK",1369759,595050,565695,1198,10,144,238,13.66666667,309,14,6,24,265,0,34,173,102,"Oklahoma City","OK"
"4175",36420,"Oklahoma City, OK",1369759,595050,565695,834,0,126,168,13.33333333,215,47,0,4,162,2,47,111,57,"Oklahoma City","OK"
"4176",36420,"Oklahoma City, OK",1369759,595050,565695,747,0,122,186,14.16666667,412,39,0,0,360,13,44,184,184,"Oklahoma City","OK"
"4177",36420,"Oklahoma City, OK",1369759,595050,565695,399,40,90,117,14.5,102,55,0,29,4,14,35,49,18,"Oklahoma City","OK"
"4178",36420,"Oklahoma City, OK",1369759,595050,565695,1654,7,112,359,13.83333333,31,11,3,12,5,0,5,21,5,"Oklahoma City","OK"
"4179",36420,"Oklahoma City, OK",1369759,595050,565695,1370,0,156,203,15,81,54,0,18,4,5,24,47,10,"Oklahoma City","OK"
"4180",36420,"Oklahoma City, OK",1369759,595050,565695,891,46,61,219,13,20,15,0,2,3,0,6,10,4,"Oklahoma City","OK"
"4181",36420,"Oklahoma City, OK",1369759,595050,565695,1593,10,199,262,14.66666667,82,27,3,14,30,8,34,38,10,"Oklahoma City","OK"
"4182",36420,"Oklahoma City, OK",1369759,595050,565695,1025,22,35,161,13.5,23,0,2,15,6,0,8,12,3,"Oklahoma City","OK"
"4183",36420,"Oklahoma City, OK",1369759,595050,565695,451,10,30,163,15.33333333,186,2,47,46,16,75,90,78,18,"Oklahoma City","OK"
"4184",36420,"Oklahoma City, OK",1369759,595050,565695,3206,0,69,539,15,85,0,17,19,19,30,27,43,15,"Oklahoma City","OK"
"4185",36420,"Oklahoma City, OK",1369759,595050,565695,916,21,103,185,13.66666667,178,81,5,76,10,6,50,81,47,"Oklahoma City","OK"
"4186",36420,"Oklahoma City, OK",1369759,595050,565695,309,132,63,29,15.33333333,138,1,82,6,41,8,33,88,17,"Oklahoma City","OK"
"4187",36420,"Oklahoma City, OK",1369759,595050,565695,630,6,218,80,14.66666667,442,24,1,266,145,6,103,200,139,"Oklahoma City","OK"
"4188",36420,"Oklahoma City, OK",1369759,595050,565695,684,7,46,211,7.833333333,1168,16,209,480,164,299,303,349,516,"Oklahoma City","OK"
"4189",36420,"Oklahoma City, OK",1369759,595050,565695,715,2,77,182,5.666666667,124,2,0,6,67,49,51,53,20,"Oklahoma City","OK"
"4190",36420,"Oklahoma City, OK",1369759,595050,565695,604,0,67,207,12,1239,10,131,67,790,241,252,582,405,"Oklahoma City","OK"
"4191",36420,"Oklahoma City, OK",1369759,595050,565695,963,0,367,189,15.66666667,1005,129,112,93,513,158,286,365,354,"Oklahoma City","OK"
"4192",36420,"Oklahoma City, OK",1369759,595050,565695,1554,83,342,283,17.83333333,2606,528,314,64,776,924,973,1107,526,"Oklahoma City","OK"
"4193",36420,"Oklahoma City, OK",1369759,595050,565695,452,7,137,100,8.5,70,12,0,46,12,0,14,34,22,"Oklahoma City","OK"
"4194",36420,"Oklahoma City, OK",1369759,595050,565695,566,0,46,134,11.33333333,36,0,0,10,26,0,13,18,5,"Oklahoma City","OK"
"4195",36420,"Oklahoma City, OK",1369759,595050,565695,400,7,27,144,11.83333333,123,11,2,62,48,0,24,67,32,"Oklahoma City","OK"
"4196",36420,"Oklahoma City, OK",1369759,595050,565695,2322,6,210,777,5.166666667,509,8,23,408,62,8,53,125,331,"Oklahoma City","OK"
"4197",36420,"Oklahoma City, OK",1369759,595050,565695,1682,49,147,400,11.33333333,36,4,9,0,7,16,24,11,1,"Oklahoma City","OK"
"4198",36420,"Oklahoma City, OK",1369759,595050,565695,3346,46,394,781,2.666666667,71,1,6,47,17,0,14,37,20,"Oklahoma City","OK"
"4199",36420,"Oklahoma City, OK",1369759,595050,565695,1060,5,173,248,6.666666667,82,31,1,13,10,27,40,27,15,"Oklahoma City","OK"
"4200",36420,"Oklahoma City, OK",1369759,595050,565695,716,5,19,241,4.833333333,401,3,0,350,48,0,26,101,274,"Oklahoma City","OK"
"4201",36420,"Oklahoma City, OK",1369759,595050,565695,5131,3,29,30,14.66666667,321,0,0,4,43,274,234,73,14,"Oklahoma City","OK"
"4202",36420,"Oklahoma City, OK",1369759,595050,565695,1230,13,101,326,3.333333333,27,8,5,13,1,0,7,3,17,"Oklahoma City","OK"
"4203",36420,"Oklahoma City, OK",1369759,595050,565695,1515,23,160,488,2.333333333,43,0,3,36,4,0,5,14,24,"Oklahoma City","OK"
"4204",36420,"Oklahoma City, OK",1369759,595050,565695,2459,29,209,547,2.666666667,147,2,0,135,10,0,35,72,40,"Oklahoma City","OK"
"4205",36420,"Oklahoma City, OK",1369759,595050,565695,1844,14,108,472,4.166666667,101,17,0,28,56,0,32,33,36,"Oklahoma City","OK"
"4206",36420,"Oklahoma City, OK",1369759,595050,565695,1551,5,96,489,2.833333333,203,0,188,4,11,0,14,118,71,"Oklahoma City","OK"
"4207",36420,"Oklahoma City, OK",1369759,595050,565695,874,14,76,222,4.833333333,86,9,1,36,29,11,12,52,22,"Oklahoma City","OK"
"4208",36420,"Oklahoma City, OK",1369759,595050,565695,1824,0,170,514,9.666666667,600,32,39,61,430,38,143,240,217,"Oklahoma City","OK"
"4209",36420,"Oklahoma City, OK",1369759,595050,565695,1443,59,152,369,14.5,235,67,22,20,38,88,119,82,34,"Oklahoma City","OK"
"4210",36420,"Oklahoma City, OK",1369759,595050,565695,1478,53,187,326,9.5,509,97,23,182,85,122,173,189,147,"Oklahoma City","OK"
"4211",36420,"Oklahoma City, OK",1369759,595050,565695,851,9,119,208,6.833333333,278,21,18,133,90,16,53,92,133,"Oklahoma City","OK"
"4212",36420,"Oklahoma City, OK",1369759,595050,565695,1669,25,225,369,8.166666667,713,117,53,167,223,153,286,240,187,"Oklahoma City","OK"
"4213",36420,"Oklahoma City, OK",1369759,595050,565695,676,31,114,113,8.5,397,0,51,40,266,40,79,150,168,"Oklahoma City","OK"
"4214",36420,"Oklahoma City, OK",1369759,595050,565695,1542,19,121,434,3,29,15,2,11,1,0,4,8,17,"Oklahoma City","OK"
"4215",36420,"Oklahoma City, OK",1369759,595050,565695,1447,12,114,420,2.5,55,0,0,52,3,0,13,32,10,"Oklahoma City","OK"
"4216",36420,"Oklahoma City, OK",1369759,595050,565695,1360,24,144,341,5,119,0,19,62,38,0,34,35,50,"Oklahoma City","OK"
"4217",36420,"Oklahoma City, OK",1369759,595050,565695,1893,9,150,496,3.666666667,269,13,0,36,4,216,53,160,56,"Oklahoma City","OK"
"4218",36420,"Oklahoma City, OK",1369759,595050,565695,1165,13,133,286,3.833333333,78,6,2,15,52,3,24,37,17,"Oklahoma City","OK"
"4219",36420,"Oklahoma City, OK",1369759,595050,565695,828,30,48,263,4.166666667,159,0,0,120,14,25,35,16,108,"Oklahoma City","OK"
"4220",36420,"Oklahoma City, OK",1369759,595050,565695,1628,32,181,351,7.833333333,383,39,61,37,215,31,131,132,120,"Oklahoma City","OK"
"4221",36420,"Oklahoma City, OK",1369759,595050,565695,1104,29,152,212,13,1020,119,453,90,268,90,228,442,350,"Oklahoma City","OK"
"4222",36420,"Oklahoma City, OK",1369759,595050,565695,1624,21,139,402,7.833333333,441,55,114,170,80,22,85,158,198,"Oklahoma City","OK"
"4223",36420,"Oklahoma City, OK",1369759,595050,565695,519,0,77,127,7.5,399,38,63,211,63,24,83,150,166,"Oklahoma City","OK"
"4224",36420,"Oklahoma City, OK",1369759,595050,565695,1357,45,162,379,6.166666667,205,13,23,49,120,0,54,90,61,"Oklahoma City","OK"
"4225",36420,"Oklahoma City, OK",1369759,595050,565695,2727,36,240,794,9.833333333,716,165,101,277,83,90,178,314,224,"Oklahoma City","OK"
"4226",36420,"Oklahoma City, OK",1369759,595050,565695,2831,33,116,358,8.166666667,942,286,42,12,530,72,310,413,219,"Oklahoma City","OK"
"4227",36420,"Oklahoma City, OK",1369759,595050,565695,1187,0,152,244,7.166666667,46,12,3,8,23,0,23,16,7,"Oklahoma City","OK"
"4228",36420,"Oklahoma City, OK",1369759,595050,565695,1994,0,153,490,9.666666667,1633,175,63,587,643,165,362,670,601,"Oklahoma City","OK"
"4229",36420,"Oklahoma City, OK",1369759,595050,565695,1102,0,46,267,6.833333333,1387,100,29,536,75,647,533,424,430,"Oklahoma City","OK"
"4230",36420,"Oklahoma City, OK",1369759,595050,565695,2930,0,342,738,7.666666667,116,2,1,53,60,0,28,59,29,"Oklahoma City","OK"
"4231",36420,"Oklahoma City, OK",1369759,595050,565695,4077,35,464,1055,5.666666667,80,10,15,23,31,1,30,33,17,"Oklahoma City","OK"
"4232",36420,"Oklahoma City, OK",1369759,595050,565695,1563,0,162,458,4.833333333,92,4,4,38,45,1,25,44,23,"Oklahoma City","OK"
"4233",36420,"Oklahoma City, OK",1369759,595050,565695,407,2,30,128,5.5,67,0,2,8,42,15,22,19,26,"Oklahoma City","OK"
"4234",36420,"Oklahoma City, OK",1369759,595050,565695,968,0,74,333,6.833333333,55,12,5,23,15,0,15,22,18,"Oklahoma City","OK"
"4235",36420,"Oklahoma City, OK",1369759,595050,565695,1381,88,128,382,10,192,42,15,21,108,6,67,84,41,"Oklahoma City","OK"
"4236",36420,"Oklahoma City, OK",1369759,595050,565695,1185,0,60,350,12.66666667,183,1,11,2,142,27,108,61,14,"Oklahoma City","OK"
"4237",36420,"Oklahoma City, OK",1369759,595050,565695,1076,0,65,385,11,122,0,7,26,89,0,11,55,56,"Oklahoma City","OK"
"4238",36420,"Oklahoma City, OK",1369759,595050,565695,1231,0,202,362,12.66666667,443,9,9,63,336,26,128,237,78,"Oklahoma City","OK"
"4239",36420,"Oklahoma City, OK",1369759,595050,565695,664,0,46,263,10.83333333,1253,21,1,94,1137,0,284,586,383,"Oklahoma City","OK"
"4240",36420,"Oklahoma City, OK",1369759,595050,565695,2262,0,722,534,8,819,108,56,374,201,80,153,327,339,"Oklahoma City","OK"
"4241",36420,"Oklahoma City, OK",1369759,595050,565695,3041,32,813,758,10.83333333,2778,943,272,10,594,959,1260,1086,432,"Oklahoma City","OK"
"4242",36420,"Oklahoma City, OK",1369759,595050,565695,3614,30,478,996,8.333333333,11134,232,3187,1116,5512,1087,1518,3580,6036,"Oklahoma City","OK"
"4243",36420,"Oklahoma City, OK",1369759,595050,565695,1245,0,164,303,7.833333333,114,0,4,31,79,0,16,50,48,"Oklahoma City","OK"
"4244",36420,"Oklahoma City, OK",1369759,595050,565695,1548,9,194,302,7.666666667,35,0,0,0,35,0,4,26,5,"Oklahoma City","OK"
"4245",36420,"Oklahoma City, OK",1369759,595050,565695,1839,0,106,525,4.166666667,163,28,4,104,27,0,33,51,79,"Oklahoma City","OK"
"4246",36420,"Oklahoma City, OK",1369759,595050,565695,2365,70,514,500,10.5,1103,418,32,33,205,415,537,437,129,"Oklahoma City","OK"
"4247",36420,"Oklahoma City, OK",1369759,595050,565695,1929,78,308,458,7.666666667,471,39,14,9,111,298,244,168,59,"Oklahoma City","OK"
"4248",36420,"Oklahoma City, OK",1369759,595050,565695,2272,27,264,606,16,719,152,75,16,305,171,271,243,205,"Oklahoma City","OK"
"4249",36420,"Oklahoma City, OK",1369759,595050,565695,1094,9,426,240,14.66666667,193,11,23,20,113,26,60,66,67,"Oklahoma City","OK"
"4250",36420,"Oklahoma City, OK",1369759,595050,565695,1777,0,177,385,8,326,1,0,45,73,207,103,125,98,"Oklahoma City","OK"
"4251",36420,"Oklahoma City, OK",1369759,595050,565695,1339,0,256,276,14,306,40,4,3,192,67,64,178,64,"Oklahoma City","OK"
"4252",36420,"Oklahoma City, OK",1369759,595050,565695,953,17,300,296,6.333333333,96,1,13,7,14,61,59,18,19,"Oklahoma City","OK"
"4253",36420,"Oklahoma City, OK",1369759,595050,565695,2370,0,282,544,9.166666667,158,2,44,33,27,52,75,45,38,"Oklahoma City","OK"
"4254",36420,"Oklahoma City, OK",1369759,595050,565695,1915,35,391,569,8.333333333,184,96,21,28,29,10,61,79,44,"Oklahoma City","OK"
"4255",36420,"Oklahoma City, OK",1369759,595050,565695,8682,13,474,2257,7.333333333,1305,27,198,127,899,54,370,483,452,"Oklahoma City","OK"
"4256",36420,"Oklahoma City, OK",1369759,595050,565695,2658,0,162,700,7.5,53,10,7,11,25,0,20,23,10,"Oklahoma City","OK"
"4257",36420,"Oklahoma City, OK",1369759,595050,565695,2146,0,239,555,9.833333333,644,416,50,52,97,29,229,285,130,"Oklahoma City","OK"
"4258",41420,"Salem, OR",416980,173421,176302,1125,37,93,225,16.83333333,789,91,27,372,205,94,173,247,369,"Salem","OR"
"4259",41420,"Salem, OR",416980,173421,176302,1475,9,98,359,4.5,90,25,7,42,9,7,23,40,27,"Salem","OR"
"4260",41420,"Salem, OR",416980,173421,176302,851,4,70,248,4.166666667,58,0,0,17,34,7,15,25,18,"Salem","OR"
"4261",41420,"Salem, OR",416980,173421,176302,1683,41,131,448,5.5,124,9,7,19,84,5,42,59,23,"Salem","OR"
"4262",41420,"Salem, OR",416980,173421,176302,1895,28,116,577,5.333333333,1595,32,385,170,7,1001,138,676,781,"Salem","OR"
"4263",41420,"Salem, OR",416980,173421,176302,2136,126,471,346,17,605,251,37,24,129,164,187,324,94,"Salem","OR"
"4264",41420,"Salem, OR",416980,173421,176302,3428,27,353,607,8.333333333,734,85,4,50,467,128,293,353,88,"Salem","OR"
"4265",41420,"Salem, OR",416980,173421,176302,1727,45,264,503,14.5,280,11,7,25,220,17,91,118,71,"Salem","OR"
"4266",41420,"Salem, OR",416980,173421,176302,3049,10,185,637,4.166666667,1287,0,12,169,1091,15,170,387,730,"Salem","OR"
"4267",41420,"Salem, OR",416980,173421,176302,2241,0,211,747,5.666666667,185,6,5,56,118,0,39,59,87,"Salem","OR"
"4268",41420,"Salem, OR",416980,173421,176302,1317,26,230,271,14.5,334,4,2,7,242,79,92,153,89,"Salem","OR"
"4269",41420,"Salem, OR",416980,173421,176302,1162,0,55,364,2.5,99,0,5,84,10,0,34,35,30,"Salem","OR"
"4270",41420,"Salem, OR",416980,173421,176302,484,0,44,179,3.5,184,0,5,147,30,2,33,73,78,"Salem","OR"
"4271",41420,"Salem, OR",416980,173421,176302,1008,0,86,304,4.166666667,429,10,0,349,49,21,112,178,139,"Salem","OR"
"4272",41420,"Salem, OR",416980,173421,176302,3119,94,204,844,6.333333333,819,249,9,157,370,34,216,401,202,"Salem","OR"
"4273",41420,"Salem, OR",416980,173421,176302,4758,0,401,1343,14.5,266,0,50,95,121,0,49,111,106,"Salem","OR"
"4274",41420,"Salem, OR",416980,173421,176302,1946,154,360,289,13.66666667,929,250,88,2,253,336,352,419,158,"Salem","OR"
"4275",41420,"Salem, OR",416980,173421,176302,3347,0,231,828,12.83333333,184,2,2,50,90,40,79,69,36,"Salem","OR"
"4276",41420,"Salem, OR",416980,173421,176302,2981,54,289,797,13,282,9,3,21,249,0,83,108,91,"Salem","OR"
"4277",41420,"Salem, OR",416980,173421,176302,1392,15,276,335,4.166666667,25,0,0,6,19,0,5,14,6,"Salem","OR"
"4278",41420,"Salem, OR",416980,173421,176302,874,12,108,199,16.16666667,1465,155,57,466,571,216,374,690,401,"Salem","OR"
"4279",41420,"Salem, OR",416980,173421,176302,1294,43,382,304,17.5,375,23,43,19,163,127,99,152,124,"Salem","OR"
"4280",41420,"Salem, OR",416980,173421,176302,2254,30,216,468,15.5,697,34,28,27,535,73,250,282,165,"Salem","OR"
"4281",41420,"Salem, OR",416980,173421,176302,661,45,150,110,12.33333333,1384,41,793,427,27,96,128,331,925,"Salem","OR"
"4282",41420,"Salem, OR",416980,173421,176302,3829,44,377,942,13.33333333,484,72,45,80,267,20,125,198,161,"Salem","OR"
"4283",41420,"Salem, OR",416980,173421,176302,1560,54,174,397,8.666666667,189,0,1,2,186,0,61,98,30,"Salem","OR"
"4284",41420,"Salem, OR",416980,173421,176302,1305,0,96,410,17.66666667,306,26,69,57,108,46,109,107,90,"Salem","OR"
"4285",41420,"Salem, OR",416980,173421,176302,2803,0,156,460,15,196,6,30,114,46,0,48,97,51,"Salem","OR"
"4286",41420,"Salem, OR",416980,173421,176302,1939,122,270,191,16.5,17450,34,8864,155,7874,523,2043,4114,11293,"Salem","OR"
"4287",41420,"Salem, OR",416980,173421,176302,2348,42,406,598,15.66666667,669,65,140,65,349,50,233,299,137,"Salem","OR"
"4288",41420,"Salem, OR",416980,173421,176302,2916,85,234,457,14.33333333,3838,13,747,455,2615,8,287,863,2688,"Salem","OR"
"4289",41420,"Salem, OR",416980,173421,176302,3400,25,313,821,11.33333333,102,5,16,7,74,0,37,52,13,"Salem","OR"
"4290",41420,"Salem, OR",416980,173421,176302,675,0,82,123,16.5,663,189,247,39,121,67,140,229,294,"Salem","OR"
"4291",41420,"Salem, OR",416980,173421,176302,2344,33,243,545,9.5,173,26,24,14,99,10,45,73,55,"Salem","OR"
"4292",41420,"Salem, OR",416980,173421,176302,2286,22,181,693,8.666666667,250,11,12,35,152,40,85,104,61,"Salem","OR"
"4293",41420,"Salem, OR",416980,173421,176302,1481,14,202,267,16.83333333,1028,22,296,71,552,87,220,338,470,"Salem","OR"
"4294",41420,"Salem, OR",416980,173421,176302,858,9,54,188,15.5,191,0,0,169,22,0,26,93,72,"Salem","OR"
"4295",41420,"Salem, OR",416980,173421,176302,688,30,182,136,16.66666667,474,26,60,20,307,61,99,135,240,"Salem","OR"
"4296",41420,"Salem, OR",416980,173421,176302,1365,36,70,321,9.666666667,205,23,0,22,144,16,57,68,80,"Salem","OR"
"4297",41420,"Salem, OR",416980,173421,176302,1539,122,196,305,17.83333333,1090,102,311,20,335,322,397,484,209,"Salem","OR"
"4298",41420,"Salem, OR",416980,173421,176302,2887,0,365,678,8.666666667,283,37,4,49,192,1,79,85,119,"Salem","OR"
"4299",41420,"Salem, OR",416980,173421,176302,440,0,43,125,3,441,0,27,396,15,3,74,247,120,"Salem","OR"
"4300",41420,"Salem, OR",416980,173421,176302,590,41,19,116,15.33333333,184,0,54,0,130,0,77,72,35,"Salem","OR"
"4301",41420,"Salem, OR",416980,173421,176302,1973,0,55,577,3,2578,80,32,2231,155,80,328,1040,1210,"Salem","OR"
"4302",41420,"Salem, OR",416980,173421,176302,742,0,86,203,8,1060,4,25,858,164,9,125,361,574,"Salem","OR"
"4303",41420,"Salem, OR",416980,173421,176302,1101,41,107,170,8.166666667,770,7,3,568,150,42,265,347,158,"Salem","OR"
"4304",41420,"Salem, OR",416980,173421,176302,2973,16,94,801,12.5,417,49,28,267,46,27,102,171,144,"Salem","OR"
"4305",41420,"Salem, OR",416980,173421,176302,2922,44,128,914,6.833333333,717,30,9,237,415,26,218,247,252,"Salem","OR"
"4306",41420,"Salem, OR",416980,173421,176302,2558,82,174,669,10.16666667,264,6,2,89,136,31,107,102,55,"Salem","OR"
"4307",41420,"Salem, OR",416980,173421,176302,1536,11,241,373,14.83333333,121,0,24,16,44,37,45,50,26,"Salem","OR"
"4308",41420,"Salem, OR",416980,173421,176302,3272,41,614,686,14,241,27,34,41,42,97,130,76,35,"Salem","OR"
"4309",41420,"Salem, OR",416980,173421,176302,702,0,82,168,14.33333333,105,0,0,0,105,0,38,34,33,"Salem","OR"
"4310",41420,"Salem, OR",416980,173421,176302,1854,33,103,538,3.833333333,3159,246,3,2541,331,38,781,1420,958,"Salem","OR"
"4311",41420,"Salem, OR",416980,173421,176302,2996,0,187,875,6.5,128,0,5,29,51,43,43,48,37,"Salem","OR"
"4312",41420,"Salem, OR",416980,173421,176302,1554,83,281,228,13.33333333,11446,1095,2971,3286,3464,630,1300,4191,5955,"Salem","OR"
"4313",41420,"Salem, OR",416980,173421,176302,1505,5,183,373,4.666666667,754,68,10,602,68,6,88,315,351,"Salem","OR"
"4314",41420,"Salem, OR",416980,173421,176302,1219,42,118,384,5,2250,59,8,1681,463,39,230,708,1312,"Salem","OR"
"4315",41420,"Salem, OR",416980,173421,176302,2026,45,277,502,14.83333333,925,512,38,44,150,181,277,516,132,"Salem","OR"
"4316",41420,"Salem, OR",416980,173421,176302,611,28,200,98,18,1194,122,242,280,496,54,239,464,491,"Salem","OR"
"4317",41420,"Salem, OR",416980,173421,176302,2598,34,172,700,5.166666667,642,56,26,415,97,48,145,284,213,"Salem","OR"
"4318",41420,"Salem, OR",416980,173421,176302,3346,120,341,412,11.83333333,132,26,4,80,22,0,34,69,29,"Salem","OR"
"4319",41420,"Salem, OR",416980,173421,176302,2195,62,419,216,12.66666667,1541,0,84,2,1389,66,420,444,677,"Salem","OR"
"4320",41420,"Salem, OR",416980,173421,176302,2367,73,203,298,14.16666667,29,11,0,5,8,5,9,17,3,"Salem","OR"
"4321",41420,"Salem, OR",416980,173421,176302,915,0,50,237,4.5,175,0,0,105,70,0,43,92,40,"Salem","OR"
"4322",41420,"Salem, OR",416980,173421,176302,2081,127,87,509,8.5,400,98,14,9,140,139,161,171,68,"Salem","OR"
"4323",41420,"Salem, OR",416980,173421,176302,1176,0,29,372,2.5,339,6,1,315,8,9,76,126,137,"Salem","OR"
"4324",41420,"Salem, OR",416980,173421,176302,2696,4,232,611,3.666666667,150,0,0,139,11,0,17,59,74,"Salem","OR"
"4325",41420,"Salem, OR",416980,173421,176302,1226,19,192,217,8.833333333,293,28,63,118,65,19,87,104,102,"Salem","OR"
"4326",41420,"Salem, OR",416980,173421,176302,2669,33,137,686,5,737,3,1,431,94,208,200,321,216,"Salem","OR"
"4327",41420,"Salem, OR",416980,173421,176302,1500,0,32,364,14.33333333,140,0,11,40,89,0,37,66,37,"Salem","OR"
"4328",41420,"Salem, OR",416980,173421,176302,301,0,61,72,4.666666667,224,24,11,9,20,160,103,113,8,"Salem","OR"
"4329",41420,"Salem, OR",416980,173421,176302,891,0,74,292,4.166666667,198,4,0,153,20,21,75,72,51,"Salem","OR"
"4330",41420,"Salem, OR",416980,173421,176302,1788,0,89,558,5,410,0,4,67,339,0,107,148,155,"Salem","OR"
"4331",41420,"Salem, OR",416980,173421,176302,1667,0,33,320,11,391,77,30,188,63,33,113,196,82,"Salem","OR"
"4332",41420,"Salem, OR",416980,173421,176302,1235,0,112,410,6.5,91,2,4,38,28,19,25,37,29,"Salem","OR"
"4333",41420,"Salem, OR",416980,173421,176302,1084,26,20,282,2.833333333,651,20,1,601,29,0,127,301,223,"Salem","OR"
"4334",41420,"Salem, OR",416980,173421,176302,2590,10,267,558,5.333333333,653,14,17,328,285,9,116,233,304,"Salem","OR"
"4335",41420,"Salem, OR",416980,173421,176302,1199,0,104,238,4.166666667,271,0,7,190,17,57,64,89,118,"Salem","OR"
"4336",41420,"Salem, OR",416980,173421,176302,1284,3,139,439,6,174,32,14,40,29,59,58,65,51,"Salem","OR"
"4337",41420,"Salem, OR",416980,173421,176302,642,20,87,199,4.5,64,0,15,27,9,13,12,24,28,"Salem","OR"
"4338",41420,"Salem, OR",416980,173421,176302,623,0,84,136,4,64,0,0,44,20,0,16,27,21,"Salem","OR"
"4339",41420,"Salem, OR",416980,173421,176302,1340,35,179,245,17.33333333,2183,32,1224,0,820,107,155,526,1502,"Salem","OR"
"4340",41420,"Salem, OR",416980,173421,176302,432,10,169,81,15.83333333,77,3,19,23,11,21,16,43,18,"Salem","OR"
"4341",41420,"Salem, OR",416980,173421,176302,789,34,231,88,15.83333333,716,2,356,10,341,7,75,148,493,"Salem","OR"
"4342",41420,"Salem, OR",416980,173421,176302,1244,81,93,196,15.5,2802,200,314,1502,589,197,442,832,1528,"Salem","OR"
"4343",41420,"Salem, OR",416980,173421,176302,2373,0,209,530,11.16666667,187,0,0,3,184,0,38,61,88,"Salem","OR"
"4344",41420,"Salem, OR",416980,173421,176302,1469,67,158,377,7,63,1,1,7,54,0,35,23,5,"Salem","OR"
"4345",41420,"Salem, OR",416980,173421,176302,1457,0,230,339,11.83333333,92,0,3,82,7,0,73,18,1,"Salem","OR"
"4346",41420,"Salem, OR",416980,173421,176302,1827,17,176,323,16,153,37,5,13,47,51,59,70,24,"Salem","OR"
"4347",41420,"Salem, OR",416980,173421,176302,1133,53,81,229,11.5,38,0,0,2,36,0,11,26,1,"Salem","OR"
"4348",41420,"Salem, OR",416980,173421,176302,1453,0,27,341,13.33333333,28,0,0,12,16,0,13,10,5,"Salem","OR"
"4349",41420,"Salem, OR",416980,173421,176302,2668,12,173,522,14.33333333,729,401,0,55,138,135,259,283,187,"Salem","OR"
"4350",41420,"Salem, OR",416980,173421,176302,1275,0,51,398,10.33333333,362,30,1,235,50,46,82,127,153,"Salem","OR"
"4351",41420,"Salem, OR",416980,173421,176302,916,42,245,96,18.33333333,8163,1099,3191,632,2323,918,2082,2274,3807,"Salem","OR"
"4352",41420,"Salem, OR",416980,173421,176302,991,0,170,183,16.66666667,193,6,14,10,143,20,80,72,41,"Salem","OR"
"4353",41420,"Salem, OR",416980,173421,176302,1599,0,269,325,14,3713,297,692,1331,1315,78,701,1348,1664,"Salem","OR"
"4354",41420,"Salem, OR",416980,173421,176302,2959,211,253,404,16,1771,901,94,88,391,297,536,883,352,"Salem","OR"
"4355",41420,"Salem, OR",416980,173421,176302,1484,53,313,162,16.5,1749,207,340,30,926,246,384,564,801,"Salem","OR"
"4356",41420,"Salem, OR",416980,173421,176302,1905,37,144,539,14.83333333,122,0,1,54,63,4,45,60,17,"Salem","OR"
"4357",41420,"Salem, OR",416980,173421,176302,1809,20,229,477,14.66666667,179,17,2,5,120,35,40,82,57,"Salem","OR"
"4358",41420,"Salem, OR",416980,173421,176302,2024,149,285,288,17,741,161,21,25,431,103,207,349,185,"Salem","OR"
"4359",41420,"Salem, OR",416980,173421,176302,1913,0,101,519,12.16666667,137,0,1,54,82,0,22,49,66,"Salem","OR"
"4360",41420,"Salem, OR",416980,173421,176302,2122,45,346,495,15.33333333,524,29,39,3,221,232,200,212,112,"Salem","OR"
"4361",41420,"Salem, OR",416980,173421,176302,1679,16,260,466,15.5,1424,37,98,39,1166,84,335,568,521,"Salem","OR"
"4362",41420,"Salem, OR",416980,173421,176302,1237,93,342,163,17.16666667,1203,30,80,622,403,68,242,639,322,"Salem","OR"
"4363",41420,"Salem, OR",416980,173421,176302,1342,85,264,250,16.5,386,11,38,13,315,9,92,161,133,"Salem","OR"
"4364",41420,"Salem, OR",416980,173421,176302,2102,66,398,458,16.66666667,648,209,59,65,275,40,92,274,282,"Salem","OR"
"4365",41420,"Salem, OR",416980,173421,176302,1169,110,442,164,17.83333333,885,180,65,95,420,125,279,395,211,"Salem","OR"
"4366",41420,"Salem, OR",416980,173421,176302,1785,20,264,384,15.5,321,23,47,3,225,23,82,116,123,"Salem","OR"
"4367",41420,"Salem, OR",416980,173421,176302,1890,0,467,389,13.33333333,119,23,1,11,76,8,48,46,25,"Salem","OR"
"4368",41420,"Salem, OR",416980,173421,176302,1885,72,298,362,15.83333333,727,254,38,56,369,10,188,343,196,"Salem","OR"
"4369",41420,"Salem, OR",416980,173421,176302,1552,13,131,353,14.66666667,1095,602,4,23,144,322,486,462,147,"Salem","OR"
"4370",41420,"Salem, OR",416980,173421,176302,2077,0,139,523,13,211,78,2,2,129,0,100,48,63,"Salem","OR"
"4371",41420,"Salem, OR",416980,173421,176302,1523,62,310,274,14.33333333,356,60,7,43,201,45,142,149,65,"Salem","OR"
"4372",41420,"Salem, OR",416980,173421,176302,2148,16,362,469,15.5,756,233,171,10,85,257,236,328,192,"Salem","OR"
"4373",41420,"Salem, OR",416980,173421,176302,2067,0,161,412,10.66666667,209,0,2,139,68,0,36,74,99,"Salem","OR"
"4374",41420,"Salem, OR",416980,173421,176302,2782,261,376,323,16.33333333,2805,1028,154,30,384,1209,1207,1265,333,"Salem","OR"
"4375",41420,"Salem, OR",416980,173421,176302,1947,136,251,361,17.16666667,768,106,64,54,392,152,229,317,222,"Salem","OR"
"4376",41420,"Salem, OR",416980,173421,176302,2011,16,83,401,13,53,0,0,26,27,0,19,29,5,"Salem","OR"
"4377",41420,"Salem, OR",416980,173421,176302,1557,58,204,314,13.5,108,0,0,26,82,0,41,56,11,"Salem","OR"
"4378",41420,"Salem, OR",416980,173421,176302,2666,93,273,398,18.16666667,1457,213,57,206,798,183,439,665,353,"Salem","OR"
"4379",41420,"Salem, OR",416980,173421,176302,1404,20,300,204,13,174,0,7,17,145,5,58,84,32,"Salem","OR"
"4380",41420,"Salem, OR",416980,173421,176302,2135,110,190,426,18,845,169,155,81,220,220,246,360,239,"Salem","OR"
"4381",41420,"Salem, OR",416980,173421,176302,1237,29,200,260,13,252,18,0,3,174,57,80,87,85,"Salem","OR"
"4382",41420,"Salem, OR",416980,173421,176302,1486,11,101,337,15.5,1190,149,158,438,263,182,263,476,451,"Salem","OR"
"4383",41420,"Salem, OR",416980,173421,176302,2607,24,239,736,14.33333333,183,0,6,76,101,0,67,96,20,"Salem","OR"
"4384",41420,"Salem, OR",416980,173421,176302,972,13,30,301,13.16666667,26,0,8,4,14,0,11,10,5,"Salem","OR"
"4385",41420,"Salem, OR",416980,173421,176302,2294,30,283,329,15.33333333,825,195,12,18,428,172,328,379,118,"Salem","OR"
"4386",41420,"Salem, OR",416980,173421,176302,2115,21,152,498,13.33333333,329,22,17,17,273,0,105,168,56,"Salem","OR"
"4387",41420,"Salem, OR",416980,173421,176302,1123,0,47,335,7.333333333,196,5,51,14,126,0,43,58,95,"Salem","OR"
"4388",41420,"Salem, OR",416980,173421,176302,1741,107,150,367,13.33333333,569,137,3,38,391,0,93,219,257,"Salem","OR"
"4389",41420,"Salem, OR",416980,173421,176302,1516,21,448,276,14.83333333,1256,124,54,36,876,166,295,401,560,"Salem","OR"
"4390",41420,"Salem, OR",416980,173421,176302,1300,74,217,306,16.33333333,358,184,15,117,38,4,67,137,154,"Salem","OR"
"4391",41420,"Salem, OR",416980,173421,176302,1848,58,354,316,16,148,15,7,17,98,11,55,64,29,"Salem","OR"
"4392",41420,"Salem, OR",416980,173421,176302,2763,102,338,585,17.83333333,1478,257,58,120,631,412,523,625,330,"Salem","OR"
"4393",41420,"Salem, OR",416980,173421,176302,1406,92,283,220,18,996,151,79,277,459,30,166,339,491,"Salem","OR"
"4394",41420,"Salem, OR",416980,173421,176302,1349,9,64,414,3.5,972,2,4,786,117,63,179,551,242,"Salem","OR"
"4395",41420,"Salem, OR",416980,173421,176302,2144,12,19,612,3.666666667,192,0,2,117,72,1,47,119,26,"Salem","OR"
"4396",41420,"Salem, OR",416980,173421,176302,2140,0,200,722,5.5,777,11,38,535,172,21,171,244,362,"Salem","OR"
"4397",41420,"Salem, OR",416980,173421,176302,3803,19,380,825,7.5,1380,91,17,948,316,8,303,561,516,"Salem","OR"
"4398",41420,"Salem, OR",416980,173421,176302,438,0,26,163,4.333333333,83,0,0,60,23,0,25,33,25,"Salem","OR"
"4399",41420,"Salem, OR",416980,173421,176302,1471,21,45,382,4.5,653,40,22,512,79,0,97,296,260,"Salem","OR"
"4400",41420,"Salem, OR",416980,173421,176302,4012,233,496,777,12.66666667,551,13,45,37,387,69,178,249,124,"Salem","OR"
"4401",41420,"Salem, OR",416980,173421,176302,3319,31,140,77,10.5,1184,3,1051,35,95,0,41,101,1042,"Salem","OR"
"4402",41420,"Salem, OR",416980,173421,176302,1283,16,81,381,15.83333333,276,5,10,26,180,55,118,95,63,"Salem","OR"
"4403",41420,"Salem, OR",416980,173421,176302,2510,0,272,697,7.333333333,744,5,219,127,317,76,120,194,430,"Salem","OR"
"4404",41420,"Salem, OR",416980,173421,176302,875,9,71,244,17.83333333,749,180,62,1,357,149,211,271,267,"Salem","OR"
"4405",41420,"Salem, OR",416980,173421,176302,1057,25,76,297,13.83333333,356,6,34,174,114,28,98,181,77,"Salem","OR"
"4406",41420,"Salem, OR",416980,173421,176302,1437,27,181,343,11.66666667,583,7,165,276,124,11,120,227,236,"Salem","OR"
"4407",41420,"Salem, OR",416980,173421,176302,848,8,48,208,6.166666667,528,18,23,300,173,14,143,174,211,"Salem","OR"
"4408",41420,"Salem, OR",416980,173421,176302,1760,0,75,548,4.166666667,104,8,9,63,20,4,39,44,21,"Salem","OR"
"4409",41420,"Salem, OR",416980,173421,176302,2051,0,121,439,5.833333333,497,0,13,331,153,0,70,117,310,"Salem","OR"
"4410",41420,"Salem, OR",416980,173421,176302,2321,26,73,501,12.5,67,0,4,30,33,0,20,39,8,"Salem","OR"
"4411",41420,"Salem, OR",416980,173421,176302,2640,8,277,683,9.333333333,163,0,6,67,90,0,58,51,54,"Salem","OR"
"4412",41420,"Salem, OR",416980,173421,176302,2899,121,369,683,12.83333333,632,142,106,40,324,20,171,284,177,"Salem","OR"
"4413",41420,"Salem, OR",416980,173421,176302,699,0,96,174,12.83333333,122,0,0,4,93,25,35,57,30,"Salem","OR"
"4414",41420,"Salem, OR",416980,173421,176302,1001,41,47,264,5,411,0,40,251,114,6,57,183,171,"Salem","OR"
"4415",41420,"Salem, OR",416980,173421,176302,1076,47,245,110,16.16666667,164,24,10,28,102,0,50,61,53,"Salem","OR"
"4416",41420,"Salem, OR",416980,173421,176302,654,67,153,48,17.16666667,180,25,14,5,115,21,32,78,70,"Salem","OR"
"4417",41420,"Salem, OR",416980,173421,176302,2624,85,279,454,14,221,20,0,13,188,0,89,94,38,"Salem","OR"
"4418",41420,"Salem, OR",416980,173421,176302,1448,8,159,282,12,23,0,0,6,17,0,7,11,5,"Salem","OR"
"4419",41420,"Salem, OR",416980,173421,176302,1407,41,172,327,11.33333333,74,0,0,10,64,0,34,21,19,"Salem","OR"
"4420",41420,"Salem, OR",416980,173421,176302,2153,18,85,694,5.166666667,220,0,38,101,78,3,41,81,98,"Salem","OR"
"4421",41420,"Salem, OR",416980,173421,176302,2450,0,8,85,12.5,3193,340,1117,774,928,34,608,964,1621,"Salem","OR"
"4422",41420,"Salem, OR",416980,173421,176302,1585,19,122,375,4.5,163,12,0,107,44,0,30,80,53,"Salem","OR"
"4423",41420,"Salem, OR",416980,173421,176302,1714,17,184,365,5.833333333,899,3,35,577,187,97,231,264,404,"Salem","OR"
"4424",41420,"Salem, OR",416980,173421,176302,1929,0,402,480,7.5,412,20,38,32,247,75,118,157,137,"Salem","OR"
"4425",41420,"Salem, OR",416980,173421,176302,547,0,53,153,16.66666667,112,0,7,6,84,15,24,69,19,"Salem","OR"
"4426",41420,"Salem, OR",416980,173421,176302,1635,0,18,476,5.5,353,15,26,177,127,8,99,137,117,"Salem","OR"
"4427",41420,"Salem, OR",416980,173421,176302,2928,32,243,709,5.166666667,439,29,7,249,149,5,88,208,143,"Salem","OR"
"4428",41420,"Salem, OR",416980,173421,176302,1431,0,61,490,3.666666667,343,2,9,306,26,0,46,207,90,"Salem","OR"
"4429",41420,"Salem, OR",416980,173421,176302,622,0,21,186,2.166666667,831,8,13,795,3,12,147,370,314,"Salem","OR"
"4430",41420,"Salem, OR",416980,173421,176302,3140,0,263,875,6.166666667,398,16,65,173,140,4,92,159,147,"Salem","OR"
"4431",41420,"Salem, OR",416980,173421,176302,893,66,84,112,14.83333333,568,0,16,42,507,3,236,205,127,"Salem","OR"
"4432",41420,"Salem, OR",416980,173421,176302,1237,6,191,235,13.5,2110,321,89,1081,378,241,434,931,745,"Salem","OR"
"4433",41420,"Salem, OR",416980,173421,176302,1899,10,107,333,8.333333333,1011,329,435,120,90,37,148,327,536,"Salem","OR"
"4434",41420,"Salem, OR",416980,173421,176302,977,72,71,225,13.33333333,423,14,37,158,166,48,110,215,98,"Salem","OR"
"4435",41420,"Salem, OR",416980,173421,176302,1045,27,58,204,9.666666667,247,1,0,31,211,4,23,90,134,"Salem","OR"
"4436",41420,"Salem, OR",416980,173421,176302,1465,32,140,385,4.5,221,0,6,74,141,0,63,40,118,"Salem","OR"
"4437",41420,"Salem, OR",416980,173421,176302,3013,107,407,696,16.66666667,521,101,81,25,248,66,163,202,156,"Salem","OR"
"4438",41420,"Salem, OR",416980,173421,176302,2887,36,349,810,12.16666667,441,6,31,273,127,4,116,231,94,"Salem","OR"
"4439",41420,"Salem, OR",416980,173421,176302,2959,0,482,819,14.66666667,942,29,130,304,442,37,124,268,550,"Salem","OR"
"4440",41420,"Salem, OR",416980,173421,176302,2722,31,345,566,7.333333333,163,2,22,51,80,8,32,66,65,"Salem","OR"
"4441",41420,"Salem, OR",416980,173421,176302,949,16,144,191,16.5,225,5,99,40,44,37,50,81,94,"Salem","OR"
"4442",41420,"Salem, OR",416980,173421,176302,816,27,57,210,13.5,1350,247,20,92,905,86,237,554,559,"Salem","OR"
"4443",41420,"Salem, OR",416980,173421,176302,909,0,107,265,4.166666667,44,0,2,28,14,0,15,23,6,"Salem","OR"
"4444",41420,"Salem, OR",416980,173421,176302,2467,17,324,601,13.83333333,313,0,7,12,294,0,63,130,120,"Salem","OR"
"4445",41420,"Salem, OR",416980,173421,176302,843,18,47,243,8.833333333,131,0,5,10,116,0,31,70,30,"Salem","OR"
"4446",41420,"Salem, OR",416980,173421,176302,1405,66,99,201,19,516,21,104,56,233,102,137,254,125,"Salem","OR"
"4447",41420,"Salem, OR",416980,173421,176302,4302,213,401,718,12.66666667,828,418,19,48,250,93,208,463,157,"Salem","OR"
"4448",41420,"Salem, OR",416980,173421,176302,1049,15,197,222,10.33333333,27,0,10,0,17,0,8,16,3,"Salem","OR"
"4449",41420,"Salem, OR",416980,173421,176302,1333,7,217,237,13.16666667,1930,1154,63,521,9,183,909,680,341,"Salem","OR"
"4450",41420,"Salem, OR",416980,173421,176302,1624,0,196,404,4.166666667,127,0,5,88,34,0,31,51,45,"Salem","OR"
"4451",41420,"Salem, OR",416980,173421,176302,2231,40,155,586,13.16666667,134,0,8,34,92,0,28,69,37,"Salem","OR"
"4452",41420,"Salem, OR",416980,173421,176302,733,0,46,195,6.666666667,528,42,16,414,51,5,122,260,146,"Salem","OR"
"4453",41420,"Salem, OR",416980,173421,176302,1429,59,66,233,14.33333333,251,32,7,5,207,0,78,111,62,"Salem","OR"
"4454",41420,"Salem, OR",416980,173421,176302,2810,12,161,468,10.83333333,438,1,25,166,240,6,115,189,134,"Salem","OR"
"4455",41420,"Salem, OR",416980,173421,176302,990,0,92,234,14.5,125,9,45,12,20,39,59,46,20,"Salem","OR"
"4456",41420,"Salem, OR",416980,173421,176302,2967,14,164,546,6.666666667,180,22,4,95,56,3,73,73,34,"Salem","OR"
"4457",41420,"Salem, OR",416980,173421,176302,1107,0,182,156,17.16666667,159,8,36,13,51,51,40,72,47,"Salem","OR"
"4458",41420,"Salem, OR",416980,173421,176302,1244,0,101,265,13.83333333,335,1,52,168,69,45,76,121,138,"Salem","OR"
"4459",41420,"Salem, OR",416980,173421,176302,1660,0,279,321,9.666666667,175,1,1,37,136,0,50,83,42,"Salem","OR"
"4460",41420,"Salem, OR",416980,173421,176302,1099,17,123,253,15.83333333,906,53,54,42,719,38,149,444,313,"Salem","OR"
"4461",41420,"Salem, OR",416980,173421,176302,1105,0,89,347,5,460,100,6,312,42,0,54,227,179,"Salem","OR"
"4462",41420,"Salem, OR",416980,173421,176302,875,29,81,154,13.16666667,220,7,0,167,46,0,42,74,104,"Salem","OR"
"4463",41420,"Salem, OR",416980,173421,176302,1142,27,185,254,9.833333333,242,28,11,165,38,0,26,92,124,"Salem","OR"
"4464",41420,"Salem, OR",416980,173421,176302,2213,32,205,551,13.83333333,67,1,2,6,58,0,24,30,13,"Salem","OR"
"4465",41420,"Salem, OR",416980,173421,176302,2514,70,359,468,8,1557,291,49,942,192,83,302,689,566,"Salem","OR"
"4466",41420,"Salem, OR",416980,173421,176302,2017,55,140,495,17.33333333,1102,95,141,88,671,107,290,387,425,"Salem","OR"
"4467",41420,"Salem, OR",416980,173421,176302,1686,94,323,346,14.66666667,845,45,28,16,594,162,173,339,333,"Salem","OR"
"4468",41420,"Salem, OR",416980,173421,176302,1998,48,268,280,14.66666667,2060,490,731,307,502,30,234,596,1230,"Salem","OR"
"4469",41420,"Salem, OR",416980,173421,176302,2054,0,24,528,10.5,44,0,0,6,38,0,12,21,11,"Salem","OR"
"4470",41420,"Salem, OR",416980,173421,176302,624,0,180,144,12.83333333,98,3,1,72,22,0,21,42,35,"Salem","OR"
"4471",41420,"Salem, OR",416980,173421,176302,2519,117,409,496,12,79,0,19,42,18,0,31,31,17,"Salem","OR"
"4472",41420,"Salem, OR",416980,173421,176302,1434,16,222,357,10,149,20,17,11,50,51,49,62,38,"Salem","OR"
"4473",41420,"Salem, OR",416980,173421,176302,3441,79,517,755,12.33333333,205,2,46,10,142,5,70,110,25,"Salem","OR"
"4474",41420,"Salem, OR",416980,173421,176302,3909,32,287,1046,12.33333333,239,0,11,38,189,1,89,84,66,"Salem","OR"
"4475",41420,"Salem, OR",416980,173421,176302,2506,0,465,644,13.66666667,600,12,42,39,331,176,188,238,174,"Salem","OR"
"4476",41420,"Salem, OR",416980,173421,176302,2189,87,452,331,15.33333333,409,102,16,14,161,116,137,207,65,"Salem","OR"
"4477",41420,"Salem, OR",416980,173421,176302,2184,64,288,515,15.16666667,92,0,28,8,56,0,17,39,36,"Salem","OR"
"4478",41420,"Salem, OR",416980,173421,176302,1697,0,69,381,12.16666667,568,19,3,353,161,32,145,236,187,"Salem","OR"
"4479",41420,"Salem, OR",416980,173421,176302,2102,41,70,379,14.66666667,141,34,2,71,8,26,54,78,9,"Salem","OR"
"4480",41420,"Salem, OR",416980,173421,176302,1058,78,186,135,13,3418,135,571,1852,804,56,549,1527,1342,"Salem","OR"
"4481",41420,"Salem, OR",416980,173421,176302,1482,36,313,265,15.16666667,433,24,21,38,226,124,132,206,95,"Salem","OR"
"4482",41420,"Salem, OR",416980,173421,176302,1446,0,170,357,9.833333333,124,10,0,79,35,0,23,35,66,"Salem","OR"
"4483",41420,"Salem, OR",416980,173421,176302,1066,26,172,184,12.66666667,136,3,0,9,109,15,42,50,44,"Salem","OR"
"4484",41420,"Salem, OR",416980,173421,176302,956,34,37,216,15.5,217,22,3,15,92,85,83,103,31,"Salem","OR"
"4485",41420,"Salem, OR",416980,173421,176302,2638,0,391,548,12,199,2,10,46,141,0,34,81,84,"Salem","OR"
"4486",41420,"Salem, OR",416980,173421,176302,1514,175,317,258,15,1142,284,37,1,675,145,431,561,150,"Salem","OR"
"4487",41420,"Salem, OR",416980,173421,176302,2810,97,395,418,15.66666667,389,78,45,23,186,57,113,187,89,"Salem","OR"
"4488",41420,"Salem, OR",416980,173421,176302,1824,71,463,207,14.33333333,259,53,4,33,155,14,56,167,36,"Salem","OR"
"4489",41420,"Salem, OR",416980,173421,176302,2839,248,354,599,11.33333333,999,249,144,60,336,210,302,476,221,"Salem","OR"
"4490",41420,"Salem, OR",416980,173421,176302,1049,27,122,264,14.66666667,99,13,12,26,48,0,25,53,21,"Salem","OR"
"4491",17900,"Columbia, SC",816664,386734,344408,713,18,246,101,12.66666667,162,64,0,14,84,0,59,51,52,"Columbia","SC"
"4492",17900,"Columbia, SC",816664,386734,344408,431,45,78,85,11.83333333,13,1,0,0,12,0,8,5,0,"Columbia","SC"
"4493",17900,"Columbia, SC",816664,386734,344408,725,0,123,138,11.5,80,0,41,0,39,0,14,54,12,"Columbia","SC"
"4494",17900,"Columbia, SC",816664,386734,344408,1074,123,235,175,7.833333333,13,3,0,10,0,0,0,9,4,"Columbia","SC"
"4495",17900,"Columbia, SC",816664,386734,344408,792,0,179,204,9.833333333,3,0,0,2,1,0,1,2,0,"Columbia","SC"
"4496",17900,"Columbia, SC",816664,386734,344408,982,27,170,176,13.5,1249,446,191,81,124,407,505,566,178,"Columbia","SC"
"4497",17900,"Columbia, SC",816664,386734,344408,615,13,72,189,5.833333333,14,0,1,1,12,0,7,1,6,"Columbia","SC"
"4498",17900,"Columbia, SC",816664,386734,344408,2008,76,526,242,13.66666667,237,29,25,0,50,133,124,86,27,"Columbia","SC"
"4499",17900,"Columbia, SC",816664,386734,344408,1135,50,162,232,11.83333333,368,2,0,152,192,22,82,170,116,"Columbia","SC"
"4500",17900,"Columbia, SC",816664,386734,344408,1344,6,107,312,9.666666667,12,0,0,0,12,0,5,6,1,"Columbia","SC"
"4501",17900,"Columbia, SC",816664,386734,344408,1390,0,209,399,15,1758,470,170,309,786,23,599,552,607,"Columbia","SC"
"4502",17900,"Columbia, SC",816664,386734,344408,369,0,20,129,8.5,665,37,69,112,26,421,291,220,154,"Columbia","SC"
"4503",17900,"Columbia, SC",816664,386734,344408,2048,61,236,490,6.333333333,116,5,30,64,8,9,28,53,35,"Columbia","SC"
"4504",17900,"Columbia, SC",816664,386734,344408,2442,0,265,455,6,27,16,1,1,9,0,14,9,4,"Columbia","SC"
"4505",17900,"Columbia, SC",816664,386734,344408,879,0,226,171,5.5,149,0,1,5,138,5,37,57,55,"Columbia","SC"
"4506",17900,"Columbia, SC",816664,386734,344408,1792,17,130,316,7.333333333,5,5,0,0,0,0,2,3,0,"Columbia","SC"
"4507",17900,"Columbia, SC",816664,386734,344408,2932,36,454,610,8.833333333,10,1,0,0,9,0,2,2,6,"Columbia","SC"
"4508",17900,"Columbia, SC",816664,386734,344408,697,17,26,144,7.833333333,597,20,17,543,17,0,74,210,313,"Columbia","SC"
"4509",17900,"Columbia, SC",816664,386734,344408,593,0,82,233,2.833333333,25,16,0,0,9,0,13,10,2,"Columbia","SC"
"4510",17900,"Columbia, SC",816664,386734,344408,648,9,64,168,4.333333333,332,5,23,281,23,0,82,190,60,"Columbia","SC"
"4511",17900,"Columbia, SC",816664,386734,344408,679,7,77,196,2,6,3,0,3,0,0,1,3,2,"Columbia","SC"
"4512",17900,"Columbia, SC",816664,386734,344408,1384,0,200,404,3.666666667,42,2,0,16,12,12,16,19,7,"Columbia","SC"
"4513",17900,"Columbia, SC",816664,386734,344408,1811,55,208,294,3,30,0,1,12,7,10,3,19,8,"Columbia","SC"
"4514",17900,"Columbia, SC",816664,386734,344408,288,108,56,37,14.66666667,107,21,4,17,47,18,33,67,7,"Columbia","SC"
"4515",17900,"Columbia, SC",816664,386734,344408,154,23,58,12,17.5,1905,335,55,330,121,1064,970,606,329,"Columbia","SC"
"4516",17900,"Columbia, SC",816664,386734,344408,1688,0,241,540,14.66666667,2918,447,72,572,1515,312,1143,1157,618,"Columbia","SC"
"4517",17900,"Columbia, SC",816664,386734,344408,1997,182,316,443,9.166666667,1601,193,484,427,388,109,496,544,561,"Columbia","SC"
"4518",17900,"Columbia, SC",816664,386734,344408,1539,28,276,392,14.33333333,3040,128,1717,70,682,443,647,1127,1266,"Columbia","SC"
"4519",17900,"Columbia, SC",816664,386734,344408,598,0,77,200,6.833333333,300,5,0,73,164,58,116,135,49,"Columbia","SC"
"4520",17900,"Columbia, SC",816664,386734,344408,1667,82,595,211,13.66666667,158,93,23,0,40,2,72,59,27,"Columbia","SC"
"4521",17900,"Columbia, SC",816664,386734,344408,4900,38,986,1148,8.333333333,606,69,191,63,111,172,195,184,227,"Columbia","SC"
"4522",17900,"Columbia, SC",816664,386734,344408,2777,0,369,602,7.833333333,1205,443,44,3,151,564,612,440,153,"Columbia","SC"
"4523",17900,"Columbia, SC",816664,386734,344408,6628,105,369,1671,7.833333333,502,101,32,23,260,86,211,212,79,"Columbia","SC"
"4524",17900,"Columbia, SC",816664,386734,344408,3980,0,176,1019,6.666666667,263,0,9,28,168,58,73,74,116,"Columbia","SC"
"4525",17900,"Columbia, SC",816664,386734,344408,1665,23,175,368,5.333333333,565,92,0,450,23,0,28,161,376,"Columbia","SC"
"4526",17900,"Columbia, SC",816664,386734,344408,1814,0,70,614,4.833333333,163,0,4,66,58,35,46,52,65,"Columbia","SC"
"4527",17900,"Columbia, SC",816664,386734,344408,897,61,116,107,9,38,6,0,13,19,0,8,18,12,"Columbia","SC"
"4528",17900,"Columbia, SC",816664,386734,344408,715,9,64,214,5.5,100,7,48,35,10,0,17,22,61,"Columbia","SC"
"4529",17900,"Columbia, SC",816664,386734,344408,1680,49,356,228,9.666666667,9,4,0,4,1,0,6,3,0,"Columbia","SC"
"4530",17900,"Columbia, SC",816664,386734,344408,2058,8,181,560,4.5,111,0,1,24,86,0,63,30,18,"Columbia","SC"
"4531",17900,"Columbia, SC",816664,386734,344408,3251,27,367,783,3.166666667,118,13,0,3,102,0,36,47,35,"Columbia","SC"
"4532",17900,"Columbia, SC",816664,386734,344408,199,59,22,7,13.83333333,2,0,0,0,2,0,2,0,0,"Columbia","SC"
"4533",17900,"Columbia, SC",816664,386734,344408,829,14,125,122,6,621,0,0,0,532,89,161,251,209,"Columbia","SC"
"4534",17900,"Columbia, SC",816664,386734,344408,1721,57,339,186,3,49,0,0,4,45,0,9,21,19,"Columbia","SC"
"4535",17900,"Columbia, SC",816664,386734,344408,2024,44,301,364,10,75,17,3,0,52,3,17,15,43,"Columbia","SC"
"4536",17900,"Columbia, SC",816664,386734,344408,3094,27,273,823,3.333333333,51,1,5,31,14,0,8,30,13,"Columbia","SC"
"4537",17900,"Columbia, SC",816664,386734,344408,5128,0,404,1306,8.5,1935,355,77,323,806,374,577,747,611,"Columbia","SC"
"4538",17900,"Columbia, SC",816664,386734,344408,596,0,121,213,3.666666667,76,3,0,48,25,0,14,35,27,"Columbia","SC"
"4539",17900,"Columbia, SC",816664,386734,344408,1596,232,441,136,13.66666667,667,145,1,204,244,73,146,262,259,"Columbia","SC"
"4540",17900,"Columbia, SC",816664,386734,344408,1250,65,74,329,2.166666667,69,0,1,6,62,0,10,30,29,"Columbia","SC"
"4541",17900,"Columbia, SC",816664,386734,344408,881,0,81,276,5.166666667,35,0,7,0,28,0,8,8,19,"Columbia","SC"
"4542",17900,"Columbia, SC",816664,386734,344408,1592,0,69,509,4.666666667,245,0,2,86,157,0,116,73,56,"Columbia","SC"
"4543",17900,"Columbia, SC",816664,386734,344408,1434,0,218,429,2.833333333,33,0,0,15,15,3,8,4,21,"Columbia","SC"
"4544",17900,"Columbia, SC",816664,386734,344408,1893,21,117,533,5.5,87,22,18,15,32,0,20,39,28,"Columbia","SC"
"4545",17900,"Columbia, SC",816664,386734,344408,1746,10,181,457,5.5,12,1,1,4,6,0,4,6,2,"Columbia","SC"
"4546",17900,"Columbia, SC",816664,386734,344408,610,0,161,181,4.833333333,183,0,0,8,72,103,18,73,92,"Columbia","SC"
"4547",17900,"Columbia, SC",816664,386734,344408,882,6,179,267,9.5,27,0,0,1,26,0,10,8,9,"Columbia","SC"
"4548",17900,"Columbia, SC",816664,386734,344408,1503,35,168,298,7.166666667,11,0,0,8,3,0,5,6,0,"Columbia","SC"
"4549",17900,"Columbia, SC",816664,386734,344408,3028,123,730,491,10,10152,321,8709,109,385,628,833,4722,4597,"Columbia","SC"
"4550",17900,"Columbia, SC",816664,386734,344408,2928,0,290,858,8.666666667,1440,230,190,474,151,395,508,558,374,"Columbia","SC"
"4551",17900,"Columbia, SC",816664,386734,344408,2833,130,271,766,5.5,361,180,3,134,22,22,98,146,117,"Columbia","SC"
"4552",17900,"Columbia, SC",816664,386734,344408,1160,0,117,371,13.33333333,2600,1318,194,101,295,692,1441,805,354,"Columbia","SC"
"4553",17900,"Columbia, SC",816664,386734,344408,1117,22,57,407,5.5,105,39,0,12,31,23,32,38,35,"Columbia","SC"
"4554",17900,"Columbia, SC",816664,386734,344408,1679,20,138,493,7.666666667,740,95,35,200,380,30,211,255,274,"Columbia","SC"
"4555",17900,"Columbia, SC",816664,386734,344408,1990,10,154,513,3.166666667,143,8,19,101,5,10,24,57,62,"Columbia","SC"
"4556",17900,"Columbia, SC",816664,386734,344408,483,36,133,70,10.66666667,52,0,37,14,1,0,7,23,22,"Columbia","SC"
"4557",17900,"Columbia, SC",816664,386734,344408,1797,59,236,249,2.333333333,27,7,0,20,0,0,3,11,13,"Columbia","SC"
"4558",17900,"Columbia, SC",816664,386734,344408,570,65,151,85,15,482,70,304,0,19,89,113,144,225,"Columbia","SC"
"4559",17900,"Columbia, SC",816664,386734,344408,682,45,48,133,10.33333333,11,0,0,1,10,0,5,5,1,"Columbia","SC"
"4560",17900,"Columbia, SC",816664,386734,344408,1755,76,339,364,16.5,736,85,105,8,357,181,301,268,167,"Columbia","SC"
"4561",17900,"Columbia, SC",816664,386734,344408,1399,31,199,199,9.166666667,33,8,0,0,1,24,26,5,2,"Columbia","SC"
"4562",17900,"Columbia, SC",816664,386734,344408,1676,0,213,338,8.666666667,21,11,0,0,7,3,18,3,0,"Columbia","SC"
"4563",17900,"Columbia, SC",816664,386734,344408,1267,36,195,289,2.833333333,112,2,0,96,2,12,23,45,44,"Columbia","SC"
"4564",17900,"Columbia, SC",816664,386734,344408,1404,22,182,363,3.166666667,23,0,6,9,8,0,12,10,1,"Columbia","SC"
"4565",17900,"Columbia, SC",816664,386734,344408,1185,59,181,170,7.666666667,512,52,209,90,147,14,165,223,124,"Columbia","SC"
"4566",17900,"Columbia, SC",816664,386734,344408,934,58,141,309,3.333333333,68,19,4,41,2,2,23,31,14,"Columbia","SC"
"4567",17900,"Columbia, SC",816664,386734,344408,584,21,109,140,3.166666667,126,1,1,115,9,0,31,61,34,"Columbia","SC"
"4568",17900,"Columbia, SC",816664,386734,344408,2151,134,118,724,3.666666667,2013,14,17,1753,204,25,153,522,1338,"Columbia","SC"
"4569",17900,"Columbia, SC",816664,386734,344408,743,11,73,216,4.333333333,94,0,0,42,38,14,24,40,30,"Columbia","SC"
"4570",17900,"Columbia, SC",816664,386734,344408,2094,29,223,530,3.166666667,31,0,0,16,15,0,7,14,10,"Columbia","SC"
"4571",17900,"Columbia, SC",816664,386734,344408,619,12,60,193,3.666666667,55,0,10,34,11,0,14,23,18,"Columbia","SC"
"4572",17900,"Columbia, SC",816664,386734,344408,1721,134,204,428,7.333333333,588,27,216,91,203,51,185,254,149,"Columbia","SC"
"4573",17900,"Columbia, SC",816664,386734,344408,1217,0,198,359,7,616,61,5,295,240,15,162,280,174,"Columbia","SC"
"4574",17900,"Columbia, SC",816664,386734,344408,794,4,66,130,5.833333333,216,4,12,136,41,23,62,94,60,"Columbia","SC"
"4575",17900,"Columbia, SC",816664,386734,344408,583,66,35,132,9.333333333,318,99,1,7,193,18,141,121,56,"Columbia","SC"
"4576",17900,"Columbia, SC",816664,386734,344408,904,77,367,250,14,339,21,110,8,45,155,129,133,77,"Columbia","SC"
"4577",17900,"Columbia, SC",816664,386734,344408,769,16,214,126,15.5,4116,315,1444,245,964,1148,1193,1282,1641,"Columbia","SC"
"4578",17900,"Columbia, SC",816664,386734,344408,813,11,98,211,15.33333333,2373,39,820,297,1217,0,204,1169,1000,"Columbia","SC"
"4579",17900,"Columbia, SC",816664,386734,344408,969,73,210,212,15,422,29,26,51,242,74,145,149,128,"Columbia","SC"
"4580",17900,"Columbia, SC",816664,386734,344408,772,60,181,120,17.83333333,24612,305,11339,1082,10617,1269,5070,7878,11664,"Columbia","SC"
"4581",17900,"Columbia, SC",816664,386734,344408,1540,42,266,301,13,245,49,57,0,97,42,87,117,41,"Columbia","SC"
"4582",17900,"Columbia, SC",816664,386734,344408,406,33,91,21,17,13446,150,6986,342,5216,752,2461,4684,6301,"Columbia","SC"
"4583",17900,"Columbia, SC",816664,386734,344408,954,174,135,130,15.83333333,58,27,0,0,31,0,35,22,1,"Columbia","SC"
"4584",17900,"Columbia, SC",816664,386734,344408,2079,203,122,36,15.33333333,94,5,0,16,54,19,56,28,10,"Columbia","SC"
"4585",17900,"Columbia, SC",816664,386734,344408,1059,30,176,251,14.33333333,564,89,0,215,193,67,171,180,213,"Columbia","SC"
"4586",17900,"Columbia, SC",816664,386734,344408,851,37,300,126,14.5,1754,54,1457,151,69,23,167,571,1016,"Columbia","SC"
"4587",17900,"Columbia, SC",816664,386734,344408,761,103,228,179,11.5,22,0,16,0,6,0,9,7,6,"Columbia","SC"
"4588",17900,"Columbia, SC",816664,386734,344408,1912,27,244,440,2.5,120,0,0,113,7,0,24,38,58,"Columbia","SC"
"4589",17900,"Columbia, SC",816664,386734,344408,618,0,131,141,9.5,363,338,14,6,5,0,48,164,151,"Columbia","SC"
"4590",17900,"Columbia, SC",816664,386734,344408,886,0,118,215,2,19,16,0,3,0,0,0,16,3,"Columbia","SC"
"4591",17900,"Columbia, SC",816664,386734,344408,5415,11,241,1454,8,1065,378,51,194,225,217,422,365,278,"Columbia","SC"
"4592",17900,"Columbia, SC",816664,386734,344408,8053,26,472,2016,6.5,764,61,49,234,281,139,225,233,306,"Columbia","SC"
"4593",17900,"Columbia, SC",816664,386734,344408,1060,7,59,287,3.666666667,6287,0,406,5302,569,10,975,2200,3112,"Columbia","SC"
"4594",17900,"Columbia, SC",816664,386734,344408,842,21,266,95,14.66666667,250,112,8,15,100,15,91,93,66,"Columbia","SC"
"4595",17900,"Columbia, SC",816664,386734,344408,2952,81,258,792,3.333333333,133,37,83,12,1,0,46,31,56,"Columbia","SC"
"4596",17900,"Columbia, SC",816664,386734,344408,3389,97,337,887,9,1731,102,725,269,418,217,495,724,512,"Columbia","SC"
"4597",17900,"Columbia, SC",816664,386734,344408,2238,48,417,335,4.166666667,539,49,8,453,29,0,84,248,207,"Columbia","SC"
"4598",17900,"Columbia, SC",816664,386734,344408,1508,0,161,387,3.333333333,42,0,3,30,9,0,9,17,16,"Columbia","SC"
"4599",17900,"Columbia, SC",816664,386734,344408,7415,38,565,1924,8.5,2366,650,135,262,630,689,946,797,623,"Columbia","SC"
"4600",17900,"Columbia, SC",816664,386734,344408,3231,112,326,894,8.833333333,1169,149,214,21,453,332,357,492,320,"Columbia","SC"
"4601",17900,"Columbia, SC",816664,386734,344408,1849,89,370,387,5.666666667,452,32,5,63,270,82,155,159,138,"Columbia","SC"
"4602",17900,"Columbia, SC",816664,386734,344408,2936,8,289,794,8.166666667,2884,1715,106,78,420,565,1418,1081,385,"Columbia","SC"
"4603",17900,"Columbia, SC",816664,386734,344408,2811,83,209,267,6.333333333,3475,271,41,2240,911,12,389,959,2127,"Columbia","SC"
"4604",17900,"Columbia, SC",816664,386734,344408,2330,28,215,683,5.5,282,24,16,81,161,0,65,155,62,"Columbia","SC"
"4605",17900,"Columbia, SC",816664,386734,344408,882,36,71,235,5.333333333,393,5,5,126,236,21,66,121,206,"Columbia","SC"
"4606",17900,"Columbia, SC",816664,386734,344408,3019,106,349,562,3.166666667,85,39,0,45,1,0,33,31,21,"Columbia","SC"
"4607",17900,"Columbia, SC",816664,386734,344408,1977,29,252,497,6.666666667,350,128,6,23,135,58,168,129,53,"Columbia","SC"
"4608",17900,"Columbia, SC",816664,386734,344408,1154,27,135,321,5.166666667,233,101,2,85,10,35,99,103,31,"Columbia","SC"
"4609",17900,"Columbia, SC",816664,386734,344408,2758,17,216,708,3,562,0,6,521,23,12,74,286,202,"Columbia","SC"
"4610",17900,"Columbia, SC",816664,386734,344408,2887,32,240,652,2.833333333,145,0,0,134,9,2,20,46,79,"Columbia","SC"
"4611",17900,"Columbia, SC",816664,386734,344408,2131,8,227,502,4.166666667,270,14,62,164,22,8,107,76,87,"Columbia","SC"
"4612",17900,"Columbia, SC",816664,386734,344408,1899,16,178,544,4.666666667,152,117,0,11,1,23,88,51,13,"Columbia","SC"
"4613",17900,"Columbia, SC",816664,386734,344408,2219,30,150,621,2.666666667,31,0,0,16,13,2,9,10,12,"Columbia","SC"
"4614",17900,"Columbia, SC",816664,386734,344408,3395,113,487,760,9,2389,466,491,139,732,561,903,935,551,"Columbia","SC"
"4615",17900,"Columbia, SC",816664,386734,344408,4709,69,527,1081,7.666666667,1133,52,56,111,831,83,252,486,395,"Columbia","SC"
"4616",17900,"Columbia, SC",816664,386734,344408,1554,9,169,443,3,37,9,0,16,12,0,13,19,5,"Columbia","SC"
"4617",17900,"Columbia, SC",816664,386734,344408,7517,80,594,1824,4.166666667,174,9,8,119,38,0,37,66,71,"Columbia","SC"
"4618",17900,"Columbia, SC",816664,386734,344408,1523,31,137,366,3.666666667,30,0,3,6,4,17,20,8,2,"Columbia","SC"
"4619",17900,"Columbia, SC",816664,386734,344408,1138,0,64,315,5.666666667,146,0,4,23,116,3,21,70,55,"Columbia","SC"
"4620",17900,"Columbia, SC",816664,386734,344408,1917,8,127,716,4.333333333,51,6,20,18,7,0,11,21,19,"Columbia","SC"
"4621",17900,"Columbia, SC",816664,386734,344408,5511,25,388,1422,4.166666667,4706,33,85,4272,260,56,315,955,3436,"Columbia","SC"
"4622",17900,"Columbia, SC",816664,386734,344408,1491,15,106,366,4.666666667,117,69,8,10,30,0,71,38,8,"Columbia","SC"
"4623",17900,"Columbia, SC",816664,386734,344408,2439,19,232,818,5.333333333,223,15,11,135,42,20,50,73,100,"Columbia","SC"
"4624",17900,"Columbia, SC",816664,386734,344408,1908,0,181,621,4.833333333,115,7,15,41,35,17,38,51,26,"Columbia","SC"
"4625",17900,"Columbia, SC",816664,386734,344408,3499,19,483,811,3,190,10,1,142,25,12,43,70,77,"Columbia","SC"
"4626",17900,"Columbia, SC",816664,386734,344408,1017,16,133,320,6,388,21,0,58,281,28,72,162,154,"Columbia","SC"
"4627",17900,"Columbia, SC",816664,386734,344408,345,5,55,104,7.5,535,66,7,323,70,69,137,110,288,"Columbia","SC"
"4628",17900,"Columbia, SC",816664,386734,344408,1572,20,148,430,4,101,0,12,35,54,0,30,40,31,"Columbia","SC"
"4629",17900,"Columbia, SC",816664,386734,344408,3671,130,394,891,5.833333333,189,24,7,58,85,15,46,78,65,"Columbia","SC"
"4630",17900,"Columbia, SC",816664,386734,344408,1783,12,132,583,8.666666667,1474,136,85,387,556,310,454,511,509,"Columbia","SC"
"4631",17900,"Columbia, SC",816664,386734,344408,2462,42,324,431,4.333333333,374,30,0,304,39,1,57,127,190,"Columbia","SC"
"4632",17900,"Columbia, SC",816664,386734,344408,0,0,0,0,1,0,0,0,0,0,0,0,0,0,"Columbia","SC"
"4633",17900,"Columbia, SC",816664,386734,344408,0,0,0,0,1,0,0,0,0,0,0,0,0,0,"Columbia","SC"
"4634",17900,"Columbia, SC",816664,386734,344408,0,0,0,0,1,0,0,0,0,0,0,0,0,0,"Columbia","SC"
"4635",17900,"Columbia, SC",816664,386734,344408,0,0,0,0,1,0,0,0,0,0,0,0,0,0,"Columbia","SC"
"4636",17900,"Columbia, SC",816664,386734,344408,0,0,0,0,1,0,0,0,0,0,0,0,0,0,"Columbia","SC"
"4637",17900,"Columbia, SC",816664,386734,344408,0,0,0,0,1,0,0,0,0,0,0,0,0,0,"Columbia","SC"
"4638",17900,"Columbia, SC",816664,386734,344408,0,0,0,0,1,0,0,0,0,0,0,0,0,0,"Columbia","SC"
"4639",17900,"Columbia, SC",816664,386734,344408,0,0,0,0,1,0,0,0,0,0,0,0,0,0,"Columbia","SC"
"4640",17900,"Columbia, SC",816664,386734,344408,1695,29,55,481,4.666666667,93,1,19,46,27,0,29,30,34,"Columbia","SC"
"4641",17900,"Columbia, SC",816664,386734,344408,851,17,71,210,2.5,32,1,0,27,4,0,13,11,8,"Columbia","SC"
"4642",17900,"Columbia, SC",816664,386734,344408,13214,228,863,3470,7.5,524,126,51,39,279,29,211,185,128,"Columbia","SC"
"4643",17900,"Columbia, SC",816664,386734,344408,1162,57,150,303,9.166666667,923,396,88,50,192,197,344,375,204,"Columbia","SC"
"4644",17900,"Columbia, SC",816664,386734,344408,6101,69,566,1156,6.5,53,1,21,9,22,0,14,25,14,"Columbia","SC"
"4645",17900,"Columbia, SC",816664,386734,344408,1625,144,356,239,12.83333333,1125,130,20,3,671,301,432,347,346,"Columbia","SC"
"4646",17900,"Columbia, SC",816664,386734,344408,609,0,100,133,12.16666667,593,184,0,8,124,277,277,245,71,"Columbia","SC"
"4647",17900,"Columbia, SC",816664,386734,344408,3134,0,234,813,5,88,12,5,5,66,0,39,34,15,"Columbia","SC"
"4648",17900,"Columbia, SC",816664,386734,344408,2962,11,302,847,5.833333333,87,0,1,29,25,32,38,26,23,"Columbia","SC"
"4649",17900,"Columbia, SC",816664,386734,344408,2139,19,231,643,4.666666667,97,0,3,58,36,0,21,43,33,"Columbia","SC"
"4650",17900,"Columbia, SC",816664,386734,344408,3876,0,363,871,6.166666667,170,21,11,95,23,20,80,48,42,"Columbia","SC"
"4651",17900,"Columbia, SC",816664,386734,344408,9944,62,937,2356,8,1307,182,598,147,195,185,346,680,281,"Columbia","SC"
"4652",17900,"Columbia, SC",816664,386734,344408,3091,93,332,741,8.666666667,2401,468,164,1065,473,231,506,918,977,"Columbia","SC"
"4653",17900,"Columbia, SC",816664,386734,344408,2921,0,182,808,4.666666667,503,22,12,62,407,0,65,180,258,"Columbia","SC"
"4654",17900,"Columbia, SC",816664,386734,344408,1871,0,433,407,8.166666667,1109,69,66,394,506,74,272,457,380,"Columbia","SC"
"4655",17900,"Columbia, SC",816664,386734,344408,2745,15,251,756,6,359,221,50,22,34,32,155,126,78,"Columbia","SC"
"4656",17900,"Columbia, SC",816664,386734,344408,3945,219,911,745,13.5,2843,713,223,949,281,677,753,964,1126,"Columbia","SC"
"4657",17900,"Columbia, SC",816664,386734,344408,2668,17,215,379,4.333333333,1191,1,0,1059,131,0,188,529,474,"Columbia","SC"
"4658",17900,"Columbia, SC",816664,386734,344408,4401,43,433,1100,3.666666667,2366,13,12,57,2282,2,266,580,1520,"Columbia","SC"
"4659",17900,"Columbia, SC",816664,386734,344408,5792,0,230,1518,5.666666667,225,55,2,103,55,10,61,91,73,"Columbia","SC"
"4660",17900,"Columbia, SC",816664,386734,344408,347,12,101,82,13.33333333,2566,31,243,116,1856,320,572,921,1073,"Columbia","SC"
"4661",17900,"Columbia, SC",816664,386734,344408,2109,16,418,504,7.5,1055,553,87,26,334,55,342,532,181,"Columbia","SC"
"4662",17900,"Columbia, SC",816664,386734,344408,1403,47,398,182,15.5,2072,381,101,773,375,442,630,624,818,"Columbia","SC"
"4663",17900,"Columbia, SC",816664,386734,344408,950,46,161,171,13.16666667,153,9,1,40,103,0,31,63,59,"Columbia","SC"
"4664",17900,"Columbia, SC",816664,386734,344408,1182,44,182,248,12.33333333,707,95,0,431,120,61,141,247,319,"Columbia","SC"
"4665",17900,"Columbia, SC",816664,386734,344408,1869,31,307,351,11.66666667,156,19,13,9,83,32,50,78,28,"Columbia","SC"
"4666",17900,"Columbia, SC",816664,386734,344408,972,58,219,112,15,191,86,17,36,29,23,86,68,37,"Columbia","SC"
"4667",17900,"Columbia, SC",816664,386734,344408,1265,0,124,188,10,11,7,0,0,4,0,7,3,1,"Columbia","SC"
"4668",17900,"Columbia, SC",816664,386734,344408,902,43,112,155,10.66666667,0,0,0,0,0,0,0,0,0,"Columbia","SC"
"4669",17900,"Columbia, SC",816664,386734,344408,799,55,103,98,14,57,0,0,0,57,0,9,17,31,"Columbia","SC"
"4670",17900,"Columbia, SC",816664,386734,344408,684,79,83,163,15.5,413,17,19,35,336,6,106,189,118,"Columbia","SC"
"4671",17900,"Columbia, SC",816664,386734,344408,1138,9,80,352,11,24,0,0,24,0,0,5,5,14,"Columbia","SC"
"4672",17900,"Columbia, SC",816664,386734,344408,349,112,74,43,13.5,237,38,15,13,171,0,44,100,93,"Columbia","SC"
"4673",17900,"Columbia, SC",816664,386734,344408,1465,54,291,324,5.666666667,609,42,23,397,30,117,130,285,194,"Columbia","SC"
"4674",17900,"Columbia, SC",816664,386734,344408,1994,19,357,423,7.666666667,570,149,31,117,65,208,283,187,100,"Columbia","SC"
"4675",17900,"Columbia, SC",816664,386734,344408,1171,0,92,353,2.666666667,54,3,0,45,6,0,7,23,24,"Columbia","SC"
"4676",17900,"Columbia, SC",816664,386734,344408,847,26,93,245,3.333333333,49,6,1,30,12,0,11,24,14,"Columbia","SC"
"4677",17900,"Columbia, SC",816664,386734,344408,2173,0,218,613,3.666666667,37,1,1,12,18,5,11,21,5,"Columbia","SC"
"4678",17900,"Columbia, SC",816664,386734,344408,1388,8,147,444,3.5,26,2,4,9,11,0,5,18,3,"Columbia","SC"
"4679",17900,"Columbia, SC",816664,386734,344408,1136,33,65,385,3.666666667,48,0,2,5,41,0,13,26,9,"Columbia","SC"
"4680",17900,"Columbia, SC",816664,386734,344408,1205,35,194,223,9.333333333,89,6,0,70,13,0,22,27,40,"Columbia","SC"
"4681",17900,"Columbia, SC",816664,386734,344408,2743,17,279,570,3.166666667,49,0,1,8,40,0,19,24,6,"Columbia","SC"
"4682",17900,"Columbia, SC",816664,386734,344408,1467,18,122,363,8.833333333,72,66,0,0,3,3,37,28,7,"Columbia","SC"
"4683",17900,"Columbia, SC",816664,386734,344408,1804,47,166,438,8,645,55,40,420,102,28,106,219,320,"Columbia","SC"
"4684",17900,"Columbia, SC",816664,386734,344408,816,23,205,154,12.83333333,1512,12,102,308,786,304,640,456,416,"Columbia","SC"
"4685",17900,"Columbia, SC",816664,386734,344408,887,34,166,134,14.16666667,169,58,23,37,49,2,32,67,70,"Columbia","SC"
"4686",17900,"Columbia, SC",816664,386734,344408,1034,26,149,262,11,127,0,9,4,114,0,18,55,54,"Columbia","SC"
"4687",17900,"Columbia, SC",816664,386734,344408,1280,45,214,246,11.5,2719,89,2264,5,358,3,166,1636,917,"Columbia","SC"
"4688",17900,"Columbia, SC",816664,386734,344408,1871,163,355,216,12,236,3,11,0,221,1,66,81,89,"Columbia","SC"
"4689",17900,"Columbia, SC",816664,386734,344408,1042,0,166,327,10.83333333,1523,900,34,18,101,470,652,682,189,"Columbia","SC"
"4690",17900,"Columbia, SC",816664,386734,344408,1116,65,201,235,13.5,2318,226,1374,230,407,81,331,1075,912,"Columbia","SC"
"4691",17900,"Columbia, SC",816664,386734,344408,1094,38,230,275,12.5,2854,79,273,22,2286,194,1017,1015,822,"Columbia","SC"
"4692",17900,"Columbia, SC",816664,386734,344408,816,0,88,243,9,13,0,7,0,6,0,2,5,6,"Columbia","SC"
"4693",17900,"Columbia, SC",816664,386734,344408,621,0,109,183,9.166666667,5178,23,2,4,4945,204,811,1520,2847,"Columbia","SC"
"4694",17900,"Columbia, SC",816664,386734,344408,699,13,102,183,14,145,27,5,11,46,56,63,68,14,"Columbia","SC"
"4695",17900,"Columbia, SC",816664,386734,344408,626,18,147,173,11.66666667,58,43,9,6,0,0,21,22,15,"Columbia","SC"
"4696",17900,"Columbia, SC",816664,386734,344408,851,46,300,125,12.5,9,0,9,0,0,0,0,0,9,"Columbia","SC"
"4697",17900,"Columbia, SC",816664,386734,344408,922,109,215,67,14.33333333,256,6,3,51,126,70,75,91,90,"Columbia","SC"
"4698",17900,"Columbia, SC",816664,386734,344408,686,27,99,164,5.166666667,268,37,12,191,25,3,34,91,143,"Columbia","SC"
"4699",17900,"Columbia, SC",816664,386734,344408,1238,20,88,414,2.833333333,120,2,1,102,4,11,29,51,40,"Columbia","SC"
"4700",17900,"Columbia, SC",816664,386734,344408,2011,49,234,359,8,787,62,135,81,496,13,183,395,209,"Columbia","SC"
"4701",17900,"Columbia, SC",816664,386734,344408,1509,15,118,394,3.5,41,0,1,23,13,4,2,22,17,"Columbia","SC"
"4702",17900,"Columbia, SC",816664,386734,344408,1574,45,109,402,3,2257,0,0,2210,47,0,530,1353,374,"Columbia","SC"
"4703",17900,"Columbia, SC",816664,386734,344408,4506,0,0,0,2,6697,13,6131,0,553,0,245,3087,3365,"Columbia","SC"
"4704",17900,"Columbia, SC",816664,386734,344408,2428,13,418,564,12.66666667,266,8,0,157,96,5,74,95,97,"Columbia","SC"
"4705",17900,"Columbia, SC",816664,386734,344408,815,0,116,242,12.5,431,31,8,9,383,0,71,117,243,"Columbia","SC"
"4706",17900,"Columbia, SC",816664,386734,344408,1330,53,177,354,15.83333333,286,12,0,43,119,112,107,82,97,"Columbia","SC"
"4707",17900,"Columbia, SC",816664,386734,344408,2658,126,212,577,8.166666667,912,102,225,114,365,106,329,347,236,"Columbia","SC"
"4708",17900,"Columbia, SC",816664,386734,344408,996,48,119,175,4.166666667,115,19,0,81,15,0,8,88,19,"Columbia","SC"
"4709",17900,"Columbia, SC",816664,386734,344408,1205,18,95,277,4.833333333,47,9,0,16,11,11,19,18,10,"Columbia","SC"
"4710",17900,"Columbia, SC",816664,386734,344408,1001,0,108,276,2.333333333,9,0,0,5,4,0,1,5,3,"Columbia","SC"
"4711",17900,"Columbia, SC",816664,386734,344408,725,15,115,258,3.666666667,269,26,13,226,1,3,30,78,161,"Columbia","SC"
"4712",17900,"Columbia, SC",816664,386734,344408,846,0,89,261,5.333333333,117,0,2,40,51,24,39,51,27,"Columbia","SC"
"4713",17900,"Columbia, SC",816664,386734,344408,1329,31,116,276,4.166666667,88,21,60,7,0,0,17,42,29,"Columbia","SC"
"4714",17900,"Columbia, SC",816664,386734,344408,1603,85,116,456,3.166666667,434,5,0,420,9,0,28,102,304,"Columbia","SC"
"4715",17900,"Columbia, SC",816664,386734,344408,1246,0,137,421,6.5,890,603,17,29,133,108,315,459,116,"Columbia","SC"
"4716",17900,"Columbia, SC",816664,386734,344408,1431,83,200,307,2.666666667,70,11,0,52,7,0,27,20,23,"Columbia","SC"
"4717",17900,"Columbia, SC",816664,386734,344408,1914,34,183,517,3.666666667,81,3,2,37,31,8,9,33,39,"Columbia","SC"
"4718",17900,"Columbia, SC",816664,386734,344408,636,0,90,174,4.5,114,13,0,67,15,19,34,57,23,"Columbia","SC"
"4719",17900,"Columbia, SC",816664,386734,344408,967,0,175,164,4,31,6,0,4,21,0,7,19,5,"Columbia","SC"
"4720",17900,"Columbia, SC",816664,386734,344408,990,12,112,293,1.833333333,14,0,0,10,4,0,5,4,5,"Columbia","SC"
"4721",17900,"Columbia, SC",816664,386734,344408,997,10,118,242,4.166666667,62,0,0,15,19,28,30,21,11,"Columbia","SC"
"4722",17900,"Columbia, SC",816664,386734,344408,1036,21,136,292,6,300,45,12,185,41,17,60,91,149,"Columbia","SC"
"4723",17900,"Columbia, SC",816664,386734,344408,550,11,67,130,4.666666667,129,4,0,7,114,4,33,55,41,"Columbia","SC"
"4724",17900,"Columbia, SC",816664,386734,344408,893,0,148,184,4.333333333,42,10,0,29,3,0,10,19,13,"Columbia","SC"
"4725",17900,"Columbia, SC",816664,386734,344408,1214,24,184,411,7.166666667,160,39,0,17,96,8,57,88,15,"Columbia","SC"
"4726",17900,"Columbia, SC",816664,386734,344408,722,35,180,161,5,142,105,5,11,8,13,79,48,15,"Columbia","SC"
"4727",17900,"Columbia, SC",816664,386734,344408,2284,27,299,428,2.666666667,157,0,0,151,6,0,23,76,58,"Columbia","SC"
"4728",17900,"Columbia, SC",816664,386734,344408,963,30,241,173,5.333333333,55,0,0,2,7,46,42,10,3,"Columbia","SC"
"4729",17900,"Columbia, SC",816664,386734,344408,424,26,128,79,10.83333333,1380,115,575,38,553,99,403,634,343,"Columbia","SC"
"4730",17900,"Columbia, SC",816664,386734,344408,562,24,127,82,10.33333333,826,94,135,81,280,236,311,313,202,"Columbia","SC"
"4731",17900,"Columbia, SC",816664,386734,344408,644,45,59,143,9.333333333,705,107,177,11,240,170,229,293,183,"Columbia","SC"
"4732",17900,"Columbia, SC",816664,386734,344408,1004,28,135,202,3.5,93,0,0,36,0,57,26,41,26,"Columbia","SC"
"4733",17900,"Columbia, SC",816664,386734,344408,2704,0,147,780,6.666666667,174,46,11,41,31,45,63,91,20,"Columbia","SC"
"4734",17900,"Columbia, SC",816664,386734,344408,1752,45,125,498,2,55,0,0,40,14,1,19,27,9,"Columbia","SC"
"4735",17900,"Columbia, SC",816664,386734,344408,2005,62,579,406,10.66666667,6028,16,17,35,5960,0,718,2387,2923,"Columbia","SC"
"4736",17900,"Columbia, SC",816664,386734,344408,1239,0,91,466,3.5,33,0,0,9,9,15,14,12,7,"Columbia","SC"
"4737",17900,"Columbia, SC",816664,386734,344408,1128,0,408,154,2.166666667,46,0,0,9,37,0,34,10,2,"Columbia","SC"
"4738",17900,"Columbia, SC",816664,386734,344408,521,0,71,179,2,4395,4,0,4068,323,0,239,509,3647,"Columbia","SC"
"4739",17900,"Columbia, SC",816664,386734,344408,1977,39,147,402,6.833333333,628,13,54,173,340,48,127,309,192,"Columbia","SC"
"4740",17900,"Columbia, SC",816664,386734,344408,2251,54,365,348,9.833333333,1050,103,423,305,198,21,214,490,346,"Columbia","SC"
"4741",17900,"Columbia, SC",816664,386734,344408,2482,4,240,745,4.166666667,1265,15,2,1035,191,22,136,520,609,"Columbia","SC"
"4742",17900,"Columbia, SC",816664,386734,344408,1198,78,109,245,3.333333333,65,0,0,16,49,0,10,23,32,"Columbia","SC"
"4743",17900,"Columbia, SC",816664,386734,344408,1407,37,131,353,5.333333333,298,34,12,90,162,0,43,169,86,"Columbia","SC"
"4744",17900,"Columbia, SC",816664,386734,344408,1266,51,109,306,3.166666667,61,0,0,26,0,35,20,34,7,"Columbia","SC"
"4745",17900,"Columbia, SC",816664,386734,344408,1679,19,196,487,3.833333333,158,0,97,41,20,0,71,67,20,"Columbia","SC"
"4746",17900,"Columbia, SC",816664,386734,344408,847,49,80,182,6.666666667,125,59,11,6,42,7,50,52,23,"Columbia","SC"
"4747",17900,"Columbia, SC",816664,386734,344408,1011,59,138,229,3.666666667,801,2,19,705,75,0,35,98,668,"Columbia","SC"
"4748",17900,"Columbia, SC",816664,386734,344408,998,0,141,273,3.166666667,96,0,0,4,92,0,28,45,23,"Columbia","SC"
"4749",17900,"Columbia, SC",816664,386734,344408,1831,61,482,434,6.666666667,4116,417,161,37,3454,47,1006,1985,1125,"Columbia","SC"
"4750",17900,"Columbia, SC",816664,386734,344408,1336,79,235,223,7,182,22,66,0,94,0,26,51,105,"Columbia","SC"
"4751",17900,"Columbia, SC",816664,386734,344408,2047,127,314,206,14.33333333,426,122,110,11,106,77,184,190,52,"Columbia","SC"
"4752",17900,"Columbia, SC",816664,386734,344408,792,7,298,97,8.166666667,134,51,5,0,6,72,60,56,18,"Columbia","SC"
"4753",17900,"Columbia, SC",816664,386734,344408,1296,63,370,278,12.5,3279,96,365,220,2544,54,926,1324,1029,"Columbia","SC"
"4754",17900,"Columbia, SC",816664,386734,344408,1756,82,612,137,16,604,0,380,0,224,0,24,152,428,"Columbia","SC"
"4755",17900,"Columbia, SC",816664,386734,344408,1282,55,131,368,9.5,134,12,9,19,2,92,70,47,17,"Columbia","SC"
"4756",17900,"Columbia, SC",816664,386734,344408,313,0,0,0,7.666666667,489,0,2,0,487,0,23,268,198,"Columbia","SC"
"4757",17900,"Columbia, SC",816664,386734,344408,1111,108,127,141,11.83333333,2279,372,136,1283,455,33,435,790,1054,"Columbia","SC"
"4758",17900,"Columbia, SC",816664,386734,344408,310,0,98,53,3.5,5398,5,4,782,4559,48,685,1754,2959,"Columbia","SC"
"4759",17900,"Columbia, SC",816664,386734,344408,1062,24,170,331,16.33333333,667,21,35,11,304,296,300,210,157,"Columbia","SC"
"4760",17900,"Columbia, SC",816664,386734,344408,2330,132,681,327,16,2792,257,150,304,1332,749,887,1092,813,"Columbia","SC"
"4761",17900,"Columbia, SC",816664,386734,344408,1292,0,263,355,4.833333333,310,14,168,92,36,0,38,87,185,"Columbia","SC"
"4762",17900,"Columbia, SC",816664,386734,344408,2677,51,258,721,4.666666667,367,4,0,254,90,19,57,167,143,"Columbia","SC"
"4763",17900,"Columbia, SC",816664,386734,344408,917,45,169,265,8.5,576,92,28,85,124,247,202,199,175,"Columbia","SC"
"4764",17900,"Columbia, SC",816664,386734,344408,1503,138,212,198,8.833333333,971,17,16,877,61,0,50,124,797,"Columbia","SC"
"4765",17900,"Columbia, SC",816664,386734,344408,486,25,152,91,16.16666667,212,57,5,14,136,0,63,79,70,"Columbia","SC"
"4766",17900,"Columbia, SC",816664,386734,344408,1137,8,105,318,8.833333333,248,76,19,16,137,0,122,81,45,"Columbia","SC"
"4767",17900,"Columbia, SC",816664,386734,344408,5253,15,924,1243,12.5,4889,104,2013,1329,1269,174,523,1696,2670,"Columbia","SC"
"4768",17900,"Columbia, SC",816664,386734,344408,1138,33,129,229,15.66666667,209,56,22,3,83,45,110,84,15,"Columbia","SC"
"4769",17900,"Columbia, SC",816664,386734,344408,1284,30,217,272,14.33333333,6686,313,1618,570,2360,1825,2074,2516,2096,"Columbia","SC"
"4770",17900,"Columbia, SC",816664,386734,344408,1583,34,268,377,6.666666667,76,3,6,26,30,11,16,28,32,"Columbia","SC"
"4771",17900,"Columbia, SC",816664,386734,344408,653,4,41,22,15.5,198,34,0,0,164,0,132,23,43,"Columbia","SC"
"4772",17900,"Columbia, SC",816664,386734,344408,1737,134,331,397,13.83333333,854,100,296,57,249,152,278,364,212,"Columbia","SC"
"4773",17900,"Columbia, SC",816664,386734,344408,502,0,51,138,6.333333333,0,0,0,0,0,0,0,0,0,"Columbia","SC"
"4774",17900,"Columbia, SC",816664,386734,344408,6855,73,733,1666,8.666666667,6702,1063,2206,1726,898,809,1381,2310,3011,"Columbia","SC"
"4775",17900,"Columbia, SC",816664,386734,344408,686,17,69,178,5.166666667,7,0,3,0,3,1,3,4,0,"Columbia","SC"
"4776",17900,"Columbia, SC",816664,386734,344408,1067,0,9,354,6.166666667,200,10,0,54,136,0,37,70,93,"Columbia","SC"
"4777",17900,"Columbia, SC",816664,386734,344408,2958,11,517,839,7.5,3362,710,74,15,2063,500,876,1420,1066,"Columbia","SC"
"4778",17900,"Columbia, SC",816664,386734,344408,647,85,79,45,15.33333333,70,27,3,0,40,0,30,29,11,"Columbia","SC"
"4779",17900,"Columbia, SC",816664,386734,344408,1347,163,188,147,14.33333333,323,69,1,1,240,12,59,121,143,"Columbia","SC"
"4780",17900,"Columbia, SC",816664,386734,344408,608,5,70,167,13,225,0,8,12,205,0,32,91,102,"Columbia","SC"
"4781",17900,"Columbia, SC",816664,386734,344408,2411,15,72,802,8.666666667,825,2,16,78,384,345,430,147,248,"Columbia","SC"
"4782",17900,"Columbia, SC",816664,386734,344408,4238,0,371,1133,5,440,88,11,277,11,53,187,169,84,"Columbia","SC"
"4783",17900,"Columbia, SC",816664,386734,344408,1688,116,235,137,13,44,0,0,0,44,0,6,22,16,"Columbia","SC"
"4784",17900,"Columbia, SC",816664,386734,344408,2061,0,155,282,3.333333333,34,0,2,2,30,0,16,14,4,"Columbia","SC"
"4785",17900,"Columbia, SC",816664,386734,344408,229,0,0,0,5.5,41,0,0,16,25,0,15,12,14,"Columbia","SC"
"4786",17900,"Columbia, SC",816664,386734,344408,4814,0,405,1230,5,241,0,3,26,203,9,91,68,82,"Columbia","SC"
"4787",17900,"Columbia, SC",816664,386734,344408,3308,112,306,631,12.33333333,2663,250,48,1598,691,76,407,880,1376,"Columbia","SC"
"4788",17900,"Columbia, SC",816664,386734,344408,1860,51,243,306,12,5557,327,1234,3058,772,166,661,1703,3193,"Columbia","SC"
"4789",17900,"Columbia, SC",816664,386734,344408,2576,48,482,488,11.66666667,158,0,0,5,114,39,51,83,24,"Columbia","SC"
"4790",17900,"Columbia, SC",816664,386734,344408,775,63,156,176,12.5,166,11,0,52,103,0,31,81,54,"Columbia","SC"
"4791",17900,"Columbia, SC",816664,386734,344408,431,0,12,159,9.166666667,928,52,78,290,481,27,216,345,367,"Columbia","SC"
"4792",17900,"Columbia, SC",816664,386734,344408,851,49,40,256,8.166666667,287,12,35,3,110,127,140,96,51,"Columbia","SC"
"4793",17900,"Columbia, SC",816664,386734,344408,1210,0,145,292,8,112,0,0,1,102,9,47,33,32,"Columbia","SC"
"4794",17900,"Columbia, SC",816664,386734,344408,1923,0,200,498,4.5,97,3,0,87,7,0,12,25,60,"Columbia","SC"
"4795",17900,"Columbia, SC",816664,386734,344408,870,0,124,202,6.333333333,14,0,0,7,4,3,3,11,0,"Columbia","SC"
"4796",17900,"Columbia, SC",816664,386734,344408,1942,13,177,476,5.666666667,237,48,6,9,165,9,59,71,107,"Columbia","SC"
"4797",17900,"Columbia, SC",816664,386734,344408,4285,32,288,1249,7.333333333,728,54,16,55,562,41,188,336,204,"Columbia","SC"
"4798",17900,"Columbia, SC",816664,386734,344408,2260,0,189,750,6.833333333,498,98,19,40,61,280,260,156,82,"Columbia","SC"
"4799",17900,"Columbia, SC",816664,386734,344408,863,166,142,224,7.833333333,468,37,34,2,359,36,164,220,84,"Columbia","SC"
"4800",17900,"Columbia, SC",816664,386734,344408,1703,0,199,344,2.833333333,39,22,0,3,0,14,17,22,0,"Columbia","SC"
"4801",17900,"Columbia, SC",816664,386734,344408,1604,17,134,336,2.333333333,87,0,0,86,1,0,11,61,15,"Columbia","SC"
"4802",17900,"Columbia, SC",816664,386734,344408,841,51,206,210,13.16666667,1159,3,224,37,869,26,234,413,512,"Columbia","SC"
"4803",17900,"Columbia, SC",816664,386734,344408,865,43,202,171,11.66666667,29,23,0,0,6,0,8,13,8,"Columbia","SC"
"4804",17900,"Columbia, SC",816664,386734,344408,802,0,226,204,15.5,552,137,25,10,316,64,245,205,102,"Columbia","SC"
"4805",17900,"Columbia, SC",816664,386734,344408,710,75,95,41,12.66666667,2817,56,17,88,2619,37,471,1070,1276,"Columbia","SC"
"4806",17900,"Columbia, SC",816664,386734,344408,1109,10,139,315,13.83333333,730,183,28,12,255,252,304,281,145,"Columbia","SC"
"4807",17900,"Columbia, SC",816664,386734,344408,757,7,70,216,13.16666667,24,0,0,0,20,4,4,16,4,"Columbia","SC"
"4808",17900,"Columbia, SC",816664,386734,344408,3208,79,353,747,2.833333333,222,4,0,208,7,3,13,136,73,"Columbia","SC"
"4809",17900,"Columbia, SC",816664,386734,344408,1564,143,245,355,13.66666667,440,69,13,5,255,98,197,195,48,"Columbia","SC"
"4810",17900,"Columbia, SC",816664,386734,344408,1452,138,240,182,16.66666667,1085,51,168,331,507,28,265,444,376,"Columbia","SC"
"4811",17900,"Columbia, SC",816664,386734,344408,1770,71,235,501,8.5,2850,283,1269,629,591,78,353,1138,1359,"Columbia","SC"
"4812",17900,"Columbia, SC",816664,386734,344408,1513,0,211,249,12.66666667,1537,36,92,291,1028,90,350,601,586,"Columbia","SC"
"4813",17900,"Columbia, SC",816664,386734,344408,1723,21,241,472,6.5,1396,12,68,1041,268,7,154,477,765,"Columbia","SC"
"4814",17900,"Columbia, SC",816664,386734,344408,727,53,111,122,15.5,147,24,0,4,94,25,35,53,59,"Columbia","SC"
"4815",17900,"Columbia, SC",816664,386734,344408,791,127,97,57,12.5,33,6,25,0,2,0,17,13,3,"Columbia","SC"
"4816",17900,"Columbia, SC",816664,386734,344408,662,17,256,114,15,1697,21,818,12,716,130,274,756,667,"Columbia","SC"
"4817",17900,"Columbia, SC",816664,386734,344408,2244,0,0,0,17,112,0,47,0,65,0,11,37,64,"Columbia","SC"
"4818",17900,"Columbia, SC",816664,386734,344408,3902,42,354,1098,6.333333333,260,46,4,60,137,13,77,125,58,"Columbia","SC"
"4819",17900,"Columbia, SC",816664,386734,344408,957,0,130,267,14.33333333,243,6,8,14,160,55,80,81,82,"Columbia","SC"
"4820",17900,"Columbia, SC",816664,386734,344408,540,0,202,143,16.66666667,362,11,41,110,200,0,74,87,201,"Columbia","SC"
"4821",17900,"Columbia, SC",816664,386734,344408,626,0,26,187,11.16666667,20,0,3,0,17,0,14,2,4,"Columbia","SC"
"4822",17900,"Columbia, SC",816664,386734,344408,901,0,201,220,16.16666667,1350,119,716,24,267,224,323,529,498,"Columbia","SC"
"4823",17900,"Columbia, SC",816664,386734,344408,1768,65,221,423,7.5,375,61,8,145,64,97,166,107,102,"Columbia","SC"
"4824",17900,"Columbia, SC",816664,386734,344408,2025,40,280,532,7.666666667,677,375,14,77,110,101,236,363,78,"Columbia","SC"
"4825",17900,"Columbia, SC",816664,386734,344408,1346,9,219,356,15.83333333,456,108,71,11,243,23,157,149,150,"Columbia","SC"
"4826",17900,"Columbia, SC",816664,386734,344408,756,7,145,194,12.83333333,656,14,2,14,626,0,213,383,60,"Columbia","SC"
"4827",17900,"Columbia, SC",816664,386734,344408,875,10,60,230,13.83333333,347,126,0,5,216,0,97,164,86,"Columbia","SC"
"4828",17900,"Columbia, SC",816664,386734,344408,1277,63,249,263,14.33333333,1691,38,30,197,1229,197,313,641,737,"Columbia","SC"
"4829",17900,"Columbia, SC",816664,386734,344408,0,0,0,0,9.333333333,5629,260,1562,1298,2432,77,1436,2028,2165,"Columbia","SC"
"4830",17900,"Columbia, SC",816664,386734,344408,1758,0,170,508,6.833333333,317,40,5,44,33,195,143,142,32,"Columbia","SC"
"4831",17900,"Columbia, SC",816664,386734,344408,382,19,88,95,8.5,411,123,18,39,93,138,198,139,74,"Columbia","SC"
"4832",17900,"Columbia, SC",816664,386734,344408,1239,30,78,437,11,1766,287,65,400,746,268,487,710,569,"Columbia","SC"
"4833",17900,"Columbia, SC",816664,386734,344408,1501,36,350,304,14.33333333,3057,1435,137,10,405,1070,1602,948,507,"Columbia","SC"
"4834",17900,"Columbia, SC",816664,386734,344408,666,0,69,147,12.33333333,2184,1489,24,79,378,214,740,1090,354,"Columbia","SC"
"4835",17900,"Columbia, SC",816664,386734,344408,756,0,81,201,5.666666667,7,0,3,0,4,0,1,4,2,"Columbia","SC"
"4836",17900,"Columbia, SC",816664,386734,344408,703,6,31,251,5,30,0,0,0,15,15,20,7,3,"Columbia","SC"
"4837",17900,"Columbia, SC",816664,386734,344408,835,0,115,259,8.833333333,1257,174,275,126,671,11,192,479,586,"Columbia","SC"
"4838",17900,"Columbia, SC",816664,386734,344408,637,9,45,154,13.66666667,772,125,308,0,270,69,362,187,223,"Columbia","SC"
"4839",17900,"Columbia, SC",816664,386734,344408,1997,23,421,522,15.5,486,204,17,5,175,85,229,160,97,"Columbia","SC"
"4840",17900,"Columbia, SC",816664,386734,344408,577,26,184,84,15.33333333,127,8,67,2,50,0,40,56,31,"Columbia","SC"
"4841",17900,"Columbia, SC",816664,386734,344408,839,0,218,231,13.5,135,0,7,15,39,74,62,39,34,"Columbia","SC"
"4842",17900,"Columbia, SC",816664,386734,344408,977,12,183,245,14.66666667,129,42,2,0,74,11,51,45,33,"Columbia","SC"
"4843",17900,"Columbia, SC",816664,386734,344408,464,9,59,65,14.66666667,32,4,0,21,7,0,5,15,12,"Columbia","SC"
"4844",17900,"Columbia, SC",816664,386734,344408,4549,22,511,1086,5.833333333,512,136,10,238,114,14,133,168,211,"Columbia","SC"
"4845",17900,"Columbia, SC",816664,386734,344408,2475,4,349,553,7.666666667,1232,188,51,563,380,50,281,579,372,"Columbia","SC"
"4846",17900,"Columbia, SC",816664,386734,344408,3114,17,247,873,4,2432,635,34,1686,31,46,405,720,1307,"Columbia","SC"
"4847",17900,"Columbia, SC",816664,386734,344408,1713,0,185,408,7,220,12,1,136,55,16,25,81,114,"Columbia","SC"
"4848",17900,"Columbia, SC",816664,386734,344408,2808,27,229,853,2.833333333,102,1,4,76,7,14,34,43,25,"Columbia","SC"
"4849",17900,"Columbia, SC",816664,386734,344408,1506,39,126,462,3.833333333,50,8,0,31,11,0,12,31,7,"Columbia","SC"
"4850",17900,"Columbia, SC",816664,386734,344408,5391,52,422,1273,5.166666667,189,7,2,30,150,0,103,54,32,"Columbia","SC"
"4851",17900,"Columbia, SC",816664,386734,344408,1247,31,106,241,7.5,152,8,2,18,94,30,53,60,39,"Columbia","SC"
"4852",17900,"Columbia, SC",816664,386734,344408,1875,0,125,489,5,101,23,11,59,8,0,19,55,27,"Columbia","SC"
"4853",17900,"Columbia, SC",816664,386734,344408,2323,0,148,728,6.5,384,88,8,84,92,112,177,128,79,"Columbia","SC"
"4854",17900,"Columbia, SC",816664,386734,344408,1195,0,50,401,4.833333333,726,7,1,563,108,47,91,283,352,"Columbia","SC"
"4855",17900,"Columbia, SC",816664,386734,344408,543,34,39,120,11.5,372,79,22,252,19,0,38,175,159,"Columbia","SC"
"4856",17900,"Columbia, SC",816664,386734,344408,758,54,145,101,10.33333333,93,10,6,49,7,21,33,50,10,"Columbia","SC"
"4857",17900,"Columbia, SC",816664,386734,344408,1126,46,93,220,12,327,143,15,97,50,22,67,188,72,"Columbia","SC"
"4858",17900,"Columbia, SC",816664,386734,344408,2712,30,102,113,17.33333333,378,64,32,6,100,176,191,123,64,"Columbia","SC"
"4859",17900,"Columbia, SC",816664,386734,344408,2969,87,397,547,15.5,908,77,82,146,454,149,295,345,268,"Columbia","SC"
"4860",17900,"Columbia, SC",816664,386734,344408,2072,14,296,502,6,196,21,0,22,153,0,72,85,39,"Columbia","SC"
"4861",17900,"Columbia, SC",816664,386734,344408,1543,297,463,190,14.83333333,976,210,72,218,313,163,273,283,420,"Columbia","SC"
"4862",17900,"Columbia, SC",816664,386734,344408,1189,99,222,191,15.66666667,667,120,52,91,259,145,243,275,149,"Columbia","SC"
"4863",17900,"Columbia, SC",816664,386734,344408,1062,16,181,272,10.16666667,312,4,2,226,40,40,74,123,115,"Columbia","SC"
"4864",17900,"Columbia, SC",816664,386734,344408,1712,18,454,415,19.16666667,924,172,198,188,255,111,237,317,370,"Columbia","SC"
"4865",17900,"Columbia, SC",816664,386734,344408,1135,0,94,389,6,25,0,2,7,16,0,10,7,8,"Columbia","SC"
"4866",17900,"Columbia, SC",816664,386734,344408,889,12,107,250,7.333333333,191,35,0,40,23,93,88,85,18,"Columbia","SC"
"4867",17900,"Columbia, SC",816664,386734,344408,3242,11,383,873,9.333333333,1332,435,102,104,348,343,649,466,217,"Columbia","SC"
"4868",17900,"Columbia, SC",816664,386734,344408,1729,33,148,484,8.5,1140,29,45,27,943,96,189,407,544,"Columbia","SC"
"4869",17900,"Columbia, SC",816664,386734,344408,1430,16,48,412,6,208,0,3,9,195,1,31,64,113,"Columbia","SC"
"4870",17900,"Columbia, SC",816664,386734,344408,1333,0,133,373,5.333333333,30,6,2,1,21,0,14,4,12,"Columbia","SC"
"4871",17900,"Columbia, SC",816664,386734,344408,1505,36,119,450,5.333333333,189,33,8,101,38,9,33,75,81,"Columbia","SC"
"4872",17900,"Columbia, SC",816664,386734,344408,1588,14,160,439,7.666666667,413,95,31,173,75,39,104,208,101,"Columbia","SC"
"4873",17900,"Columbia, SC",816664,386734,344408,1466,172,204,217,13.5,1485,467,28,78,598,314,556,629,300,"Columbia","SC"
"4874",17900,"Columbia, SC",816664,386734,344408,1219,0,219,171,6.666666667,2088,252,80,92,1475,189,469,773,846,"Columbia","SC"
"4875",17900,"Columbia, SC",816664,386734,344408,1335,28,184,359,6.166666667,1044,27,8,7,1002,0,296,393,355,"Columbia","SC"
"4876",17900,"Columbia, SC",816664,386734,344408,460,0,72,184,5.333333333,35,11,12,3,4,5,15,11,9,"Columbia","SC"
"4877",17900,"Columbia, SC",816664,386734,344408,906,91,161,144,17.33333333,340,111,0,13,183,33,143,118,79,"Columbia","SC"
"4878",17900,"Columbia, SC",816664,386734,344408,534,59,26,108,14.16666667,140,10,2,0,115,13,31,60,49,"Columbia","SC"
"4879",17900,"Columbia, SC",816664,386734,344408,1273,164,202,104,12.33333333,562,0,0,89,473,0,28,275,259,"Columbia","SC"
"4880",17900,"Columbia, SC",816664,386734,344408,732,44,207,104,14.83333333,122,28,0,15,40,39,57,50,15,"Columbia","SC"
"4881",17900,"Columbia, SC",816664,386734,344408,1110,51,196,234,10.5,139,16,1,0,122,0,32,63,44,"Columbia","SC"
"4882",17900,"Columbia, SC",816664,386734,344408,1540,149,270,125,10.5,6411,37,60,10,6273,31,894,2376,3141,"Columbia","SC"
"4883",17900,"Columbia, SC",816664,386734,344408,817,35,246,171,12.16666667,64,1,6,6,49,2,35,21,8,"Columbia","SC"
"4884",17900,"Columbia, SC",816664,386734,344408,2814,14,372,747,4.166666667,22,7,0,4,11,0,5,5,12,"Columbia","SC"
"4885",17900,"Columbia, SC",816664,386734,344408,1311,131,366,206,16.66666667,2255,252,367,99,1172,365,627,846,782,"Columbia","SC"
"4886",17900,"Columbia, SC",816664,386734,344408,838,56,118,105,12.16666667,1402,30,39,1097,232,4,257,802,343,"Columbia","SC"
"4887",17900,"Columbia, SC",816664,386734,344408,2314,149,494,437,15,2215,124,406,1050,356,279,457,806,952,"Columbia","SC"
"4888",17900,"Columbia, SC",816664,386734,344408,1843,0,456,449,7.5,452,17,204,170,61,0,79,207,166,"Columbia","SC"
"4889",17900,"Columbia, SC",816664,386734,344408,1567,178,312,212,10,654,83,0,148,367,56,206,270,178,"Columbia","SC"
"4890",17900,"Columbia, SC",816664,386734,344408,2397,70,307,604,6.5,135,50,2,22,24,37,68,45,22,"Columbia","SC"
"4891",17900,"Columbia, SC",816664,386734,344408,761,15,83,226,5.166666667,162,9,13,135,5,0,17,72,73,"Columbia","SC"
"4892",17900,"Columbia, SC",816664,386734,344408,1318,56,210,358,8.666666667,977,183,65,3,417,309,328,381,268,"Columbia","SC"
"4893",17900,"Columbia, SC",816664,386734,344408,735,4,90,212,7.166666667,101,0,5,25,71,0,31,40,30,"Columbia","SC"
"4894",17900,"Columbia, SC",816664,386734,344408,1129,130,215,255,11.5,248,28,2,14,175,29,71,130,47,"Columbia","SC"
"4895",17900,"Columbia, SC",816664,386734,344408,1476,13,327,259,14.66666667,1569,30,436,69,714,320,477,510,582,"Columbia","SC"
"4896",17900,"Columbia, SC",816664,386734,344408,768,0,279,55,9,80,0,0,0,18,62,31,42,7,"Columbia","SC"
"4897",17900,"Columbia, SC",816664,386734,344408,939,24,246,205,9.666666667,1560,31,85,10,1432,2,507,916,137,"Columbia","SC"
"4898",17900,"Columbia, SC",816664,386734,344408,1241,59,303,143,8.5,323,77,36,27,162,21,134,137,52,"Columbia","SC"
"4899",17900,"Columbia, SC",816664,386734,344408,1455,36,368,172,13.83333333,838,200,253,67,237,81,261,302,275,"Columbia","SC"
"4900",17900,"Columbia, SC",816664,386734,344408,539,23,169,166,14.66666667,1399,206,470,226,439,58,239,567,593,"Columbia","SC"
"4901",17900,"Columbia, SC",816664,386734,344408,805,4,195,107,11.33333333,58,7,10,20,21,0,21,22,15,"Columbia","SC"
"4902",17900,"Columbia, SC",816664,386734,344408,610,38,119,146,15,354,24,0,231,91,8,69,118,167,"Columbia","SC"
"4903",17900,"Columbia, SC",816664,386734,344408,1275,25,158,284,12,605,56,7,209,41,292,279,171,155,"Columbia","SC"
"4904",17900,"Columbia, SC",816664,386734,344408,1409,0,178,398,6.333333333,394,275,10,59,9,41,126,205,63,"Columbia","SC"
"4905",17900,"Columbia, SC",816664,386734,344408,940,9,134,302,10.33333333,31,0,0,8,13,10,11,8,12,"Columbia","SC"
"4906",17900,"Columbia, SC",816664,386734,344408,1811,24,427,327,8.333333333,1166,25,277,435,413,16,245,502,419,"Columbia","SC"
"4907",17900,"Columbia, SC",816664,386734,344408,2903,23,275,724,7,603,42,5,346,119,91,139,199,265,"Columbia","SC"
"4908",17900,"Columbia, SC",816664,386734,344408,1389,118,168,339,6,228,66,0,24,110,28,79,87,62,"Columbia","SC"
"4909",17900,"Columbia, SC",816664,386734,344408,2866,0,61,942,4.833333333,108,0,60,15,33,0,34,37,37,"Columbia","SC"
"4910",17900,"Columbia, SC",816664,386734,344408,1752,74,179,477,7.833333333,456,70,60,189,100,37,66,161,229,"Columbia","SC"
"4911",17900,"Columbia, SC",816664,386734,344408,781,63,79,148,11.33333333,930,676,76,53,52,73,245,436,249,"Columbia","SC"
"4912",17900,"Columbia, SC",816664,386734,344408,797,61,90,157,4.5,131,21,0,106,4,0,26,63,42,"Columbia","SC"
"4913",17900,"Columbia, SC",816664,386734,344408,1355,31,203,288,5.333333333,41,21,0,14,3,3,20,16,5,"Columbia","SC"
"4914",17900,"Columbia, SC",816664,386734,344408,1600,13,186,379,5.333333333,72,18,0,41,6,7,23,18,31,"Columbia","SC"
"4915",17900,"Columbia, SC",816664,386734,344408,1474,66,223,333,4,75,7,0,38,30,0,17,40,18,"Columbia","SC"
"4916",17900,"Columbia, SC",816664,386734,344408,1743,6,112,461,3.833333333,71,0,2,48,11,10,22,32,17,"Columbia","SC"
"4917",17900,"Columbia, SC",816664,386734,344408,2786,34,289,752,7,302,11,15,150,67,59,83,128,91,"Columbia","SC"
"4918",17900,"Columbia, SC",816664,386734,344408,1799,34,233,456,6,162,71,0,62,28,1,70,74,18,"Columbia","SC"
"4919",17900,"Columbia, SC",816664,386734,344408,1330,0,30,355,5.166666667,78,14,1,19,44,0,11,36,31,"Columbia","SC"
"4920",17900,"Columbia, SC",816664,386734,344408,1308,0,159,300,5.333333333,82,0,0,58,9,15,12,50,20,"Columbia","SC"
"4921",17900,"Columbia, SC",816664,386734,344408,1086,0,67,336,4.333333333,60,41,0,19,0,0,21,21,18,"Columbia","SC"
"4922",17900,"Columbia, SC",816664,386734,344408,607,0,108,165,9.5,239,5,32,6,119,77,82,90,67,"Columbia","SC"
"4923",17900,"Columbia, SC",816664,386734,344408,2964,25,280,885,5.666666667,747,567,29,60,20,71,251,393,103,"Columbia","SC"
"4924",17900,"Columbia, SC",816664,386734,344408,2030,0,198,498,4.333333333,176,35,1,130,10,0,29,36,111,"Columbia","SC"
"4925",17900,"Columbia, SC",816664,386734,344408,2277,7,353,549,7.5,2101,293,58,76,1531,143,598,976,527,"Columbia","SC"
"4926",17900,"Columbia, SC",816664,386734,344408,1041,0,248,251,3.833333333,4989,109,18,4411,241,210,939,1704,2346,"Columbia","SC"
"4927",17900,"Columbia, SC",816664,386734,344408,3889,40,162,1273,4.666666667,351,22,20,26,255,28,106,161,84,"Columbia","SC"
"4928",17900,"Columbia, SC",816664,386734,344408,1119,0,0,0,12.66666667,137,3,7,13,100,14,19,71,47,"Columbia","SC"
"4929",17900,"Columbia, SC",816664,386734,344408,5600,0,0,0,10.83333333,233,0,0,123,5,105,25,110,98,"Columbia","SC"
"4930",17900,"Columbia, SC",816664,386734,344408,3075,0,0,0,8.333333333,423,25,384,2,12,0,381,26,16,"Columbia","SC"
"4931",17900,"Columbia, SC",816664,386734,344408,341,0,0,0,14,429,5,3,0,385,36,110,156,163,"Columbia","SC"
"4932",17900,"Columbia, SC",816664,386734,344408,677,20,66,193,5.833333333,22,11,0,3,8,0,4,6,12,"Columbia","SC"
"4933",17900,"Columbia, SC",816664,386734,344408,1041,0,183,190,1.333333333,2,0,0,2,0,0,0,1,1,"Columbia","SC"
"4934",17900,"Columbia, SC",816664,386734,344408,2146,26,282,532,3.666666667,48,6,3,23,16,0,17,22,9,"Columbia","SC"
"4935",17900,"Columbia, SC",816664,386734,344408,2467,0,193,690,6.666666667,162,3,25,22,98,14,42,71,49,"Columbia","SC"
"4936",17900,"Columbia, SC",816664,386734,344408,2741,27,180,887,5.833333333,232,29,19,70,97,17,70,99,63,"Columbia","SC"
"4937",17900,"Columbia, SC",816664,386734,344408,2486,352,281,166,9.833333333,102,5,3,0,93,1,16,40,46,"Columbia","SC"
"4938",17900,"Columbia, SC",816664,386734,344408,570,47,127,89,13.16666667,30,7,0,0,20,3,6,20,4,"Columbia","SC"
"4939",17900,"Columbia, SC",816664,386734,344408,5791,20,632,1240,5.833333333,197,30,1,6,160,0,83,89,25,"Columbia","SC"
"4940",17900,"Columbia, SC",816664,386734,344408,1546,55,320,338,11.83333333,20,0,5,0,15,0,6,12,2,"Columbia","SC"
"4941",17900,"Columbia, SC",816664,386734,344408,418,104,59,41,13.66666667,220,9,12,0,199,0,47,91,82,"Columbia","SC"
"4942",17900,"Columbia, SC",816664,386734,344408,1787,12,42,635,5,165,0,2,92,23,48,33,51,81,"Columbia","SC"
"4943",17900,"Columbia, SC",816664,386734,344408,2225,0,224,698,6.833333333,253,43,63,15,127,5,47,117,89,"Columbia","SC"
"4944",17900,"Columbia, SC",816664,386734,344408,1113,0,51,463,6.5,219,0,9,25,104,81,75,53,91,"Columbia","SC"
"4945",17900,"Columbia, SC",816664,386734,344408,3122,26,264,1083,5.333333333,299,13,2,110,137,37,73,83,143,"Columbia","SC"
"4946",17900,"Columbia, SC",816664,386734,344408,2156,0,235,630,4.666666667,218,0,4,28,154,32,84,95,39,"Columbia","SC"
"4947",17900,"Columbia, SC",816664,386734,344408,1472,87,778,153,14.66666667,170,0,66,6,43,55,69,66,35,"Columbia","SC"
"4948",17900,"Columbia, SC",816664,386734,344408,547,0,145,130,10.66666667,4,0,0,1,3,0,3,1,0,"Columbia","SC"
"4949",17900,"Columbia, SC",816664,386734,344408,2857,17,682,532,11.66666667,280,67,27,0,31,155,149,85,46,"Columbia","SC"
"4950",17900,"Columbia, SC",816664,386734,344408,1099,10,152,272,15,2458,1294,141,8,129,886,1455,750,253,"Columbia","SC"
"4951",17900,"Columbia, SC",816664,386734,344408,2714,142,739,311,11.83333333,630,45,88,33,414,50,219,217,194,"Columbia","SC"
"4952",17900,"Columbia, SC",816664,386734,344408,1023,0,0,0,11.83333333,1418,97,527,40,683,71,202,765,451,"Columbia","SC"
"4953",17900,"Columbia, SC",816664,386734,344408,578,24,110,91,14.33333333,854,365,56,68,124,241,477,258,119,"Columbia","SC"
"4954",17900,"Columbia, SC",816664,386734,344408,889,41,135,144,9,27,0,5,22,0,0,0,8,19,"Columbia","SC"
"4955",17900,"Columbia, SC",816664,386734,344408,808,27,160,98,12.66666667,178,104,7,3,64,0,54,67,57,"Columbia","SC"
"4956",17900,"Columbia, SC",816664,386734,344408,1445,44,192,236,14.66666667,2264,517,405,643,442,257,254,1078,932,"Columbia","SC"
"4957",17900,"Columbia, SC",816664,386734,344408,1059,59,211,152,8.333333333,369,16,7,126,162,58,91,149,129,"Columbia","SC"
"4958",17900,"Columbia, SC",816664,386734,344408,1852,8,394,384,13.16666667,341,49,6,3,278,5,173,104,64,"Columbia","SC"
"4959",17900,"Columbia, SC",816664,386734,344408,1218,58,88,322,6.5,361,103,0,11,241,6,109,126,126,"Columbia","SC"
"4960",17900,"Columbia, SC",816664,386734,344408,1616,55,407,269,11.83333333,353,39,8,107,161,38,122,151,80,"Columbia","SC"
"4961",17900,"Columbia, SC",816664,386734,344408,795,0,195,185,13.16666667,208,88,12,14,23,71,121,59,28,"Columbia","SC"
"4962",17900,"Columbia, SC",816664,386734,344408,795,15,218,143,12.16666667,76,11,7,10,48,0,31,28,17,"Columbia","SC"
"4963",17900,"Columbia, SC",816664,386734,344408,804,11,69,265,9.166666667,6,0,0,6,0,0,2,2,2,"Columbia","SC"
"4964",17900,"Columbia, SC",816664,386734,344408,935,33,268,194,11.83333333,231,19,5,5,188,14,43,92,96,"Columbia","SC"
"4965",17900,"Columbia, SC",816664,386734,344408,913,39,129,243,7.666666667,249,41,1,45,131,31,55,124,70,"Columbia","SC"
"4966",17900,"Columbia, SC",816664,386734,344408,1131,57,164,101,15.5,2300,116,35,21,725,1403,986,827,487,"Columbia","SC"
"4967",17900,"Columbia, SC",816664,386734,344408,1118,0,127,315,13.66666667,569,12,6,156,354,41,201,195,173,"Columbia","SC"
"4968",17900,"Columbia, SC",816664,386734,344408,1568,151,156,87,13,135,0,2,0,29,104,74,45,16,"Columbia","SC"
"4969",17900,"Columbia, SC",816664,386734,344408,1557,0,0,0,11,870,16,12,6,97,739,280,478,112,"Columbia","SC"
"4970",17900,"Columbia, SC",816664,386734,344408,1110,18,51,334,10.83333333,118,0,0,13,105,0,20,45,53,"Columbia","SC"
"4971",17900,"Columbia, SC",816664,386734,344408,1144,0,25,275,4.666666667,0,0,0,0,0,0,0,0,0,"Columbia","SC"
"4972",17900,"Columbia, SC",816664,386734,344408,889,32,235,144,12.5,266,8,9,157,63,29,72,115,79,"Columbia","SC"
"4973",17900,"Columbia, SC",816664,386734,344408,842,78,373,167,13.16666667,12,5,2,0,5,0,2,5,5,"Columbia","SC"
"4974",17900,"Columbia, SC",816664,386734,344408,1444,70,509,245,14.5,97,60,6,0,10,21,44,42,11,"Columbia","SC"
"4975",17900,"Columbia, SC",816664,386734,344408,1208,15,256,306,17,1368,74,226,40,777,251,627,369,372,"Columbia","SC"
"4976",17900,"Columbia, SC",816664,386734,344408,4838,47,417,1334,8.166666667,401,34,24,99,233,11,103,188,110,"Columbia","SC"
"4977",17900,"Columbia, SC",816664,386734,344408,940,14,247,204,13.5,1166,587,79,46,183,271,602,367,197,"Columbia","SC"
"4978",17900,"Columbia, SC",816664,386734,344408,1075,0,186,314,7.666666667,96,10,6,16,25,39,37,43,16,"Columbia","SC"
"4979",17900,"Columbia, SC",816664,386734,344408,839,12,84,247,8.333333333,3,3,0,0,0,0,2,1,0,"Columbia","SC"
"4980",17900,"Columbia, SC",816664,386734,344408,860,31,160,189,3.833333333,164,9,18,124,13,0,38,59,67,"Columbia","SC"
"4981",17900,"Columbia, SC",816664,386734,344408,1398,0,66,418,4,1374,11,10,1133,220,0,70,233,1071,"Columbia","SC"
"4982",17900,"Columbia, SC",816664,386734,344408,1022,27,187,211,13.16666667,244,16,39,24,149,16,46,86,112,"Columbia","SC"
"4983",17900,"Columbia, SC",816664,386734,344408,1869,114,760,190,10.66666667,1205,9,1126,58,12,0,66,579,560,"Columbia","SC"
"4984",17900,"Columbia, SC",816664,386734,344408,1513,18,248,407,12.33333333,203,86,69,2,12,34,69,68,66,"Columbia","SC"
"4985",17900,"Columbia, SC",816664,386734,344408,1488,53,221,439,14.83333333,964,297,12,18,281,356,435,335,194,"Columbia","SC"
"4986",38180,"Pierre, SD",20614,12084,259,1533,15,107,237,8.166666667,1032,304,209,346,89,84,268,378,386,"Pierre","SD"
"4987",38180,"Pierre, SD",20614,12084,259,2396,18,236,786,8.5,1159,127,87,543,207,195,359,389,411,"Pierre","SD"
"4988",38180,"Pierre, SD",20614,12084,259,1036,0,87,286,8.333333333,428,0,1,10,417,0,93,158,177,"Pierre","SD"
"4989",38180,"Pierre, SD",20614,12084,259,2598,6,140,782,6.333333333,402,77,116,127,60,22,108,145,149,"Pierre","SD"
"4990",38180,"Pierre, SD",20614,12084,259,910,200,189,133,9,140,101,2,10,27,0,77,51,12,"Pierre","SD"
"4991",38180,"Pierre, SD",20614,12084,259,348,0,0,121,11.5,43,5,0,17,18,3,13,15,15,"Pierre","SD"
"4992",38180,"Pierre, SD",20614,12084,259,1351,0,122,455,4.666666667,72,0,20,27,25,0,7,30,35,"Pierre","SD"
"4993",38180,"Pierre, SD",20614,12084,259,2028,37,451,531,8,3276,165,2001,148,871,91,438,961,1877,"Pierre","SD"
"4994",38180,"Pierre, SD",20614,12084,259,601,0,22,202,5,102,0,33,43,3,23,39,31,32,"Pierre","SD"
"4995",38180,"Pierre, SD",20614,12084,259,679,30,65,202,3.333333333,158,0,2,115,3,38,34,53,71,"Pierre","SD"
"4996",38180,"Pierre, SD",20614,12084,259,678,50,85,247,11.16666667,218,83,24,26,85,0,49,74,95,"Pierre","SD"
"4997",38180,"Pierre, SD",20614,12084,259,1330,38,119,354,4.833333333,756,5,9,5,669,68,148,241,367,"Pierre","SD"
"4998",38180,"Pierre, SD",20614,12084,259,462,51,95,94,10.66666667,797,150,7,290,316,34,166,304,327,"Pierre","SD"
"4999",38180,"Pierre, SD",20614,12084,259,1229,95,347,272,9.666666667,3271,483,1122,162,711,793,1177,1027,1067,"Pierre","SD"
"5000",38180,"Pierre, SD",20614,12084,259,1561,17,193,324,8.166666667,164,90,5,41,28,0,62,63,39,"Pierre","SD"
"5001",38180,"Pierre, SD",20614,12084,259,732,0,189,165,7.166666667,10,0,0,4,6,0,4,4,2,"Pierre","SD"
"5002",38180,"Pierre, SD",20614,12084,259,1142,26,140,382,10,56,13,1,11,31,0,27,25,4,"Pierre","SD"
"5003",41620,"Salt Lake City, UT",1185990,689888,583540,1216,0,9,343,7.666666667,606,0,30,15,6,555,443,73,90,"Salt Lake City","UT"
"5004",41620,"Salt Lake City, UT",1185990,689888,583540,1596,0,45,450,15.5,8885,228,3250,547,4380,480,1511,2259,5115,"Salt Lake City","UT"
"5005",41620,"Salt Lake City, UT",1185990,689888,583540,2028,0,74,465,14,168,0,8,12,148,0,46,67,55,"Salt Lake City","UT"
"5006",41620,"Salt Lake City, UT",1185990,689888,583540,1271,170,315,194,15.66666667,656,272,38,13,305,28,151,318,187,"Salt Lake City","UT"
"5007",41620,"Salt Lake City, UT",1185990,689888,583540,2408,10,332,521,16.66666667,2824,508,258,119,1150,789,1270,992,562,"Salt Lake City","UT"
"5008",41620,"Salt Lake City, UT",1185990,689888,583540,2313,119,194,381,13.83333333,292,48,11,66,167,0,127,112,53,"Salt Lake City","UT"
"5009",41620,"Salt Lake City, UT",1185990,689888,583540,2682,17,130,608,9,2995,323,509,447,1605,111,333,886,1776,"Salt Lake City","UT"
"5010",41620,"Salt Lake City, UT",1185990,689888,583540,1494,0,0,429,5.666666667,363,0,1,301,61,0,91,126,146,"Salt Lake City","UT"
"5011",41620,"Salt Lake City, UT",1185990,689888,583540,1204,0,100,268,13.16666667,5,0,0,2,3,0,2,3,0,"Salt Lake City","UT"
"5012",41620,"Salt Lake City, UT",1185990,689888,583540,1723,0,12,490,12.16666667,184,0,1,25,127,31,86,48,50,"Salt Lake City","UT"
"5013",41620,"Salt Lake City, UT",1185990,689888,583540,1277,17,114,292,12.33333333,15,9,0,0,0,6,9,5,1,"Salt Lake City","UT"
"5014",41620,"Salt Lake City, UT",1185990,689888,583540,1082,0,44,292,13.66666667,392,84,16,59,226,7,127,135,130,"Salt Lake City","UT"
"5015",41620,"Salt Lake City, UT",1185990,689888,583540,1066,21,14,273,7,220,7,15,34,164,0,88,68,64,"Salt Lake City","UT"
"5016",41620,"Salt Lake City, UT",1185990,689888,583540,1097,17,368,265,5.833333333,42,0,3,2,37,0,10,7,25,"Salt Lake City","UT"
"5017",41620,"Salt Lake City, UT",1185990,689888,583540,1115,0,25,342,14.16666667,965,439,9,195,269,53,291,455,219,"Salt Lake City","UT"
"5018",41620,"Salt Lake City, UT",1185990,689888,583540,1946,16,293,393,14.66666667,266,0,20,59,153,34,111,82,73,"Salt Lake City","UT"
"5019",41620,"Salt Lake City, UT",1185990,689888,583540,1305,14,52,368,9.833333333,624,9,34,18,500,63,133,353,138,"Salt Lake City","UT"
"5020",41620,"Salt Lake City, UT",1185990,689888,583540,4725,80,559,726,8.833333333,698,53,555,50,36,4,101,286,311,"Salt Lake City","UT"
"5021",41620,"Salt Lake City, UT",1185990,689888,583540,2095,0,58,424,8.666666667,282,18,0,67,191,6,105,87,90,"Salt Lake City","UT"
"5022",41620,"Salt Lake City, UT",1185990,689888,583540,1102,65,484,72,15.5,224,2,53,5,164,0,63,82,79,"Salt Lake City","UT"
"5023",41620,"Salt Lake City, UT",1185990,689888,583540,1062,15,40,162,12.5,2239,257,18,1538,414,12,475,650,1114,"Salt Lake City","UT"
"5024",41620,"Salt Lake City, UT",1185990,689888,583540,9448,92,566,2023,6.833333333,661,1,6,193,459,2,254,188,219,"Salt Lake City","UT"
"5025",41620,"Salt Lake City, UT",1185990,689888,583540,1492,22,51,374,11.83333333,206,5,9,3,186,3,78,48,80,"Salt Lake City","UT"
"5026",41620,"Salt Lake City, UT",1185990,689888,583540,1963,0,287,362,15.5,551,79,57,34,299,82,173,210,168,"Salt Lake City","UT"
"5027",41620,"Salt Lake City, UT",1185990,689888,583540,2310,90,617,260,16.33333333,135,13,29,11,74,8,54,44,37,"Salt Lake City","UT"
"5028",41620,"Salt Lake City, UT",1185990,689888,583540,2430,38,260,411,15.83333333,173,8,7,2,128,28,54,80,39,"Salt Lake City","UT"
"5029",41620,"Salt Lake City, UT",1185990,689888,583540,9557,50,516,2183,15.83333333,2988,1090,340,214,481,863,1416,1121,451,"Salt Lake City","UT"
"5030",41620,"Salt Lake City, UT",1185990,689888,583540,1440,0,17,386,7,76,19,4,24,29,0,21,24,31,"Salt Lake City","UT"
"5031",41620,"Salt Lake City, UT",1185990,689888,583540,2313,0,82,561,13,260,9,24,40,187,0,97,87,76,"Salt Lake City","UT"
"5032",41620,"Salt Lake City, UT",1185990,689888,583540,1366,10,63,437,15,277,48,37,18,50,124,101,112,64,"Salt Lake City","UT"
"5033",41620,"Salt Lake City, UT",1185990,689888,583540,1992,10,110,364,15.16666667,79,2,0,3,74,0,31,19,29,"Salt Lake City","UT"
"5034",41620,"Salt Lake City, UT",1185990,689888,583540,1942,25,80,479,14.16666667,119,0,2,31,75,11,34,35,50,"Salt Lake City","UT"
"5035",41620,"Salt Lake City, UT",1185990,689888,583540,1990,73,369,424,14.33333333,522,49,97,204,124,48,159,190,173,"Salt Lake City","UT"
"5036",41620,"Salt Lake City, UT",1185990,689888,583540,1113,0,11,280,13.5,126,45,0,22,59,0,61,49,16,"Salt Lake City","UT"
"5037",41620,"Salt Lake City, UT",1185990,689888,583540,2334,0,0,0,4,1821,38,1412,304,47,20,176,339,1306,"Salt Lake City","UT"
"5038",41620,"Salt Lake City, UT",1185990,689888,583540,3734,18,77,1060,5.833333333,130,3,14,48,65,0,32,42,56,"Salt Lake City","UT"
"5039",41620,"Salt Lake City, UT",1185990,689888,583540,1253,0,87,301,14.5,396,188,15,14,175,4,136,183,77,"Salt Lake City","UT"
"5040",41620,"Salt Lake City, UT",1185990,689888,583540,20580,118,1382,4090,17.83333333,2217,89,570,235,1055,268,791,537,889,"Salt Lake City","UT"
"5041",41620,"Salt Lake City, UT",1185990,689888,583540,1586,0,93,309,10.16666667,144,6,0,8,125,5,62,31,51,"Salt Lake City","UT"
"5042",41620,"Salt Lake City, UT",1185990,689888,583540,4453,29,158,1099,8.5,910,13,7,381,431,78,175,336,399,"Salt Lake City","UT"
"5043",41620,"Salt Lake City, UT",1185990,689888,583540,7652,49,110,1798,8.5,535,129,7,56,236,107,241,176,118,"Salt Lake City","UT"
"5044",41620,"Salt Lake City, UT",1185990,689888,583540,10962,0,958,2122,8.5,1245,2,158,307,774,4,372,376,497,"Salt Lake City","UT"
"5045",41620,"Salt Lake City, UT",1185990,689888,583540,1261,21,0,276,6,94,0,9,26,59,0,26,39,29,"Salt Lake City","UT"
"5046",41620,"Salt Lake City, UT",1185990,689888,583540,0,0,0,0,1,37,0,0,0,37,0,8,12,17,"Salt Lake City","UT"
"5047",41620,"Salt Lake City, UT",1185990,689888,583540,1569,0,83,373,2.166666667,42,0,30,7,5,0,31,8,3,"Salt Lake City","UT"
"5048",41620,"Salt Lake City, UT",1185990,689888,583540,715,0,58,176,13.16666667,247,85,47,2,50,63,144,63,40,"Salt Lake City","UT"
"5049",41620,"Salt Lake City, UT",1185990,689888,583540,3061,7,113,638,8.833333333,291,54,15,13,141,68,120,111,60,"Salt Lake City","UT"
"5050",41620,"Salt Lake City, UT",1185990,689888,583540,2646,72,298,664,17.33333333,662,60,190,81,212,119,260,225,177,"Salt Lake City","UT"
"5051",41620,"Salt Lake City, UT",1185990,689888,583540,4464,0,415,1032,10.83333333,249,0,9,86,154,0,86,70,93,"Salt Lake City","UT"
"5052",41620,"Salt Lake City, UT",1185990,689888,583540,807,0,13,211,4.166666667,71,0,0,47,24,0,29,14,28,"Salt Lake City","UT"
"5053",41620,"Salt Lake City, UT",1185990,689888,583540,551,0,0,126,5,623,12,0,0,611,0,177,233,213,"Salt Lake City","UT"
"5054",41620,"Salt Lake City, UT",1185990,689888,583540,1729,5,48,387,6.5,351,34,42,175,37,63,79,126,146,"Salt Lake City","UT"
"5055",41620,"Salt Lake City, UT",1185990,689888,583540,1480,0,162,345,10.83333333,36,0,0,4,32,0,6,11,19,"Salt Lake City","UT"
"5056",41620,"Salt Lake City, UT",1185990,689888,583540,3517,18,69,879,11.16666667,740,0,13,329,318,80,284,300,156,"Salt Lake City","UT"
"5057",41620,"Salt Lake City, UT",1185990,689888,583540,2038,23,262,361,16,651,291,148,30,58,124,271,264,116,"Salt Lake City","UT"
"5058",41620,"Salt Lake City, UT",1185990,689888,583540,2542,0,74,600,7.333333333,25,0,1,13,11,0,6,12,7,"Salt Lake City","UT"
"5059",41620,"Salt Lake City, UT",1185990,689888,583540,1860,6,66,611,2.833333333,123,6,12,98,6,1,35,49,39,"Salt Lake City","UT"
"5060",41620,"Salt Lake City, UT",1185990,689888,583540,5251,0,139,1267,11.16666667,1203,29,151,271,603,149,434,343,426,"Salt Lake City","UT"
"5061",41620,"Salt Lake City, UT",1185990,689888,583540,1043,94,177,138,15.83333333,421,145,11,95,144,26,79,156,186,"Salt Lake City","UT"
"5062",41620,"Salt Lake City, UT",1185990,689888,583540,2056,49,495,374,13.5,1883,0,236,497,1150,0,360,906,617,"Salt Lake City","UT"
"5063",41620,"Salt Lake City, UT",1185990,689888,583540,1725,73,215,351,12.66666667,305,3,33,17,248,4,74,105,126,"Salt Lake City","UT"
"5064",41620,"Salt Lake City, UT",1185990,689888,583540,5082,51,534,1094,6.833333333,1770,13,1336,59,362,0,185,627,958,"Salt Lake City","UT"
"5065",41620,"Salt Lake City, UT",1185990,689888,583540,1218,143,233,135,15.33333333,409,10,31,3,355,10,157,163,89,"Salt Lake City","UT"
"5066",41620,"Salt Lake City, UT",1185990,689888,583540,1625,0,58,392,12.5,73,4,5,51,13,0,22,23,28,"Salt Lake City","UT"
"5067",41620,"Salt Lake City, UT",1185990,689888,583540,2228,306,787,384,18.33333333,36673,3199,13664,2878,11382,5550,6625,10624,19424,"Salt Lake City","UT"
"5068",41620,"Salt Lake City, UT",1185990,689888,583540,2336,8,187,610,13,297,54,54,23,65,101,119,95,83,"Salt Lake City","UT"
"5069",41620,"Salt Lake City, UT",1185990,689888,583540,2654,8,106,682,14.16666667,1528,116,31,256,1082,43,496,575,457,"Salt Lake City","UT"
"5070",41620,"Salt Lake City, UT",1185990,689888,583540,3019,0,102,705,8.833333333,183,4,5,23,52,99,107,51,25,"Salt Lake City","UT"
"5071",41620,"Salt Lake City, UT",1185990,689888,583540,5116,64,306,957,5.5,5927,177,24,4686,1038,2,775,2263,2889,"Salt Lake City","UT"
"5072",41620,"Salt Lake City, UT",1185990,689888,583540,903,0,147,199,10.66666667,176,3,10,51,105,7,69,48,59,"Salt Lake City","UT"
"5073",41620,"Salt Lake City, UT",1185990,689888,583540,1193,0,19,342,16.66666667,1257,138,8,199,423,489,438,358,461,"Salt Lake City","UT"
"5074",41620,"Salt Lake City, UT",1185990,689888,583540,1337,0,336,288,15.5,8996,880,2983,1469,2994,670,1646,2426,4924,"Salt Lake City","UT"
"5075",41620,"Salt Lake City, UT",1185990,689888,583540,2318,0,306,498,16.33333333,945,158,142,33,349,263,363,290,292,"Salt Lake City","UT"
"5076",41620,"Salt Lake City, UT",1185990,689888,583540,1735,38,342,289,12.66666667,9,0,7,2,0,0,1,7,1,"Salt Lake City","UT"
"5077",41620,"Salt Lake City, UT",1185990,689888,583540,2805,89,352,665,10.16666667,3613,202,177,1610,1499,125,623,1218,1772,"Salt Lake City","UT"
"5078",41620,"Salt Lake City, UT",1185990,689888,583540,1504,8,52,364,15.16666667,46,17,6,4,7,12,12,15,19,"Salt Lake City","UT"
"5079",41620,"Salt Lake City, UT",1185990,689888,583540,3366,0,306,783,13,393,3,44,44,302,0,151,95,147,"Salt Lake City","UT"
"5080",41620,"Salt Lake City, UT",1185990,689888,583540,1470,20,150,224,13.33333333,406,35,21,2,123,225,214,129,63,"Salt Lake City","UT"
"5081",41620,"Salt Lake City, UT",1185990,689888,583540,1085,0,66,257,14,10,0,0,2,5,3,3,7,0,"Salt Lake City","UT"
"5082",41620,"Salt Lake City, UT",1185990,689888,583540,1725,0,0,455,7.833333333,1305,38,123,246,864,34,165,423,717,"Salt Lake City","UT"
"5083",41620,"Salt Lake City, UT",1185990,689888,583540,2212,0,87,356,12.33333333,2675,0,3,2661,11,0,248,603,1824,"Salt Lake City","UT"
"5084",41620,"Salt Lake City, UT",1185990,689888,583540,1234,12,78,260,7.5,190,1,1,42,146,0,83,44,63,"Salt Lake City","UT"
"5085",41620,"Salt Lake City, UT",1185990,689888,583540,3689,40,44,728,15.66666667,863,450,6,61,120,226,281,418,164,"Salt Lake City","UT"
"5086",41620,"Salt Lake City, UT",1185990,689888,583540,1680,0,52,387,8,57,0,12,20,25,0,14,23,20,"Salt Lake City","UT"
"5087",41620,"Salt Lake City, UT",1185990,689888,583540,1147,0,32,292,7.5,80,14,4,31,31,0,35,28,17,"Salt Lake City","UT"
"5088",41620,"Salt Lake City, UT",1185990,689888,583540,969,0,13,221,14,227,0,0,21,206,0,78,46,103,"Salt Lake City","UT"
"5089",41620,"Salt Lake City, UT",1185990,689888,583540,1100,17,33,299,12,32,0,1,15,16,0,16,8,8,"Salt Lake City","UT"
"5090",41620,"Salt Lake City, UT",1185990,689888,583540,2476,113,234,427,14.66666667,336,98,60,8,116,54,154,115,67,"Salt Lake City","UT"
"5091",41620,"Salt Lake City, UT",1185990,689888,583540,1916,26,184,526,16.16666667,462,42,123,34,201,62,191,143,128,"Salt Lake City","UT"
"5092",41620,"Salt Lake City, UT",1185990,689888,583540,1862,21,102,466,14.5,1549,179,65,65,1204,36,334,576,639,"Salt Lake City","UT"
"5093",41620,"Salt Lake City, UT",1185990,689888,583540,1250,18,74,279,16.16666667,1587,203,278,130,931,45,248,559,780,"Salt Lake City","UT"
"5094",41620,"Salt Lake City, UT",1185990,689888,583540,765,8,25,216,16.66666667,1326,148,473,66,466,173,326,438,562,"Salt Lake City","UT"
"5095",41620,"Salt Lake City, UT",1185990,689888,583540,1231,33,190,210,14.16666667,107,21,20,3,51,12,28,50,29,"Salt Lake City","UT"
"5096",41620,"Salt Lake City, UT",1185990,689888,583540,1583,17,142,409,12.16666667,28,10,5,7,6,0,12,10,6,"Salt Lake City","UT"
"5097",41620,"Salt Lake City, UT",1185990,689888,583540,1596,42,151,363,16.16666667,947,491,72,130,162,92,326,360,261,"Salt Lake City","UT"
"5098",41620,"Salt Lake City, UT",1185990,689888,583540,1226,19,368,284,14.83333333,3088,608,1479,16,868,117,366,1084,1638,"Salt Lake City","UT"
"5099",41620,"Salt Lake City, UT",1185990,689888,583540,1031,30,183,200,17.66666667,572,52,39,199,116,166,184,135,253,"Salt Lake City","UT"
"5100",41620,"Salt Lake City, UT",1185990,689888,583540,2982,59,105,792,15.16666667,257,38,37,20,37,125,104,69,84,"Salt Lake City","UT"
"5101",41620,"Salt Lake City, UT",1185990,689888,583540,1053,7,25,278,9.166666667,59,4,7,16,27,5,22,17,20,"Salt Lake City","UT"
"5102",41620,"Salt Lake City, UT",1185990,689888,583540,1419,41,136,246,16.5,291,44,5,30,142,70,132,73,86,"Salt Lake City","UT"
"5103",41620,"Salt Lake City, UT",1185990,689888,583540,1251,20,244,178,16.5,198,75,7,76,37,3,88,69,41,"Salt Lake City","UT"
"5104",41620,"Salt Lake City, UT",1185990,689888,583540,1243,32,82,277,15.33333333,146,26,20,13,62,25,59,57,30,"Salt Lake City","UT"
"5105",41620,"Salt Lake City, UT",1185990,689888,583540,1342,0,106,363,16,330,2,55,103,170,0,64,107,159,"Salt Lake City","UT"
"5106",41620,"Salt Lake City, UT",1185990,689888,583540,1281,13,24,384,12.5,313,4,12,12,283,2,109,89,115,"Salt Lake City","UT"
"5107",41620,"Salt Lake City, UT",1185990,689888,583540,1314,0,246,230,16.5,2656,261,367,1253,478,297,504,1062,1090,"Salt Lake City","UT"
"5108",41620,"Salt Lake City, UT",1185990,689888,583540,1335,0,398,160,16.16666667,2075,82,341,126,1489,37,365,556,1154,"Salt Lake City","UT"
"5109",41620,"Salt Lake City, UT",1185990,689888,583540,1533,0,177,416,15.16666667,258,14,13,16,215,0,72,90,96,"Salt Lake City","UT"
"5110",41620,"Salt Lake City, UT",1185990,689888,583540,1151,0,38,348,13.33333333,55,0,7,27,15,6,23,22,10,"Salt Lake City","UT"
"5111",41620,"Salt Lake City, UT",1185990,689888,583540,1842,0,172,452,11,2516,229,1217,141,923,6,420,901,1195,"Salt Lake City","UT"
"5112",41620,"Salt Lake City, UT",1185990,689888,583540,2346,13,49,582,9.5,398,5,69,120,204,0,90,128,180,"Salt Lake City","UT"
"5113",41620,"Salt Lake City, UT",1185990,689888,583540,1056,0,67,292,15.16666667,198,8,14,13,163,0,58,78,62,"Salt Lake City","UT"
"5114",41620,"Salt Lake City, UT",1185990,689888,583540,1728,17,73,454,16.33333333,765,27,31,292,395,20,175,247,343,"Salt Lake City","UT"
"5115",41620,"Salt Lake City, UT",1185990,689888,583540,2869,140,280,637,12,1023,352,175,50,304,142,374,365,284,"Salt Lake City","UT"
"5116",41620,"Salt Lake City, UT",1185990,689888,583540,2190,0,101,587,9.666666667,130,7,11,38,72,2,26,48,56,"Salt Lake City","UT"
"5117",41620,"Salt Lake City, UT",1185990,689888,583540,1216,0,41,325,12.33333333,34,1,0,10,23,0,9,14,11,"Salt Lake City","UT"
"5118",41620,"Salt Lake City, UT",1185990,689888,583540,1806,0,36,440,13.33333333,84,0,4,16,18,46,36,28,20,"Salt Lake City","UT"
"5119",41620,"Salt Lake City, UT",1185990,689888,583540,1141,0,42,374,9.666666667,228,18,4,18,175,13,105,76,47,"Salt Lake City","UT"
"5120",41620,"Salt Lake City, UT",1185990,689888,583540,1267,0,103,272,15.66666667,637,55,109,57,393,23,200,261,176,"Salt Lake City","UT"
"5121",41620,"Salt Lake City, UT",1185990,689888,583540,1889,15,307,404,18,4475,2296,454,137,655,933,1929,1684,862,"Salt Lake City","UT"
"5122",41620,"Salt Lake City, UT",1185990,689888,583540,1776,39,97,521,7.5,127,2,11,60,53,1,43,48,36,"Salt Lake City","UT"
"5123",41620,"Salt Lake City, UT",1185990,689888,583540,2162,21,167,525,14.66666667,192,39,44,49,60,0,63,80,49,"Salt Lake City","UT"
"5124",41620,"Salt Lake City, UT",1185990,689888,583540,1291,0,44,349,9.833333333,132,34,8,40,17,33,72,40,20,"Salt Lake City","UT"
"5125",41620,"Salt Lake City, UT",1185990,689888,583540,1490,0,81,390,7.333333333,135,2,22,39,72,0,49,44,42,"Salt Lake City","UT"
"5126",41620,"Salt Lake City, UT",1185990,689888,583540,1418,12,94,368,8.666666667,175,0,4,10,161,0,67,63,45,"Salt Lake City","UT"
"5127",41620,"Salt Lake City, UT",1185990,689888,583540,984,10,20,262,8.333333333,59,0,5,23,20,11,13,22,24,"Salt Lake City","UT"
"5128",41620,"Salt Lake City, UT",1185990,689888,583540,763,0,23,209,13.83333333,41,0,1,8,32,0,16,18,7,"Salt Lake City","UT"
"5129",41620,"Salt Lake City, UT",1185990,689888,583540,1996,97,105,488,15.33333333,425,27,74,62,250,12,144,163,118,"Salt Lake City","UT"
"5130",41620,"Salt Lake City, UT",1185990,689888,583540,871,32,66,225,17.66666667,1673,696,178,15,153,631,951,545,177,"Salt Lake City","UT"
"5131",41620,"Salt Lake City, UT",1185990,689888,583540,924,43,249,152,17.5,1598,56,849,1,542,150,705,387,506,"Salt Lake City","UT"
"5132",41620,"Salt Lake City, UT",1185990,689888,583540,1540,0,52,309,11.83333333,100,0,0,2,98,0,57,17,26,"Salt Lake City","UT"
"5133",41620,"Salt Lake City, UT",1185990,689888,583540,2636,31,285,496,13.5,3782,181,338,423,2805,35,693,1418,1671,"Salt Lake City","UT"
"5134",41620,"Salt Lake City, UT",1185990,689888,583540,1523,59,263,324,15.83333333,575,76,210,33,135,121,154,204,217,"Salt Lake City","UT"
"5135",41620,"Salt Lake City, UT",1185990,689888,583540,3082,97,220,610,13.66666667,292,20,10,21,241,0,136,101,55,"Salt Lake City","UT"
"5136",41620,"Salt Lake City, UT",1185990,689888,583540,1917,0,102,503,12,51,0,1,9,41,0,16,29,6,"Salt Lake City","UT"
"5137",41620,"Salt Lake City, UT",1185990,689888,583540,2627,6,112,646,13.33333333,123,3,9,20,83,8,58,41,24,"Salt Lake City","UT"
"5138",41620,"Salt Lake City, UT",1185990,689888,583540,1228,5,130,304,18.66666667,831,106,68,10,450,197,388,255,188,"Salt Lake City","UT"
"5139",41620,"Salt Lake City, UT",1185990,689888,583540,845,0,74,226,14.83333333,155,26,0,27,102,0,50,53,52,"Salt Lake City","UT"
"5140",41620,"Salt Lake City, UT",1185990,689888,583540,794,11,9,216,10.66666667,5,0,0,4,1,0,0,3,2,"Salt Lake City","UT"
"5141",41620,"Salt Lake City, UT",1185990,689888,583540,2323,11,255,485,12.83333333,108,16,2,8,36,46,50,37,21,"Salt Lake City","UT"
"5142",41620,"Salt Lake City, UT",1185990,689888,583540,1675,17,28,375,13,139,67,0,21,51,0,73,53,13,"Salt Lake City","UT"
"5143",41620,"Salt Lake City, UT",1185990,689888,583540,2225,5,103,421,12.83333333,137,2,0,10,124,1,56,31,50,"Salt Lake City","UT"
"5144",41620,"Salt Lake City, UT",1185990,689888,583540,1803,9,36,424,5.333333333,104,0,0,93,11,0,16,41,47,"Salt Lake City","UT"
"5145",41620,"Salt Lake City, UT",1185990,689888,583540,1489,18,196,316,13.83333333,284,135,17,34,61,37,120,114,50,"Salt Lake City","UT"
"5146",41620,"Salt Lake City, UT",1185990,689888,583540,1839,17,362,481,19.16666667,3789,934,972,266,987,630,1022,1255,1512,"Salt Lake City","UT"
"5147",41620,"Salt Lake City, UT",1185990,689888,583540,906,11,30,274,16.83333333,1114,238,480,14,224,158,320,353,441,"Salt Lake City","UT"
"5148",41620,"Salt Lake City, UT",1185990,689888,583540,1593,19,158,363,14,105,26,8,40,31,0,26,33,46,"Salt Lake City","UT"
"5149",41620,"Salt Lake City, UT",1185990,689888,583540,1795,7,287,396,15.33333333,181,10,4,50,110,7,56,75,50,"Salt Lake City","UT"
"5150",41620,"Salt Lake City, UT",1185990,689888,583540,1580,10,78,383,13.33333333,41,0,5,12,24,0,11,21,9,"Salt Lake City","UT"
"5151",41620,"Salt Lake City, UT",1185990,689888,583540,1541,13,58,377,18.5,543,273,23,43,124,80,208,238,97,"Salt Lake City","UT"
"5152",41620,"Salt Lake City, UT",1185990,689888,583540,1813,73,288,333,13.16666667,160,19,18,33,90,0,44,50,66,"Salt Lake City","UT"
"5153",41620,"Salt Lake City, UT",1185990,689888,583540,1201,24,147,290,13.5,285,74,1,40,143,27,115,48,122,"Salt Lake City","UT"
"5154",41620,"Salt Lake City, UT",1185990,689888,583540,2428,36,330,537,11.5,243,13,7,138,83,2,66,88,89,"Salt Lake City","UT"
"5155",41620,"Salt Lake City, UT",1185990,689888,583540,2067,61,309,344,14.33333333,349,21,61,184,83,0,52,146,151,"Salt Lake City","UT"
"5156",41620,"Salt Lake City, UT",1185990,689888,583540,796,43,105,124,12.66666667,3608,139,680,1004,1767,18,665,1455,1488,"Salt Lake City","UT"
"5157",41620,"Salt Lake City, UT",1185990,689888,583540,1031,0,140,189,16.33333333,352,11,15,121,164,41,108,99,145,"Salt Lake City","UT"
"5158",41620,"Salt Lake City, UT",1185990,689888,583540,639,11,64,155,15.5,251,23,53,104,32,39,66,77,108,"Salt Lake City","UT"
"5159",41620,"Salt Lake City, UT",1185990,689888,583540,1526,0,104,320,7.333333333,1359,40,11,12,1231,65,317,479,563,"Salt Lake City","UT"
"5160",41620,"Salt Lake City, UT",1185990,689888,583540,1372,17,87,353,8,75,0,0,20,55,0,25,21,29,"Salt Lake City","UT"
"5161",41620,"Salt Lake City, UT",1185990,689888,583540,1068,27,13,310,17.16666667,1095,207,88,30,653,117,497,333,265,"Salt Lake City","UT"
"5162",41620,"Salt Lake City, UT",1185990,689888,583540,1024,8,69,237,7.5,46,0,0,19,27,0,12,15,19,"Salt Lake City","UT"
"5163",41620,"Salt Lake City, UT",1185990,689888,583540,1582,20,170,324,16.83333333,869,59,394,43,325,48,220,251,398,"Salt Lake City","UT"
"5164",41620,"Salt Lake City, UT",1185990,689888,583540,882,0,110,246,15.16666667,137,56,11,28,34,8,47,46,44,"Salt Lake City","UT"
"5165",41620,"Salt Lake City, UT",1185990,689888,583540,3007,65,181,667,16,923,532,12,36,157,186,408,404,111,"Salt Lake City","UT"
"5166",41620,"Salt Lake City, UT",1185990,689888,583540,2208,112,308,435,17.33333333,933,79,189,74,514,77,252,335,346,"Salt Lake City","UT"
"5167",41620,"Salt Lake City, UT",1185990,689888,583540,1304,0,51,338,16.33333333,745,354,7,12,231,141,335,312,98,"Salt Lake City","UT"
"5168",41620,"Salt Lake City, UT",1185990,689888,583540,1472,35,78,355,15.33333333,748,24,121,40,518,45,224,252,272,"Salt Lake City","UT"
"5169",41620,"Salt Lake City, UT",1185990,689888,583540,2187,9,40,594,11.16666667,303,5,28,37,164,69,109,91,103,"Salt Lake City","UT"
"5170",41620,"Salt Lake City, UT",1185990,689888,583540,1817,0,104,347,11.83333333,181,36,4,125,16,0,45,56,80,"Salt Lake City","UT"
"5171",41620,"Salt Lake City, UT",1185990,689888,583540,2294,0,143,540,15.16666667,688,198,8,34,404,44,316,197,175,"Salt Lake City","UT"
"5172",41620,"Salt Lake City, UT",1185990,689888,583540,2773,23,177,634,16.83333333,2291,278,267,825,853,68,504,859,928,"Salt Lake City","UT"
"5173",41620,"Salt Lake City, UT",1185990,689888,583540,2778,5,239,634,17,1583,362,59,87,598,477,721,576,286,"Salt Lake City","UT"
"5174",41620,"Salt Lake City, UT",1185990,689888,583540,2900,0,41,752,8.5,150,16,12,40,73,9,46,60,44,"Salt Lake City","UT"
"5175",41620,"Salt Lake City, UT",1185990,689888,583540,2458,0,132,627,9.333333333,233,44,4,98,36,51,76,83,74,"Salt Lake City","UT"
"5176",41620,"Salt Lake City, UT",1185990,689888,583540,3533,10,98,758,14,471,25,17,77,304,48,199,145,127,"Salt Lake City","UT"
"5177",41620,"Salt Lake City, UT",1185990,689888,583540,3262,143,289,688,13.5,84,16,23,0,45,0,23,31,30,"Salt Lake City","UT"
"5178",41620,"Salt Lake City, UT",1185990,689888,583540,3642,13,400,674,14.5,894,467,51,265,58,53,193,371,330,"Salt Lake City","UT"
"5179",41620,"Salt Lake City, UT",1185990,689888,583540,1415,9,220,275,13.16666667,59,0,0,12,45,2,17,27,15,"Salt Lake City","UT"
"5180",41620,"Salt Lake City, UT",1185990,689888,583540,960,0,76,151,12.66666667,2329,29,1,31,2254,14,1039,579,711,"Salt Lake City","UT"
"5181",41620,"Salt Lake City, UT",1185990,689888,583540,2429,108,382,414,15.5,1368,614,105,45,495,109,323,638,407,"Salt Lake City","UT"
"5182",41620,"Salt Lake City, UT",1185990,689888,583540,1668,33,57,325,12.33333333,48,34,0,9,5,0,13,18,17,"Salt Lake City","UT"
"5183",41620,"Salt Lake City, UT",1185990,689888,583540,1630,14,94,278,11.83333333,105,0,3,0,102,0,44,22,39,"Salt Lake City","UT"
"5184",41620,"Salt Lake City, UT",1185990,689888,583540,2546,16,116,523,11.33333333,23,20,0,3,0,0,8,10,5,"Salt Lake City","UT"
"5185",41620,"Salt Lake City, UT",1185990,689888,583540,2277,7,61,506,14,177,14,0,68,78,17,55,55,67,"Salt Lake City","UT"
"5186",41620,"Salt Lake City, UT",1185990,689888,583540,1862,0,105,440,12,30,0,11,5,14,0,12,11,7,"Salt Lake City","UT"
"5187",41620,"Salt Lake City, UT",1185990,689888,583540,2772,5,70,576,11.66666667,492,3,7,17,465,0,93,266,133,"Salt Lake City","UT"
"5188",41620,"Salt Lake City, UT",1185990,689888,583540,1251,7,39,203,14.5,326,50,7,194,45,30,62,176,88,"Salt Lake City","UT"
"5189",41620,"Salt Lake City, UT",1185990,689888,583540,957,0,76,233,11.33333333,86,14,8,2,0,62,41,35,10,"Salt Lake City","UT"
"5190",41620,"Salt Lake City, UT",1185990,689888,583540,1779,55,201,357,13.33333333,137,0,0,24,41,72,65,48,24,"Salt Lake City","UT"
"5191",41620,"Salt Lake City, UT",1185990,689888,583540,1143,48,69,318,15.83333333,768,314,9,50,63,332,389,285,94,"Salt Lake City","UT"
"5192",41620,"Salt Lake City, UT",1185990,689888,583540,2696,0,204,510,8,227,2,17,19,171,18,107,53,67,"Salt Lake City","UT"
"5193",41620,"Salt Lake City, UT",1185990,689888,583540,2346,12,60,587,11.16666667,83,2,2,53,26,0,18,27,38,"Salt Lake City","UT"
"5194",41620,"Salt Lake City, UT",1185990,689888,583540,3123,16,136,726,13.83333333,260,18,25,29,188,0,109,110,41,"Salt Lake City","UT"
"5195",41620,"Salt Lake City, UT",1185990,689888,583540,1831,0,42,420,9.666666667,45,2,3,36,4,0,12,16,17,"Salt Lake City","UT"
"5196",41620,"Salt Lake City, UT",1185990,689888,583540,1748,35,167,264,15.16666667,649,418,131,4,92,4,198,281,170,"Salt Lake City","UT"
"5197",41620,"Salt Lake City, UT",1185990,689888,583540,2450,0,143,479,11.5,168,0,0,13,155,0,62,38,68,"Salt Lake City","UT"
"5198",41620,"Salt Lake City, UT",1185990,689888,583540,2270,7,98,495,13.66666667,147,9,9,10,119,0,54,64,29,"Salt Lake City","UT"
"5199",41620,"Salt Lake City, UT",1185990,689888,583540,1421,0,99,322,12.5,38,0,1,11,5,21,17,16,5,"Salt Lake City","UT"
"5200",41620,"Salt Lake City, UT",1185990,689888,583540,1750,0,114,375,15.16666667,129,0,88,11,28,2,48,49,32,"Salt Lake City","UT"
"5201",41620,"Salt Lake City, UT",1185990,689888,583540,1957,27,119,373,13.16666667,47,9,0,35,3,0,7,10,30,"Salt Lake City","UT"
"5202",41620,"Salt Lake City, UT",1185990,689888,583540,841,6,99,199,13.33333333,428,27,0,20,373,8,174,87,167,"Salt Lake City","UT"
"5203",41620,"Salt Lake City, UT",1185990,689888,583540,3369,29,133,766,6.666666667,193,0,0,56,137,0,23,89,81,"Salt Lake City","UT"
"5204",41620,"Salt Lake City, UT",1185990,689888,583540,1660,17,190,317,11.16666667,182,15,1,15,151,0,70,61,51,"Salt Lake City","UT"
"5205",41620,"Salt Lake City, UT",1185990,689888,583540,1887,7,89,467,15.33333333,188,23,26,33,106,0,41,89,58,"Salt Lake City","UT"
"5206",41620,"Salt Lake City, UT",1185990,689888,583540,931,8,75,228,14.5,217,74,41,12,49,41,50,93,74,"Salt Lake City","UT"
"5207",41620,"Salt Lake City, UT",1185990,689888,583540,2198,15,86,505,11.5,145,0,0,6,139,0,57,32,56,"Salt Lake City","UT"
"5208",41620,"Salt Lake City, UT",1185990,689888,583540,7000,15,234,1297,6,2293,16,447,1716,114,0,202,500,1591,"Salt Lake City","UT"
"5209",41620,"Salt Lake City, UT",1185990,689888,583540,2324,0,95,582,10.33333333,359,0,1,358,0,0,25,131,203,"Salt Lake City","UT"
"5210",41620,"Salt Lake City, UT",1185990,689888,583540,1340,16,171,299,12.5,34,9,3,8,13,1,8,16,10,"Salt Lake City","UT"
"5211",41620,"Salt Lake City, UT",1185990,689888,583540,1560,22,104,397,16.66666667,867,203,79,89,260,236,457,247,163,"Salt Lake City","UT"
"5212",41620,"Salt Lake City, UT",1185990,689888,583540,1279,9,118,304,14.16666667,66,15,1,6,44,0,29,24,13,"Salt Lake City","UT"
"5213",41620,"Salt Lake City, UT",1185990,689888,583540,722,22,45,183,14.16666667,159,60,4,0,95,0,57,52,50,"Salt Lake City","UT"
"5214",41620,"Salt Lake City, UT",1185990,689888,583540,1541,51,132,376,15.5,161,0,63,21,77,0,53,35,73,"Salt Lake City","UT"
"5215",41620,"Salt Lake City, UT",1185990,689888,583540,1458,10,150,376,14.5,69,0,5,5,27,32,28,20,21,"Salt Lake City","UT"
"5216",41620,"Salt Lake City, UT",1185990,689888,583540,723,0,0,236,7.833333333,73,2,5,9,14,43,22,26,25,"Salt Lake City","UT"
"5217",41620,"Salt Lake City, UT",1185990,689888,583540,656,0,35,220,9.833333333,424,0,7,3,37,377,233,124,67,"Salt Lake City","UT"
"5218",41620,"Salt Lake City, UT",1185990,689888,583540,1674,10,100,553,14.16666667,139,8,17,44,37,33,39,54,46,"Salt Lake City","UT"
"5219",41620,"Salt Lake City, UT",1185990,689888,583540,1589,0,138,389,7.666666667,53,4,4,30,15,0,20,21,12,"Salt Lake City","UT"
"5220",41620,"Salt Lake City, UT",1185990,689888,583540,2222,9,156,609,14.83333333,531,167,14,147,153,50,151,205,175,"Salt Lake City","UT"
"5221",41620,"Salt Lake City, UT",1185990,689888,583540,2714,64,301,253,13.33333333,1471,123,625,170,306,247,269,471,731,"Salt Lake City","UT"
"5222",41620,"Salt Lake City, UT",1185990,689888,583540,1572,68,127,369,14.16666667,61,0,22,11,15,13,10,31,20,"Salt Lake City","UT"
"5223",41620,"Salt Lake City, UT",1185990,689888,583540,1256,0,70,239,15.83333333,549,0,90,395,63,1,74,229,246,"Salt Lake City","UT"
"5224",41620,"Salt Lake City, UT",1185990,689888,583540,1806,88,398,281,9.5,6,2,4,0,0,0,4,1,1,"Salt Lake City","UT"
"5225",41620,"Salt Lake City, UT",1185990,689888,583540,1795,0,204,375,16.66666667,795,222,14,37,422,100,312,265,218,"Salt Lake City","UT"
"5226",41620,"Salt Lake City, UT",1185990,689888,583540,3540,190,614,617,15.33333333,10317,1073,1136,1544,6441,123,1822,3998,4497,"Salt Lake City","UT"
"5227",41620,"Salt Lake City, UT",1185990,689888,583540,4906,100,927,1059,16.66666667,5752,2060,302,1171,1981,238,611,1622,3519,"Salt Lake City","UT"
"5228",41620,"Salt Lake City, UT",1185990,689888,583540,2316,17,209,430,15.83333333,2967,35,680,90,1962,200,1030,818,1119,"Salt Lake City","UT"
"5229",41620,"Salt Lake City, UT",1185990,689888,583540,1985,0,128,397,14.5,1221,149,49,40,861,122,241,484,496,"Salt Lake City","UT"
"5230",41620,"Salt Lake City, UT",1185990,689888,583540,1993,34,254,441,15.5,2858,106,934,67,1599,152,444,695,1719,"Salt Lake City","UT"
"5231",41620,"Salt Lake City, UT",1185990,689888,583540,1206,0,21,258,8.666666667,527,0,1,53,473,0,194,126,207,"Salt Lake City","UT"
"5232",41620,"Salt Lake City, UT",1185990,689888,583540,1443,0,130,479,9.666666667,312,37,6,17,95,157,116,127,69,"Salt Lake City","UT"
"5233",41620,"Salt Lake City, UT",1185990,689888,583540,2046,24,222,622,15,800,53,164,92,441,50,251,290,259,"Salt Lake City","UT"
"5234",41620,"Salt Lake City, UT",1185990,689888,583540,1336,252,239,251,13,176,61,0,4,111,0,83,64,29,"Salt Lake City","UT"
"5235",41620,"Salt Lake City, UT",1185990,689888,583540,4829,11,186,1019,5.166666667,71,2,8,50,11,0,21,26,24,"Salt Lake City","UT"
"5236",41620,"Salt Lake City, UT",1185990,689888,583540,2185,95,283,272,15.66666667,489,246,40,46,27,130,181,183,125,"Salt Lake City","UT"
"5237",41620,"Salt Lake City, UT",1185990,689888,583540,1995,9,41,489,11.33333333,2061,157,520,392,956,36,729,726,606,"Salt Lake City","UT"
"5238",41620,"Salt Lake City, UT",1185990,689888,583540,2538,106,165,589,11,1026,361,29,169,462,5,319,420,287,"Salt Lake City","UT"
"5239",41620,"Salt Lake City, UT",1185990,689888,583540,2699,14,9,600,8,530,1,134,77,318,0,232,144,154,"Salt Lake City","UT"
"5240",41620,"Salt Lake City, UT",1185990,689888,583540,2961,30,173,757,10.33333333,1893,94,229,199,1123,248,636,641,616,"Salt Lake City","UT"
"5241",41620,"Salt Lake City, UT",1185990,689888,583540,2601,13,70,602,14.83333333,6379,269,2002,461,2900,747,978,2101,3300,"Salt Lake City","UT"
"5242",41620,"Salt Lake City, UT",1185990,689888,583540,2691,26,266,395,13.66666667,937,140,53,5,738,1,213,346,378,"Salt Lake City","UT"
"5243",41620,"Salt Lake City, UT",1185990,689888,583540,1534,0,59,371,15.5,97,13,33,8,7,36,56,37,4,"Salt Lake City","UT"
"5244",41620,"Salt Lake City, UT",1185990,689888,583540,5934,66,359,1220,11.66666667,974,167,4,553,133,117,223,304,447,"Salt Lake City","UT"
"5245",41620,"Salt Lake City, UT",1185990,689888,583540,2441,42,65,507,13,297,16,20,163,98,0,75,101,121,"Salt Lake City","UT"
"5246",41620,"Salt Lake City, UT",1185990,689888,583540,2426,0,90,489,6.833333333,28,0,0,22,6,0,5,14,9,"Salt Lake City","UT"
"5247",41620,"Salt Lake City, UT",1185990,689888,583540,1634,6,111,330,6.166666667,17,0,2,10,5,0,9,5,3,"Salt Lake City","UT"
"5248",41620,"Salt Lake City, UT",1185990,689888,583540,2519,19,184,597,14.5,432,140,11,19,167,95,183,157,92,"Salt Lake City","UT"
"5249",41620,"Salt Lake City, UT",1185990,689888,583540,1416,7,10,416,13.16666667,162,0,0,9,86,67,70,49,43,"Salt Lake City","UT"
"5250",41620,"Salt Lake City, UT",1185990,689888,583540,1078,0,138,265,17.66666667,1048,208,49,127,148,516,503,388,157,"Salt Lake City","UT"
"5251",41620,"Salt Lake City, UT",1185990,689888,583540,2371,19,146,379,11.5,13,0,0,5,7,1,3,2,8,"Salt Lake City","UT"
"5252",41620,"Salt Lake City, UT",1185990,689888,583540,1675,0,27,332,11.33333333,16,0,0,15,1,0,4,4,8,"Salt Lake City","UT"
"5253",41620,"Salt Lake City, UT",1185990,689888,583540,1052,0,81,194,14.16666667,125,0,0,0,125,0,40,27,58,"Salt Lake City","UT"
"5254",41620,"Salt Lake City, UT",1185990,689888,583540,869,9,65,182,12.5,66,0,3,48,15,0,13,13,40,"Salt Lake City","UT"
"5255",41620,"Salt Lake City, UT",1185990,689888,583540,1827,19,240,275,13.5,172,0,5,0,167,0,65,41,66,"Salt Lake City","UT"
"5256",41620,"Salt Lake City, UT",1185990,689888,583540,1575,11,134,339,12,0,0,0,0,0,0,0,0,0,"Salt Lake City","UT"
"5257",41620,"Salt Lake City, UT",1185990,689888,583540,2571,0,64,608,15,1100,197,79,125,503,196,452,411,237,"Salt Lake City","UT"
"5258",41620,"Salt Lake City, UT",1185990,689888,583540,1815,7,134,321,13,628,441,6,17,161,3,198,288,142,"Salt Lake City","UT"
"5259",41620,"Salt Lake City, UT",1185990,689888,583540,1387,9,122,204,14.33333333,831,437,140,33,169,52,196,332,303,"Salt Lake City","UT"
"5260",41620,"Salt Lake City, UT",1185990,689888,583540,1786,24,40,382,15.5,125,42,32,15,36,0,40,61,24,"Salt Lake City","UT"
"5261",41620,"Salt Lake City, UT",1185990,689888,583540,956,10,139,188,14,128,44,2,3,48,31,58,46,24,"Salt Lake City","UT"
"5262",41620,"Salt Lake City, UT",1185990,689888,583540,2807,0,73,516,13.5,222,0,1,142,69,10,58,75,89,"Salt Lake City","UT"
"5263",41620,"Salt Lake City, UT",1185990,689888,583540,1459,12,31,275,15.16666667,489,187,15,2,272,13,168,168,153,"Salt Lake City","UT"
"5264",41620,"Salt Lake City, UT",1185990,689888,583540,1556,13,67,344,12.83333333,30,0,3,13,14,0,7,16,7,"Salt Lake City","UT"
"5265",41620,"Salt Lake City, UT",1185990,689888,583540,3258,8,67,650,17.33333333,591,120,37,33,146,255,287,215,89,"Salt Lake City","UT"
"5266",41620,"Salt Lake City, UT",1185990,689888,583540,1040,75,157,192,14.33333333,262,9,26,6,221,0,89,108,65,"Salt Lake City","UT"
"5267",41620,"Salt Lake City, UT",1185990,689888,583540,1662,0,21,330,12.5,157,2,10,4,128,13,77,59,21,"Salt Lake City","UT"
"5268",41620,"Salt Lake City, UT",1185990,689888,583540,2264,83,531,254,11,32,3,2,4,23,0,12,16,4,"Salt Lake City","UT"
"5269",41620,"Salt Lake City, UT",1185990,689888,583540,2477,15,71,670,11.33333333,100,8,8,26,58,0,51,31,18,"Salt Lake City","UT"
"5270",41620,"Salt Lake City, UT",1185990,689888,583540,1074,25,201,272,14,515,39,1,4,463,8,197,125,193,"Salt Lake City","UT"
"5271",41620,"Salt Lake City, UT",1185990,689888,583540,2143,0,110,571,13.33333333,239,43,4,44,102,46,103,74,62,"Salt Lake City","UT"
"5272",41620,"Salt Lake City, UT",1185990,689888,583540,1254,0,64,339,12.66666667,692,0,34,52,606,0,263,282,147,"Salt Lake City","UT"
"5273",41620,"Salt Lake City, UT",1185990,689888,583540,2075,0,537,371,14.33333333,137,31,33,8,65,0,52,54,31,"Salt Lake City","UT"
"5274",41620,"Salt Lake City, UT",1185990,689888,583540,1464,0,47,399,17.66666667,530,160,29,29,251,61,207,195,128,"Salt Lake City","UT"
"5275",41620,"Salt Lake City, UT",1185990,689888,583540,1793,8,118,425,16,362,212,8,6,91,45,148,139,75,"Salt Lake City","UT"
"5276",41620,"Salt Lake City, UT",1185990,689888,583540,2691,9,30,626,15.33333333,638,0,7,125,362,144,246,195,197,"Salt Lake City","UT"
"5277",41620,"Salt Lake City, UT",1185990,689888,583540,2827,0,145,673,16.5,801,207,165,112,200,117,296,268,237,"Salt Lake City","UT"
"5278",41620,"Salt Lake City, UT",1185990,689888,583540,2230,8,75,546,14,292,24,19,83,149,17,124,89,79,"Salt Lake City","UT"
"5279",41620,"Salt Lake City, UT",1185990,689888,583540,1340,0,75,308,14.66666667,80,11,9,35,20,5,29,35,16,"Salt Lake City","UT"
"5280",41620,"Salt Lake City, UT",1185990,689888,583540,2143,16,83,475,12.83333333,55,0,5,23,27,0,19,21,15,"Salt Lake City","UT"
"5281",41620,"Salt Lake City, UT",1185990,689888,583540,2104,81,113,448,13,468,23,11,63,343,28,236,145,87,"Salt Lake City","UT"
"5282",41620,"Salt Lake City, UT",1185990,689888,583540,1633,56,95,275,14.16666667,160,27,30,5,38,60,56,61,43,"Salt Lake City","UT"
"5283",41620,"Salt Lake City, UT",1185990,689888,583540,1474,0,92,371,9.666666667,20,0,0,13,7,0,5,8,7,"Salt Lake City","UT"
"5284",41620,"Salt Lake City, UT",1185990,689888,583540,1784,7,176,319,14.16666667,203,9,0,9,185,0,90,39,74,"Salt Lake City","UT"
"5285",41620,"Salt Lake City, UT",1185990,689888,583540,1662,0,130,435,12.66666667,1178,32,16,1,1107,22,448,408,322,"Salt Lake City","UT"
"5286",41620,"Salt Lake City, UT",1185990,689888,583540,1128,175,316,138,18.16666667,2137,795,529,197,476,140,734,824,579,"Salt Lake City","UT"
"5287",41620,"Salt Lake City, UT",1185990,689888,583540,1451,31,212,296,15.5,171,9,5,29,65,63,79,37,55,"Salt Lake City","UT"
"5288",41620,"Salt Lake City, UT",1185990,689888,583540,1866,138,371,233,17.5,908,207,57,270,338,36,212,380,316,"Salt Lake City","UT"
"5289",41620,"Salt Lake City, UT",1185990,689888,583540,1813,76,301,288,15,412,16,157,34,188,17,96,179,137,"Salt Lake City","UT"
"5290",41620,"Salt Lake City, UT",1185990,689888,583540,1816,0,175,576,15.5,1449,81,45,134,1128,61,347,612,490,"Salt Lake City","UT"
"5291",41620,"Salt Lake City, UT",1185990,689888,583540,1116,25,82,259,10.5,2270,0,5,8,2257,0,407,809,1054,"Salt Lake City","UT"
"5292",41620,"Salt Lake City, UT",1185990,689888,583540,1725,32,334,365,15.16666667,244,28,38,22,110,46,86,89,69,"Salt Lake City","UT"
"5293",41620,"Salt Lake City, UT",1185990,689888,583540,1554,68,279,388,13.66666667,5475,192,199,122,4875,87,1124,2282,2069,"Salt Lake City","UT"
"5294",41620,"Salt Lake City, UT",1185990,689888,583540,2524,8,40,727,8,271,9,26,94,139,3,88,84,99,"Salt Lake City","UT"
"5295",41620,"Salt Lake City, UT",1185990,689888,583540,1573,35,98,274,12.66666667,231,0,27,2,130,72,77,94,60,"Salt Lake City","UT"
"5296",41620,"Salt Lake City, UT",1185990,689888,583540,0,0,0,0,6.833333333,20944,185,4954,9656,4507,1642,2534,6837,11573,"Salt Lake City","UT"
"5297",41620,"Salt Lake City, UT",1185990,689888,583540,2021,11,61,467,8.833333333,314,0,23,41,244,6,98,112,104,"Salt Lake City","UT"
"5298",41620,"Salt Lake City, UT",1185990,689888,583540,6835,0,92,1611,14.16666667,559,7,10,47,495,0,259,132,168,"Salt Lake City","UT"
"5299",41620,"Salt Lake City, UT",1185990,689888,583540,1188,0,7,304,6.833333333,33,0,3,15,15,0,12,15,6,"Salt Lake City","UT"
"5300",41620,"Salt Lake City, UT",1185990,689888,583540,2272,28,124,81,13.33333333,16748,6,695,1669,14219,159,1949,4790,10009,"Salt Lake City","UT"
"5301",41620,"Salt Lake City, UT",1185990,689888,583540,2606,31,102,577,11,1172,23,60,716,345,28,210,327,635,"Salt Lake City","UT"
"5302",41620,"Salt Lake City, UT",1185990,689888,583540,1781,260,768,185,18.66666667,5391,89,2176,196,2665,265,1214,1385,2792,"Salt Lake City","UT"
"5303",41620,"Salt Lake City, UT",1185990,689888,583540,2222,6,84,559,8,268,0,13,19,156,80,93,95,80,"Salt Lake City","UT"
"5304",41620,"Salt Lake City, UT",1185990,689888,583540,2088,66,266,392,9.5,5202,197,94,4456,383,72,613,2003,2586,"Salt Lake City","UT"
"5305",41620,"Salt Lake City, UT",1185990,689888,583540,13203,22,387,2835,11,991,35,77,264,566,49,320,314,357,"Salt Lake City","UT"
"5306",41620,"Salt Lake City, UT",1185990,689888,583540,5058,0,88,1154,6,403,0,15,171,217,0,156,116,131,"Salt Lake City","UT"
"5307",41620,"Salt Lake City, UT",1185990,689888,583540,2068,95,461,271,13.33333333,14580,2043,1402,6912,3765,458,2597,5324,6659,"Salt Lake City","UT"
"5308",41620,"Salt Lake City, UT",1185990,689888,583540,1730,8,217,497,7.5,1939,4,1488,62,361,24,207,294,1438,"Salt Lake City","UT"
"5309",41620,"Salt Lake City, UT",1185990,689888,583540,826,12,73,222,6.5,96,19,1,1,75,0,35,30,31,"Salt Lake City","UT"
"5310",41620,"Salt Lake City, UT",1185990,689888,583540,965,63,138,146,14.83333333,132,2,21,30,79,0,44,39,49,"Salt Lake City","UT"
"5311",41620,"Salt Lake City, UT",1185990,689888,583540,1182,18,227,200,13.83333333,84,0,0,12,72,0,31,28,25,"Salt Lake City","UT"
"5312",41620,"Salt Lake City, UT",1185990,689888,583540,1647,76,328,260,11.83333333,30,6,0,5,19,0,11,14,5,"Salt Lake City","UT"
"5313",41620,"Salt Lake City, UT",1185990,689888,583540,632,0,173,109,17.83333333,647,127,127,7,317,69,187,227,233,"Salt Lake City","UT"
"5314",41620,"Salt Lake City, UT",1185990,689888,583540,725,28,150,126,16.83333333,555,197,132,44,121,61,137,236,182,"Salt Lake City","UT"
"5315",41620,"Salt Lake City, UT",1185990,689888,583540,2173,52,179,400,16.66666667,8638,1053,349,3680,3095,461,2591,2905,3142,"Salt Lake City","UT"
"5316",41620,"Salt Lake City, UT",1185990,689888,583540,1781,167,615,167,14.16666667,4151,326,1193,1728,888,16,487,1512,2152,"Salt Lake City","UT"
"5317",41620,"Salt Lake City, UT",1185990,689888,583540,2465,56,594,266,13.66666667,3189,74,1822,1219,53,21,552,651,1986,"Salt Lake City","UT"
"5318",41620,"Salt Lake City, UT",1185990,689888,583540,957,67,94,159,11.83333333,2491,155,53,1819,447,17,379,935,1177,"Salt Lake City","UT"
"5319",41620,"Salt Lake City, UT",1185990,689888,583540,1145,19,124,306,14,104,36,49,4,15,0,25,41,38,"Salt Lake City","UT"
"5320",41620,"Salt Lake City, UT",1185990,689888,583540,1047,53,61,324,17,135,27,15,28,57,8,44,60,31,"Salt Lake City","UT"
"5321",41620,"Salt Lake City, UT",1185990,689888,583540,600,62,124,98,16.83333333,415,105,63,25,150,72,176,121,118,"Salt Lake City","UT"
"5322",41620,"Salt Lake City, UT",1185990,689888,583540,2710,37,562,359,16.83333333,549,92,10,112,311,24,153,170,226,"Salt Lake City","UT"
"5323",41620,"Salt Lake City, UT",1185990,689888,583540,1108,12,102,258,14,502,26,3,363,75,35,83,220,199,"Salt Lake City","UT"
"5324",41620,"Salt Lake City, UT",1185990,689888,583540,1735,22,109,408,13.33333333,965,304,33,35,496,97,398,448,119,"Salt Lake City","UT"
"5325",41620,"Salt Lake City, UT",1185990,689888,583540,1991,0,84,549,7.666666667,440,5,150,139,109,37,58,136,246,"Salt Lake City","UT"
"5326",41620,"Salt Lake City, UT",1185990,689888,583540,1568,0,54,373,12.83333333,163,10,0,28,125,0,55,72,36,"Salt Lake City","UT"
"5327",41620,"Salt Lake City, UT",1185990,689888,583540,1333,0,184,370,13.16666667,117,2,5,28,82,0,51,30,36,"Salt Lake City","UT"
"5328",41620,"Salt Lake City, UT",1185990,689888,583540,912,9,204,180,14.16666667,25,2,1,6,16,0,7,10,8,"Salt Lake City","UT"
"5329",41620,"Salt Lake City, UT",1185990,689888,583540,1649,0,132,381,14.66666667,885,35,601,82,65,102,245,166,474,"Salt Lake City","UT"
"5330",41620,"Salt Lake City, UT",1185990,689888,583540,2844,21,515,726,16.16666667,13377,4166,2789,2818,2105,1499,3064,4594,5719,"Salt Lake City","UT"
"5331",41620,"Salt Lake City, UT",1185990,689888,583540,3105,10,116,735,16.5,2921,572,56,637,1316,340,860,1200,861,"Salt Lake City","UT"
"5332",41620,"Salt Lake City, UT",1185990,689888,583540,1880,0,108,395,13.5,370,51,8,8,222,81,171,147,52,"Salt Lake City","UT"
"5333",41620,"Salt Lake City, UT",1185990,689888,583540,1633,73,353,302,14,265,145,28,5,38,49,94,114,57,"Salt Lake City","UT"
"5334",41620,"Salt Lake City, UT",1185990,689888,583540,1611,0,151,422,12.5,208,25,1,11,154,17,68,84,56,"Salt Lake City","UT"
"5335",41620,"Salt Lake City, UT",1185990,689888,583540,1921,67,78,517,8.833333333,297,22,20,98,144,13,83,119,95,"Salt Lake City","UT"
"5336",41620,"Salt Lake City, UT",1185990,689888,583540,1472,0,188,351,14.83333333,512,162,35,8,145,162,193,197,122,"Salt Lake City","UT"
"5337",41620,"Salt Lake City, UT",1185990,689888,583540,464,0,16,163,7.333333333,60,0,4,38,18,0,34,8,18,"Salt Lake City","UT"
"5338",41620,"Salt Lake City, UT",1185990,689888,583540,1498,8,173,384,12.66666667,301,0,3,2,282,14,112,106,83,"Salt Lake City","UT"
"5339",41620,"Salt Lake City, UT",1185990,689888,583540,1547,9,252,409,17.16666667,1204,134,443,22,486,119,254,398,552,"Salt Lake City","UT"
"5340",41620,"Salt Lake City, UT",1185990,689888,583540,1176,25,88,316,10.83333333,189,8,5,16,26,134,101,45,43,"Salt Lake City","UT"
"5341",41620,"Salt Lake City, UT",1185990,689888,583540,693,5,23,202,15,175,48,13,4,110,0,70,38,67,"Salt Lake City","UT"
"5342",41620,"Salt Lake City, UT",1185990,689888,583540,1798,8,21,459,12.83333333,187,1,20,25,141,0,63,43,81,"Salt Lake City","UT"
"5343",41620,"Salt Lake City, UT",1185990,689888,583540,1053,244,112,180,14.66666667,2678,5,52,1,2464,156,611,500,1567,"Salt Lake City","UT"
"5344",41620,"Salt Lake City, UT",1185990,689888,583540,1326,0,77,400,7,114,3,14,63,32,2,16,27,71,"Salt Lake City","UT"
"5345",41620,"Salt Lake City, UT",1185990,689888,583540,625,8,42,216,13.83333333,94,6,42,25,21,0,15,31,48,"Salt Lake City","UT"
"5346",41620,"Salt Lake City, UT",1185990,689888,583540,2208,6,86,470,12.33333333,244,31,4,92,105,12,52,93,99,"Salt Lake City","UT"
"5347",41620,"Salt Lake City, UT",1185990,689888,583540,6996,17,353,1372,6.833333333,2196,141,72,1352,627,4,476,755,965,"Salt Lake City","UT"
"5348",41620,"Salt Lake City, UT",1185990,689888,583540,728,0,30,217,15,42,0,6,7,13,16,13,20,9,"Salt Lake City","UT"
"5349",41620,"Salt Lake City, UT",1185990,689888,583540,1067,0,156,306,16.5,111,19,2,4,56,30,30,53,28,"Salt Lake City","UT"
"5350",41620,"Salt Lake City, UT",1185990,689888,583540,1002,180,190,145,13.66666667,314,0,14,5,295,0,41,129,144,"Salt Lake City","UT"
"5351",41620,"Salt Lake City, UT",1185990,689888,583540,1828,10,101,570,3.5,144,1,9,18,28,88,50,58,36,"Salt Lake City","UT"
"5352",41620,"Salt Lake City, UT",1185990,689888,583540,2295,0,113,445,13.33333333,181,0,0,17,164,0,97,63,21,"Salt Lake City","UT"
"5353",41620,"Salt Lake City, UT",1185990,689888,583540,2875,0,47,795,5.833333333,217,0,21,63,58,75,60,70,87,"Salt Lake City","UT"
"5354",41620,"Salt Lake City, UT",1185990,689888,583540,731,8,95,249,16.66666667,314,105,0,22,95,92,141,130,43,"Salt Lake City","UT"
"5355",41620,"Salt Lake City, UT",1185990,689888,583540,2058,10,215,494,14.33333333,56,8,8,3,35,2,16,15,25,"Salt Lake City","UT"
"5356",41620,"Salt Lake City, UT",1185990,689888,583540,1393,0,186,386,4.333333333,1250,1,24,40,102,1083,970,156,124,"Salt Lake City","UT"
"5357",41620,"Salt Lake City, UT",1185990,689888,583540,1218,21,241,227,12.66666667,32,0,0,0,11,21,19,10,3,"Salt Lake City","UT"
"5358",41620,"Salt Lake City, UT",1185990,689888,583540,854,0,35,253,11.33333333,18,0,0,7,0,11,4,13,1,"Salt Lake City","UT"
"5359",41620,"Salt Lake City, UT",1185990,689888,583540,1193,27,189,251,13.83333333,55,11,8,7,16,13,25,16,14,"Salt Lake City","UT"
"5360",41620,"Salt Lake City, UT",1185990,689888,583540,1200,23,149,297,18,588,34,102,116,144,192,196,213,179,"Salt Lake City","UT"
"5361",41620,"Salt Lake City, UT",1185990,689888,583540,805,26,228,123,16.5,328,107,25,34,58,104,107,133,88,"Salt Lake City","UT"
"5362",41620,"Salt Lake City, UT",1185990,689888,583540,850,8,70,245,13.83333333,375,9,6,10,347,3,131,78,166,"Salt Lake City","UT"
"5363",41620,"Salt Lake City, UT",1185990,689888,583540,1514,47,431,311,17.33333333,546,137,58,60,230,61,222,191,133,"Salt Lake City","UT"
"5364",41620,"Salt Lake City, UT",1185990,689888,583540,2522,0,95,630,10,361,102,13,41,138,67,134,150,77,"Salt Lake City","UT"
"5365",41620,"Salt Lake City, UT",1185990,689888,583540,909,0,57,342,4.833333333,114,0,5,20,35,54,33,34,47,"Salt Lake City","UT"
"5366",41620,"Salt Lake City, UT",1185990,689888,583540,1806,24,106,361,13.16666667,111,15,0,11,85,0,39,26,46,"Salt Lake City","UT"
"5367",41620,"Salt Lake City, UT",1185990,689888,583540,887,0,134,236,16.16666667,387,30,35,15,158,149,105,160,122,"Salt Lake City","UT"
"5368",41620,"Salt Lake City, UT",1185990,689888,583540,2284,0,63,703,11.83333333,218,2,18,52,146,0,59,73,86,"Salt Lake City","UT"
"5369",41620,"Salt Lake City, UT",1185990,689888,583540,1361,0,9,350,13.16666667,308,111,16,27,37,117,139,97,72,"Salt Lake City","UT"
"5370",41620,"Salt Lake City, UT",1185990,689888,583540,1823,0,35,441,14.66666667,187,29,26,54,78,0,59,61,67,"Salt Lake City","UT"
"5371",41620,"Salt Lake City, UT",1185990,689888,583540,1035,18,19,258,11.5,26,0,3,20,3,0,4,8,14,"Salt Lake City","UT"
"5372",41620,"Salt Lake City, UT",1185990,689888,583540,1722,98,174,291,17.66666667,445,143,28,6,56,212,242,151,52,"Salt Lake City","UT"
"5373",41620,"Salt Lake City, UT",1185990,689888,583540,1283,86,161,303,16.66666667,1381,73,260,160,842,46,263,371,747,"Salt Lake City","UT"
"5374",41620,"Salt Lake City, UT",1185990,689888,583540,1691,4,115,376,7.833333333,106,0,1,4,101,0,56,19,31,"Salt Lake City","UT"
"5375",41620,"Salt Lake City, UT",1185990,689888,583540,954,29,58,174,15.16666667,227,181,23,0,17,6,92,91,44,"Salt Lake City","UT"
"5376",41620,"Salt Lake City, UT",1185990,689888,583540,1494,9,68,294,10.83333333,3,0,0,0,3,0,2,1,0,"Salt Lake City","UT"
"5377",41620,"Salt Lake City, UT",1185990,689888,583540,464,13,43,115,11.33333333,4189,76,135,1434,2490,54,572,1421,2196,"Salt Lake City","UT"
"5378",41620,"Salt Lake City, UT",1185990,689888,583540,1335,56,91,372,5.5,398,23,15,278,65,17,51,109,238,"Salt Lake City","UT"
"5379",41620,"Salt Lake City, UT",1185990,689888,583540,1453,6,199,335,14,329,0,20,5,250,54,118,80,131,"Salt Lake City","UT"
"5380",41620,"Salt Lake City, UT",1185990,689888,583540,836,60,239,179,16.66666667,1872,33,1312,103,26,398,379,339,1154,"Salt Lake City","UT"
"5381",41620,"Salt Lake City, UT",1185990,689888,583540,1489,42,295,388,19.33333333,4731,1216,559,400,1437,1119,1610,1502,1619,"Salt Lake City","UT"
"5382",41620,"Salt Lake City, UT",1185990,689888,583540,2109,20,171,547,16,413,26,31,59,198,99,132,137,144,"Salt Lake City","UT"
"5383",41620,"Salt Lake City, UT",1185990,689888,583540,1746,19,130,503,14.16666667,130,7,21,30,58,14,33,38,59,"Salt Lake City","UT"
"5384",41620,"Salt Lake City, UT",1185990,689888,583540,1588,22,153,271,12.5,43,0,23,0,20,0,4,31,8,"Salt Lake City","UT"
"5385",41620,"Salt Lake City, UT",1185990,689888,583540,1997,37,306,266,14.16666667,218,84,40,0,12,82,87,78,53,"Salt Lake City","UT"
"5386",41620,"Salt Lake City, UT",1185990,689888,583540,1690,114,245,203,12.66666667,2118,64,1554,249,150,101,247,419,1452,"Salt Lake City","UT"
"5387",41620,"Salt Lake City, UT",1185990,689888,583540,1952,74,248,417,11.16666667,184,0,2,0,174,8,76,40,68,"Salt Lake City","UT"
"5388",41620,"Salt Lake City, UT",1185990,689888,583540,1500,70,59,320,14.66666667,217,145,8,14,4,46,70,93,54,"Salt Lake City","UT"
"5389",41620,"Salt Lake City, UT",1185990,689888,583540,824,21,64,163,14.83333333,70,0,0,2,53,15,22,32,16,"Salt Lake City","UT"
"5390",41620,"Salt Lake City, UT",1185990,689888,583540,2066,51,195,333,13.83333333,183,0,68,2,113,0,46,71,66,"Salt Lake City","UT"
"5391",41620,"Salt Lake City, UT",1185990,689888,583540,1492,0,293,469,13.16666667,249,15,5,16,56,157,34,35,180,"Salt Lake City","UT"
"5392",41620,"Salt Lake City, UT",1185990,689888,583540,862,0,92,193,12.16666667,111,10,3,8,90,0,41,28,42,"Salt Lake City","UT"
"5393",41620,"Salt Lake City, UT",1185990,689888,583540,2506,0,138,629,13.5,224,96,5,4,80,39,66,112,46,"Salt Lake City","UT"
"5394",41620,"Salt Lake City, UT",1185990,689888,583540,682,14,133,231,16.66666667,210,15,2,6,92,95,88,73,49,"Salt Lake City","UT"
"5395",41620,"Salt Lake City, UT",1185990,689888,583540,1625,38,240,324,12.33333333,42,19,0,5,18,0,20,15,7,"Salt Lake City","UT"
"5396",41620,"Salt Lake City, UT",1185990,689888,583540,825,27,157,166,11.83333333,45,24,8,3,6,4,28,15,2,"Salt Lake City","UT"
"5397",41620,"Salt Lake City, UT",1185990,689888,583540,809,19,76,215,13.33333333,24,6,1,5,12,0,10,7,7,"Salt Lake City","UT"
"5398",41620,"Salt Lake City, UT",1185990,689888,583540,2230,18,122,578,11.83333333,548,73,231,21,157,66,330,114,104,"Salt Lake City","UT"
"5399",41620,"Salt Lake City, UT",1185990,689888,583540,801,50,65,157,10.5,3,0,0,0,3,0,1,2,0,"Salt Lake City","UT"
"5400",41620,"Salt Lake City, UT",1185990,689888,583540,1931,23,110,394,13.66666667,51,2,6,0,18,25,16,25,10,"Salt Lake City","UT"
"5401",41620,"Salt Lake City, UT",1185990,689888,583540,1140,112,285,177,13.5,1919,29,1777,4,31,78,182,312,1425,"Salt Lake City","UT"
"5402",41620,"Salt Lake City, UT",1185990,689888,583540,1258,18,43,301,14.16666667,480,103,11,6,106,254,146,262,72,"Salt Lake City","UT"
"5403",41620,"Salt Lake City, UT",1185990,689888,583540,1318,0,247,330,15.16666667,494,3,6,377,108,0,54,92,348,"Salt Lake City","UT"
"5404",41620,"Salt Lake City, UT",1185990,689888,583540,864,35,258,203,15,54,25,0,11,7,11,35,15,4,"Salt Lake City","UT"
"5405",41620,"Salt Lake City, UT",1185990,689888,583540,699,48,270,108,15.5,384,14,76,0,292,2,185,110,89,"Salt Lake City","UT"
"5406",41620,"Salt Lake City, UT",1185990,689888,583540,1292,9,43,404,13.5,598,15,73,40,469,1,183,151,264,"Salt Lake City","UT"
"5407",41620,"Salt Lake City, UT",1185990,689888,583540,891,112,250,107,13.83333333,856,19,608,0,116,113,119,180,557,"Salt Lake City","UT"
"5408",41620,"Salt Lake City, UT",1185990,689888,583540,1809,0,45,539,4,111,0,6,7,98,0,41,25,45,"Salt Lake City","UT"
"5409",41620,"Salt Lake City, UT",1185990,689888,583540,1163,12,95,320,17.83333333,516,202,50,22,74,168,214,196,106,"Salt Lake City","UT"
"5410",41620,"Salt Lake City, UT",1185990,689888,583540,991,9,53,289,13.16666667,66,0,13,4,49,0,33,29,4,"Salt Lake City","UT"
"5411",41620,"Salt Lake City, UT",1185990,689888,583540,1178,0,68,318,14.5,368,113,23,16,109,107,169,121,78,"Salt Lake City","UT"
"5412",41620,"Salt Lake City, UT",1185990,689888,583540,1019,10,32,270,16.16666667,885,512,7,47,150,169,348,380,157,"Salt Lake City","UT"
"5413",41620,"Salt Lake City, UT",1185990,689888,583540,1316,0,146,372,12.5,250,0,35,12,200,3,78,58,114,"Salt Lake City","UT"
"5414",41620,"Salt Lake City, UT",1185990,689888,583540,1110,0,43,306,15.33333333,216,14,47,31,115,9,69,80,67,"Salt Lake City","UT"
"5415",41620,"Salt Lake City, UT",1185990,689888,583540,847,0,45,251,5.666666667,65,0,4,2,57,2,11,14,40,"Salt Lake City","UT"
"5416",41620,"Salt Lake City, UT",1185990,689888,583540,1162,46,252,225,14.83333333,80,0,1,14,59,6,23,21,36,"Salt Lake City","UT"
"5417",41620,"Salt Lake City, UT",1185990,689888,583540,1803,57,307,456,16.83333333,640,0,28,136,427,49,168,207,265,"Salt Lake City","UT"
"5418",41620,"Salt Lake City, UT",1185990,689888,583540,954,9,328,178,14.33333333,170,135,0,1,29,5,50,87,33,"Salt Lake City","UT"
"5419",41620,"Salt Lake City, UT",1185990,689888,583540,1209,26,330,256,14.5,37,0,2,17,18,0,11,11,15,"Salt Lake City","UT"
"5420",41620,"Salt Lake City, UT",1185990,689888,583540,948,57,344,144,17.83333333,603,8,304,19,187,85,89,186,328,"Salt Lake City","UT"
"5421",41620,"Salt Lake City, UT",1185990,689888,583540,1193,0,114,439,16.83333333,180,0,4,23,143,10,53,69,58,"Salt Lake City","UT"
"5422",41620,"Salt Lake City, UT",1185990,689888,583540,1063,18,410,186,14.5,46,13,3,4,26,0,11,17,18,"Salt Lake City","UT"
"5423",41620,"Salt Lake City, UT",1185990,689888,583540,747,0,76,248,10.66666667,26,2,3,5,16,0,9,8,9,"Salt Lake City","UT"
"5424",41620,"Salt Lake City, UT",1185990,689888,583540,689,0,156,187,14.5,188,89,26,6,56,11,85,54,49,"Salt Lake City","UT"
"5425",41620,"Salt Lake City, UT",1185990,689888,583540,1044,0,145,254,13.83333333,326,109,5,10,191,11,80,120,126,"Salt Lake City","UT"
"5426",41620,"Salt Lake City, UT",1185990,689888,583540,1115,0,69,288,13.16666667,30,0,1,2,27,0,21,7,2,"Salt Lake City","UT"
"5427",41620,"Salt Lake City, UT",1185990,689888,583540,1316,14,135,411,16,282,101,64,41,61,15,85,99,98,"Salt Lake City","UT"
"5428",41620,"Salt Lake City, UT",1185990,689888,583540,1420,29,179,283,16.33333333,545,53,28,24,326,114,191,192,162,"Salt Lake City","UT"
"5429",41620,"Salt Lake City, UT",1185990,689888,583540,1086,8,50,292,15.5,250,20,140,28,45,17,62,79,109,"Salt Lake City","UT"
"5430",41620,"Salt Lake City, UT",1185990,689888,583540,2638,38,140,656,8.333333333,228,21,26,74,107,0,79,57,92,"Salt Lake City","UT"
"5431",41620,"Salt Lake City, UT",1185990,689888,583540,767,0,312,162,16.5,555,15,259,4,277,0,139,121,295,"Salt Lake City","UT"
"5432",41620,"Salt Lake City, UT",1185990,689888,583540,999,8,50,260,12.83333333,320,0,6,7,295,12,82,105,133,"Salt Lake City","UT"
"5433",41620,"Salt Lake City, UT",1185990,689888,583540,1838,97,142,125,16.5,733,0,33,5,547,148,202,294,237,"Salt Lake City","UT"
"5434",41620,"Salt Lake City, UT",1185990,689888,583540,495,83,151,93,14,33,12,2,0,19,0,9,13,11,"Salt Lake City","UT"
"5435",41620,"Salt Lake City, UT",1185990,689888,583540,571,16,145,112,14,475,152,15,5,36,267,232,199,44,"Salt Lake City","UT"
"5436",41620,"Salt Lake City, UT",1185990,689888,583540,1317,35,376,252,13.16666667,86,0,0,3,70,13,31,19,36,"Salt Lake City","UT"
"5437",41620,"Salt Lake City, UT",1185990,689888,583540,1601,94,153,330,14.5,614,37,5,0,558,14,214,210,190,"Salt Lake City","UT"
"5438",41620,"Salt Lake City, UT",1185990,689888,583540,1689,98,443,303,14.16666667,479,52,22,33,366,6,128,200,151,"Salt Lake City","UT"
"5439",41620,"Salt Lake City, UT",1185990,689888,583540,1174,126,281,205,15.83333333,233,17,10,15,166,25,60,114,59,"Salt Lake City","UT"
"5440",41620,"Salt Lake City, UT",1185990,689888,583540,863,71,341,120,13.66666667,449,19,18,3,375,34,122,190,137,"Salt Lake City","UT"
"5441",41620,"Salt Lake City, UT",1185990,689888,583540,1424,36,90,402,12,169,2,5,18,143,1,87,44,38,"Salt Lake City","UT"
"5442",41620,"Salt Lake City, UT",1185990,689888,583540,1498,18,51,408,15.5,486,23,188,6,211,58,147,161,178,"Salt Lake City","UT"
"5443",41620,"Salt Lake City, UT",1185990,689888,583540,555,12,94,140,16,712,297,126,47,242,0,223,295,194,"Salt Lake City","UT"
"5444",41620,"Salt Lake City, UT",1185990,689888,583540,1430,193,325,189,15.16666667,585,24,33,160,327,41,173,253,159,"Salt Lake City","UT"
"5445",41620,"Salt Lake City, UT",1185990,689888,583540,1989,0,141,588,14.16666667,260,3,11,64,113,69,91,97,72,"Salt Lake City","UT"
"5446",41620,"Salt Lake City, UT",1185990,689888,583540,1983,0,115,544,12.83333333,671,0,7,34,627,3,246,160,265,"Salt Lake City","UT"
"5447",41620,"Salt Lake City, UT",1185990,689888,583540,2556,18,228,595,15.33333333,762,13,285,67,297,100,242,276,244,"Salt Lake City","UT"
"5448",41620,"Salt Lake City, UT",1185990,689888,583540,1286,49,72,166,13.33333333,5417,789,1004,2564,965,95,1048,2157,2212,"Salt Lake City","UT"
"5449",41620,"Salt Lake City, UT",1185990,689888,583540,1789,407,309,188,15.83333333,2614,790,25,733,837,229,633,886,1095,"Salt Lake City","UT"
"5450",41620,"Salt Lake City, UT",1185990,689888,583540,1268,60,241,234,16.66666667,2932,559,227,1050,642,454,731,1249,952,"Salt Lake City","UT"
"5451",41620,"Salt Lake City, UT",1185990,689888,583540,1803,189,384,378,17.16666667,4706,1392,869,1882,312,251,778,1683,2245,"Salt Lake City","UT"
"5452",41620,"Salt Lake City, UT",1185990,689888,583540,1945,36,235,330,15.83333333,180,22,4,0,48,106,75,77,28,"Salt Lake City","UT"
"5453",41620,"Salt Lake City, UT",1185990,689888,583540,1478,58,266,299,15.33333333,714,174,10,12,473,45,310,225,179,"Salt Lake City","UT"
"5454",41620,"Salt Lake City, UT",1185990,689888,583540,1332,8,167,426,16.16666667,246,27,1,9,153,56,103,70,73,"Salt Lake City","UT"
"5455",41620,"Salt Lake City, UT",1185990,689888,583540,1174,28,34,366,14.83333333,781,168,39,30,342,202,385,223,173,"Salt Lake City","UT"
"5456",41620,"Salt Lake City, UT",1185990,689888,583540,1866,166,463,380,15.33333333,412,126,55,35,179,17,132,177,103,"Salt Lake City","UT"
"5457",41620,"Salt Lake City, UT",1185990,689888,583540,2435,20,465,592,14.83333333,551,0,153,85,312,1,182,160,209,"Salt Lake City","UT"
"5458",41620,"Salt Lake City, UT",1185990,689888,583540,1184,24,91,323,17,1153,60,298,150,485,160,354,339,460,"Salt Lake City","UT"
"5459",41620,"Salt Lake City, UT",1185990,689888,583540,459,0,94,83,3.166666667,253,0,5,5,227,16,24,45,184,"Salt Lake City","UT"
"5460",41620,"Salt Lake City, UT",1185990,689888,583540,2878,9,188,686,12.16666667,235,40,0,35,147,13,118,63,54,"Salt Lake City","UT"
"5461",41620,"Salt Lake City, UT",1185990,689888,583540,3003,108,359,655,14.5,1253,633,56,26,128,410,493,519,241,"Salt Lake City","UT"
"5462",41620,"Salt Lake City, UT",1185990,689888,583540,338,6,30,86,6,150,0,56,62,32,0,26,44,80,"Salt Lake City","UT"
"5463",41620,"Salt Lake City, UT",1185990,689888,583540,1002,0,50,252,3.5,61,3,7,40,8,3,11,34,16,"Salt Lake City","UT"
"5464",41620,"Salt Lake City, UT",1185990,689888,583540,1016,133,150,87,8.166666667,202,44,32,7,62,57,96,69,37,"Salt Lake City","UT"
"5465",41620,"Salt Lake City, UT",1185990,689888,583540,1303,39,85,247,12,219,7,11,41,160,0,73,78,68,"Salt Lake City","UT"
"5466",41620,"Salt Lake City, UT",1185990,689888,583540,1368,38,193,358,16.66666667,233,91,13,18,111,0,81,74,78,"Salt Lake City","UT"
"5467",41620,"Salt Lake City, UT",1185990,689888,583540,1442,16,248,391,15.33333333,217,31,11,15,97,63,91,68,58,"Salt Lake City","UT"
"5468",41620,"Salt Lake City, UT",1185990,689888,583540,1297,109,251,259,13.33333333,799,13,20,10,746,10,230,321,248,"Salt Lake City","UT"
"5469",41620,"Salt Lake City, UT",1185990,689888,583540,1357,245,367,271,13,5676,31,5562,18,51,14,2403,1327,1946,"Salt Lake City","UT"
"5470",41620,"Salt Lake City, UT",1185990,689888,583540,1824,95,362,342,16.33333333,1013,46,34,13,862,58,355,207,451,"Salt Lake City","UT"
"5471",41620,"Salt Lake City, UT",1185990,689888,583540,1281,43,259,319,18.16666667,677,120,44,24,215,274,292,253,132,"Salt Lake City","UT"
"5472",41620,"Salt Lake City, UT",1185990,689888,583540,1074,6,240,314,17.83333333,498,26,156,7,189,120,162,173,163,"Salt Lake City","UT"
"5473",41620,"Salt Lake City, UT",1185990,689888,583540,1434,61,296,328,16.33333333,317,15,35,23,160,84,104,111,102,"Salt Lake City","UT"
"5474",41620,"Salt Lake City, UT",1185990,689888,583540,777,20,50,247,13.33333333,99,8,3,3,28,57,44,35,20,"Salt Lake City","UT"
"5475",41620,"Salt Lake City, UT",1185990,689888,583540,1467,0,22,495,13.33333333,138,11,6,22,99,0,62,48,28,"Salt Lake City","UT"
"5476",41620,"Salt Lake City, UT",1185990,689888,583540,1003,0,122,377,15.33333333,841,25,259,14,526,17,157,263,421,"Salt Lake City","UT"
"5477",41620,"Salt Lake City, UT",1185990,689888,583540,2333,16,489,515,15.16666667,345,123,54,50,104,14,105,101,139,"Salt Lake City","UT"
"5478",41620,"Salt Lake City, UT",1185990,689888,583540,889,0,161,228,13.66666667,137,0,12,0,125,0,38,53,46,"Salt Lake City","UT"
"5479",41620,"Salt Lake City, UT",1185990,689888,583540,1145,76,226,280,12.16666667,266,21,16,16,206,7,47,108,111,"Salt Lake City","UT"
"5480",41620,"Salt Lake City, UT",1185990,689888,583540,2020,159,120,458,16.5,766,23,65,29,543,106,311,228,227,"Salt Lake City","UT"
"5481",41620,"Salt Lake City, UT",1185990,689888,583540,2003,21,56,545,10.33333333,173,0,18,119,3,33,70,39,64,"Salt Lake City","UT"
"5482",41620,"Salt Lake City, UT",1185990,689888,583540,610,0,43,186,11,43,0,28,9,6,0,5,5,33,"Salt Lake City","UT"
"5483",41620,"Salt Lake City, UT",1185990,689888,583540,1641,9,268,415,15.83333333,202,17,6,52,83,44,79,85,38,"Salt Lake City","UT"
"5484",41620,"Salt Lake City, UT",1185990,689888,583540,1533,18,286,367,14.5,188,7,2,21,63,95,77,79,32,"Salt Lake City","UT"
"5485",41620,"Salt Lake City, UT",1185990,689888,583540,1455,0,67,404,14.66666667,126,5,3,5,93,20,38,33,55,"Salt Lake City","UT"
"5486",41620,"Salt Lake City, UT",1185990,689888,583540,1208,0,153,319,12.83333333,44,0,3,15,26,0,13,19,12,"Salt Lake City","UT"
"5487",41620,"Salt Lake City, UT",1185990,689888,583540,1322,0,122,364,16.66666667,208,62,4,13,80,49,95,56,57,"Salt Lake City","UT"
"5488",41620,"Salt Lake City, UT",1185990,689888,583540,1418,5,122,363,13.83333333,60,4,5,10,41,0,18,24,18,"Salt Lake City","UT"
"5489",41620,"Salt Lake City, UT",1185990,689888,583540,1040,22,182,289,15.16666667,348,20,7,9,137,175,118,153,77,"Salt Lake City","UT"
"5490",41620,"Salt Lake City, UT",1185990,689888,583540,1296,8,177,320,15.5,349,113,24,4,164,44,153,109,87,"Salt Lake City","UT"
"5491",41620,"Salt Lake City, UT",1185990,689888,583540,1511,0,60,413,15.16666667,52,0,8,11,33,0,11,18,23,"Salt Lake City","UT"
"5492",41620,"Salt Lake City, UT",1185990,689888,583540,1773,38,328,388,14.16666667,735,0,57,62,616,0,210,187,338,"Salt Lake City","UT"
"5493",41620,"Salt Lake City, UT",1185990,689888,583540,1758,0,229,507,14.83333333,428,28,63,43,261,33,149,169,110,"Salt Lake City","UT"
"5494",41620,"Salt Lake City, UT",1185990,689888,583540,969,34,142,279,13.83333333,217,7,113,28,69,0,50,82,85,"Salt Lake City","UT"
"5495",41620,"Salt Lake City, UT",1185990,689888,583540,973,28,152,228,18.5,643,161,54,169,163,96,186,219,238,"Salt Lake City","UT"
"5496",41620,"Salt Lake City, UT",1185990,689888,583540,1975,41,292,416,17.16666667,548,24,219,106,199,0,105,171,272,"Salt Lake City","UT"
"5497",41620,"Salt Lake City, UT",1185990,689888,583540,1757,14,137,390,16.66666667,838,57,230,29,464,58,278,305,255,"Salt Lake City","UT"
"5498",41620,"Salt Lake City, UT",1185990,689888,583540,934,39,244,145,13.83333333,1121,69,9,8,1029,6,192,441,488,"Salt Lake City","UT"
"5499",41620,"Salt Lake City, UT",1185990,689888,583540,765,15,212,153,9.166666667,4,0,0,0,4,0,2,0,2,"Salt Lake City","UT"
"5500",41620,"Salt Lake City, UT",1185990,689888,583540,2648,55,215,539,16.83333333,2074,763,154,37,485,635,1139,704,231,"Salt Lake City","UT"
"5501",41620,"Salt Lake City, UT",1185990,689888,583540,1676,9,126,471,12.83333333,305,10,13,41,103,138,114,131,60,"Salt Lake City","UT"
"5502",41620,"Salt Lake City, UT",1185990,689888,583540,2106,121,387,443,16.16666667,2083,806,233,131,492,421,877,713,493,"Salt Lake City","UT"
"5503",41620,"Salt Lake City, UT",1185990,689888,583540,1052,25,316,223,11.83333333,203,14,11,0,47,131,143,41,19,"Salt Lake City","UT"
"5504",41620,"Salt Lake City, UT",1185990,689888,583540,1753,7,70,307,12.66666667,116,0,0,10,102,4,43,27,46,"Salt Lake City","UT"
"5505",41620,"Salt Lake City, UT",1185990,689888,583540,1309,16,276,294,13.5,97,2,1,4,26,64,49,27,21,"Salt Lake City","UT"
"5506",41620,"Salt Lake City, UT",1185990,689888,583540,1519,10,162,361,10,651,12,164,48,408,19,193,247,211,"Salt Lake City","UT"
"5507",41620,"Salt Lake City, UT",1185990,689888,583540,1273,13,43,164,13.66666667,774,11,144,8,221,390,305,321,148,"Salt Lake City","UT"
"5508",41620,"Salt Lake City, UT",1185990,689888,583540,1873,66,137,407,14,286,33,112,2,26,113,110,88,88,"Salt Lake City","UT"
"5509",41620,"Salt Lake City, UT",1185990,689888,583540,969,7,18,230,6.666666667,507,141,2,165,191,8,154,185,168,"Salt Lake City","UT"
"5510",41620,"Salt Lake City, UT",1185990,689888,583540,5238,139,162,1193,10.16666667,2664,42,26,1818,710,68,427,975,1262,"Salt Lake City","UT"
"5511",41620,"Salt Lake City, UT",1185990,689888,583540,615,17,45,182,11.16666667,157,6,23,29,99,0,88,41,28,"Salt Lake City","UT"
"5512",41620,"Salt Lake City, UT",1185990,689888,583540,6245,66,168,1523,8.5,386,119,26,84,144,13,159,122,105,"Salt Lake City","UT"
"5513",41620,"Salt Lake City, UT",1185990,689888,583540,827,0,86,255,7.833333333,77,0,6,12,58,1,36,18,23,"Salt Lake City","UT"
"5514",41620,"Salt Lake City, UT",1185990,689888,583540,4600,0,249,912,7,1131,126,27,662,234,82,222,264,645,"Salt Lake City","UT"
"5515",41620,"Salt Lake City, UT",1185990,689888,583540,1294,0,112,125,12.83333333,6302,0,259,429,4905,709,712,2171,3419,"Salt Lake City","UT"
"5516",41620,"Salt Lake City, UT",1185990,689888,583540,11839,0,308,2600,15.66666667,1405,263,53,288,394,407,575,488,342,"Salt Lake City","UT"
"5517",41620,"Salt Lake City, UT",1185990,689888,583540,5071,29,217,1058,4.166666667,1078,3,67,853,64,91,113,145,820,"Salt Lake City","UT"
"5518",41620,"Salt Lake City, UT",1185990,689888,583540,1642,101,630,263,11.66666667,130,0,93,0,37,0,22,28,80,"Salt Lake City","UT"
"5519",41620,"Salt Lake City, UT",1185990,689888,583540,4270,0,107,1014,6.666666667,254,5,21,45,159,24,73,90,91,"Salt Lake City","UT"
"5520",41620,"Salt Lake City, UT",1185990,689888,583540,1936,17,184,558,7.833333333,357,26,99,23,193,16,89,103,165,"Salt Lake City","UT"
"5521",41620,"Salt Lake City, UT",1185990,689888,583540,1735,15,108,452,14.33333333,158,67,18,30,23,20,62,42,54,"Salt Lake City","UT"
"5522",41620,"Salt Lake City, UT",1185990,689888,583540,4332,0,136,1155,14,12878,1629,2709,4947,3276,317,1851,5056,5971,"Salt Lake City","UT"
"5523",41620,"Salt Lake City, UT",1185990,689888,583540,1107,0,185,259,12.33333333,58,12,11,3,26,6,20,17,21,"Salt Lake City","UT"
"5524",41620,"Salt Lake City, UT",1185990,689888,583540,1176,0,54,286,4.333333333,1599,21,49,15,59,1455,968,459,172,"Salt Lake City","UT"
"5525",41620,"Salt Lake City, UT",1185990,689888,583540,770,0,89,191,15.33333333,413,64,6,5,252,86,175,149,89,"Salt Lake City","UT"
"5526",41620,"Salt Lake City, UT",1185990,689888,583540,1987,6,90,468,17,2227,252,7,163,1642,163,538,879,810,"Salt Lake City","UT"
"5527",41620,"Salt Lake City, UT",1185990,689888,583540,1528,0,9,359,7.333333333,52,0,2,20,25,5,15,18,19,"Salt Lake City","UT"
"5528",41620,"Salt Lake City, UT",1185990,689888,583540,1041,25,92,314,2.833333333,1107,1,21,1061,24,0,40,42,1025,"Salt Lake City","UT"
"5529",41620,"Salt Lake City, UT",1185990,689888,583540,977,112,220,140,15.5,285,14,32,30,167,42,100,52,133,"Salt Lake City","UT"
"5530",41620,"Salt Lake City, UT",1185990,689888,583540,1063,0,67,324,4.166666667,129,11,0,26,91,1,34,35,60,"Salt Lake City","UT"
"5531",41620,"Salt Lake City, UT",1185990,689888,583540,1161,11,315,211,10.83333333,99,0,20,3,76,0,27,48,24,"Salt Lake City","UT"
"5532",41620,"Salt Lake City, UT",1185990,689888,583540,1593,0,67,394,14.83333333,879,6,457,8,318,90,300,247,332,"Salt Lake City","UT"
"5533",41620,"Salt Lake City, UT",1185990,689888,583540,997,100,80,232,18,583,31,239,91,119,103,290,123,170,"Salt Lake City","UT"
"5534",41620,"Salt Lake City, UT",1185990,689888,583540,864,25,189,189,16.83333333,761,48,52,44,384,233,286,269,206,"Salt Lake City","UT"
"5535",41620,"Salt Lake City, UT",1185990,689888,583540,798,9,85,237,18.5,721,110,45,127,401,38,291,245,185,"Salt Lake City","UT"
"5536",41620,"Salt Lake City, UT",1185990,689888,583540,1476,34,166,385,16,1286,282,135,97,740,32,198,418,670,"Salt Lake City","UT"
"5537",41620,"Salt Lake City, UT",1185990,689888,583540,1685,18,82,421,13.16666667,840,132,39,379,272,18,327,283,230,"Salt Lake City","UT"
"5538",41620,"Salt Lake City, UT",1185990,689888,583540,1153,48,189,245,12.66666667,65,1,0,17,10,37,24,15,26,"Salt Lake City","UT"
"5539",41620,"Salt Lake City, UT",1185990,689888,583540,1710,13,186,409,15.83333333,1980,668,174,621,427,90,429,608,943,"Salt Lake City","UT"
"5540",41620,"Salt Lake City, UT",1185990,689888,583540,1229,8,219,259,17.66666667,2259,475,159,857,661,107,691,769,799,"Salt Lake City","UT"
"5541",41620,"Salt Lake City, UT",1185990,689888,583540,879,7,137,205,15,1000,85,38,564,280,33,241,444,315,"Salt Lake City","UT"
"5542",41620,"Salt Lake City, UT",1185990,689888,583540,1274,0,203,250,16,2000,188,120,6,1274,412,1234,440,326,"Salt Lake City","UT"
"5543",41620,"Salt Lake City, UT",1185990,689888,583540,1018,0,20,329,16.33333333,542,17,245,5,270,5,151,118,273,"Salt Lake City","UT"
"5544",41620,"Salt Lake City, UT",1185990,689888,583540,1270,57,27,384,12.66666667,232,4,13,90,125,0,72,75,85,"Salt Lake City","UT"
"5545",41620,"Salt Lake City, UT",1185990,689888,583540,1376,6,39,383,15.83333333,339,71,14,98,82,74,145,91,103,"Salt Lake City","UT"
"5546",41620,"Salt Lake City, UT",1185990,689888,583540,964,0,42,241,15.66666667,197,0,7,41,129,20,81,56,60,"Salt Lake City","UT"
"5547",41620,"Salt Lake City, UT",1185990,689888,583540,1401,0,113,307,16,465,147,27,61,210,20,131,175,159,"Salt Lake City","UT"
"5548",41620,"Salt Lake City, UT",1185990,689888,583540,2432,31,259,535,12.66666667,97,1,8,1,87,0,28,47,22,"Salt Lake City","UT"
"5549",41620,"Salt Lake City, UT",1185990,689888,583540,1876,64,263,320,18,1397,318,246,315,385,133,409,447,541,"Salt Lake City","UT"
"5550",41620,"Salt Lake City, UT",1185990,689888,583540,5513,0,143,1041,14.5,628,69,7,20,394,138,283,224,121,"Salt Lake City","UT"
"5551",41620,"Salt Lake City, UT",1185990,689888,583540,979,87,116,186,12,12,2,0,0,2,8,6,6,0,"Salt Lake City","UT"
"5552",41620,"Salt Lake City, UT",1185990,689888,583540,1553,16,128,300,10.5,14,0,3,10,1,0,4,3,7,"Salt Lake City","UT"
"5553",41620,"Salt Lake City, UT",1185990,689888,583540,1616,78,230,154,11.66666667,1320,19,148,979,86,88,75,159,1086,"Salt Lake City","UT"
"5554",41620,"Salt Lake City, UT",1185990,689888,583540,2166,39,285,300,15.5,111,15,11,3,82,0,53,33,25,"Salt Lake City","UT"
"5555",41620,"Salt Lake City, UT",1185990,689888,583540,2258,39,561,304,15,520,116,90,160,154,0,141,204,175,"Salt Lake City","UT"
"5556",41620,"Salt Lake City, UT",1185990,689888,583540,2371,9,46,475,13.16666667,125,0,5,12,108,0,54,28,43,"Salt Lake City","UT"
"5557",41620,"Salt Lake City, UT",1185990,689888,583540,2004,51,376,404,12,270,11,81,22,153,3,82,93,95,"Salt Lake City","UT"
"5558",41620,"Salt Lake City, UT",1185990,689888,583540,1865,115,374,352,15.33333333,2626,367,850,736,539,134,670,1116,840,"Salt Lake City","UT"
"5559",41620,"Salt Lake City, UT",1185990,689888,583540,2005,42,409,404,16.83333333,959,52,299,215,210,183,246,306,407,"Salt Lake City","UT"
"5560",41620,"Salt Lake City, UT",1185990,689888,583540,2751,15,306,629,12.83333333,5694,2623,218,1031,1176,646,1265,2170,2259,"Salt Lake City","UT"
"5561",41620,"Salt Lake City, UT",1185990,689888,583540,2588,0,117,585,15.33333333,507,0,4,28,440,35,234,114,159,"Salt Lake City","UT"
"5562",41620,"Salt Lake City, UT",1185990,689888,583540,1571,0,52,334,13.16666667,135,0,2,7,126,0,53,31,51,"Salt Lake City","UT"
"5563",41620,"Salt Lake City, UT",1185990,689888,583540,2746,0,489,582,13.66666667,3163,603,665,324,1143,428,1283,1134,746,"Salt Lake City","UT"
"5564",41620,"Salt Lake City, UT",1185990,689888,583540,1669,10,142,283,13.16666667,71,50,3,10,8,0,39,26,6,"Salt Lake City","UT"
"5565",41620,"Salt Lake City, UT",1185990,689888,583540,1809,134,422,257,13,1831,63,544,13,1210,1,558,498,775,"Salt Lake City","UT"
"5566",41620,"Salt Lake City, UT",1185990,689888,583540,1174,16,109,187,14.83333333,66,0,0,0,66,0,22,16,28,"Salt Lake City","UT"
"5567",41620,"Salt Lake City, UT",1185990,689888,583540,4935,50,429,825,11.66666667,59937,2940,8731,34466,12513,1287,7339,22662,29936,"Salt Lake City","UT"
"5568",41620,"Salt Lake City, UT",1185990,689888,583540,2300,81,399,272,13,34,0,16,16,2,0,7,15,12,"Salt Lake City","UT"
"5569",41620,"Salt Lake City, UT",1185990,689888,583540,1204,0,0,289,11.66666667,324,9,19,19,277,0,141,78,105,"Salt Lake City","UT"
"5570",41620,"Salt Lake City, UT",1185990,689888,583540,1725,10,103,382,13.16666667,609,104,3,301,173,28,125,271,213,"Salt Lake City","UT"
"5571",41620,"Salt Lake City, UT",1185990,689888,583540,1702,17,40,410,13.66666667,63,11,0,4,46,2,32,21,10,"Salt Lake City","UT"
"5572",41620,"Salt Lake City, UT",1185990,689888,583540,1790,0,86,412,11.66666667,116,5,2,33,8,68,52,47,17,"Salt Lake City","UT"
"5573",41620,"Salt Lake City, UT",1185990,689888,583540,1910,529,521,180,15.16666667,3150,116,1798,163,842,231,636,750,1764,"Salt Lake City","UT"
"5574",41620,"Salt Lake City, UT",1185990,689888,583540,1943,0,319,522,8.666666667,429,2,8,56,343,20,123,117,189,"Salt Lake City","UT"
"5575",41620,"Salt Lake City, UT",1185990,689888,583540,1758,92,469,319,17.5,1699,186,329,116,1061,7,353,757,589,"Salt Lake City","UT"
"5576",41620,"Salt Lake City, UT",1185990,689888,583540,1329,0,16,368,11.16666667,7,6,0,1,0,0,7,0,0,"Salt Lake City","UT"
"5577",41620,"Salt Lake City, UT",1185990,689888,583540,1446,13,163,253,11,8004,173,2082,4913,660,176,883,2394,4727,"Salt Lake City","UT"
"5578",41620,"Salt Lake City, UT",1185990,689888,583540,1771,44,194,222,10.83333333,38,19,19,0,0,0,17,16,5,"Salt Lake City","UT"
"5579",41620,"Salt Lake City, UT",1185990,689888,583540,1633,114,126,320,16.16666667,612,36,18,27,359,172,269,196,147,"Salt Lake City","UT"
"5580",41620,"Salt Lake City, UT",1185990,689888,583540,1850,0,134,434,14.5,317,0,13,17,69,218,212,52,53,"Salt Lake City","UT"
"5581",41620,"Salt Lake City, UT",1185990,689888,583540,1265,8,63,376,15.16666667,144,21,23,32,37,31,64,46,34,"Salt Lake City","UT"
"5582",41620,"Salt Lake City, UT",1185990,689888,583540,2260,23,226,566,15.66666667,411,12,50,50,299,0,151,169,91,"Salt Lake City","UT"
"5583",41620,"Salt Lake City, UT",1185990,689888,583540,1126,10,25,282,8.5,360,0,131,112,117,0,164,93,103,"Salt Lake City","UT"
"5584",41620,"Salt Lake City, UT",1185990,689888,583540,1114,30,49,296,12.33333333,180,0,1,20,159,0,67,40,73,"Salt Lake City","UT"
"5585",41620,"Salt Lake City, UT",1185990,689888,583540,1601,13,89,374,10.5,66,0,3,13,50,0,23,37,6,"Salt Lake City","UT"
"5586",41620,"Salt Lake City, UT",1185990,689888,583540,2252,34,430,248,15.83333333,357,77,31,0,123,126,159,125,73,"Salt Lake City","UT"
"5587",41620,"Salt Lake City, UT",1185990,689888,583540,2106,0,112,429,14.33333333,170,29,11,6,121,3,63,42,65,"Salt Lake City","UT"
"5588",41620,"Salt Lake City, UT",1185990,689888,583540,769,0,56,179,17.5,449,39,19,34,307,50,165,122,162,"Salt Lake City","UT"
"5589",41620,"Salt Lake City, UT",1185990,689888,583540,1575,21,103,343,11.83333333,25,0,0,10,15,0,2,21,2,"Salt Lake City","UT"
"5590",41620,"Salt Lake City, UT",1185990,689888,583540,1298,45,82,270,13.16666667,34,2,0,0,32,0,14,14,6,"Salt Lake City","UT"
"5591",41620,"Salt Lake City, UT",1185990,689888,583540,1256,7,81,291,14.33333333,189,5,31,4,89,60,78,47,64,"Salt Lake City","UT"
"5592",41620,"Salt Lake City, UT",1185990,689888,583540,1797,8,33,468,12.16666667,168,1,10,5,152,0,73,49,46,"Salt Lake City","UT"
"5593",41620,"Salt Lake City, UT",1185990,689888,583540,1534,7,58,375,10.33333333,7,0,0,5,2,0,2,5,0,"Salt Lake City","UT"
"5594",41620,"Salt Lake City, UT",1185990,689888,583540,1188,0,20,283,15.16666667,2549,1433,43,19,158,896,1190,1036,323,"Salt Lake City","UT"
"5595",41620,"Salt Lake City, UT",1185990,689888,583540,1576,0,60,379,14.16666667,387,2,6,36,339,4,157,139,91,"Salt Lake City","UT"
"5596",41620,"Salt Lake City, UT",1185990,689888,583540,2894,144,267,655,15,2983,150,229,2134,318,152,454,1565,964,"Salt Lake City","UT"
"5597",41620,"Salt Lake City, UT",1185990,689888,583540,2073,20,112,495,8.833333333,554,13,11,213,317,0,197,199,158,"Salt Lake City","UT"
"5598",41620,"Salt Lake City, UT",1185990,689888,583540,1562,0,25,374,11,850,40,36,136,549,89,324,287,239,"Salt Lake City","UT"
"5599",41620,"Salt Lake City, UT",1185990,689888,583540,2450,42,223,634,17.33333333,1822,317,328,146,679,352,765,574,483,"Salt Lake City","UT"
"5600",41620,"Salt Lake City, UT",1185990,689888,583540,1382,203,370,218,17,2812,456,713,272,801,570,707,907,1198,"Salt Lake City","UT"
"5601",41620,"Salt Lake City, UT",1185990,689888,583540,1676,75,294,382,17.33333333,1086,186,26,80,382,412,416,419,251,"Salt Lake City","UT"
"5602",41620,"Salt Lake City, UT",1185990,689888,583540,1118,173,159,221,16.66666667,325,38,76,47,85,79,144,112,69,"Salt Lake City","UT"
"5603",41620,"Salt Lake City, UT",1185990,689888,583540,559,59,137,140,17.16666667,541,282,9,20,143,87,208,205,128,"Salt Lake City","UT"
"5604",41620,"Salt Lake City, UT",1185990,689888,583540,1219,272,390,97,17.33333333,2694,57,579,128,1771,159,744,772,1178,"Salt Lake City","UT"
"5605",41620,"Salt Lake City, UT",1185990,689888,583540,904,94,309,165,19.33333333,2498,723,304,107,601,763,749,860,889,"Salt Lake City","UT"
"5606",41620,"Salt Lake City, UT",1185990,689888,583540,789,27,164,137,13,58,1,0,13,16,28,32,20,6,"Salt Lake City","UT"
"5607",41620,"Salt Lake City, UT",1185990,689888,583540,852,44,297,138,14.16666667,75,5,5,0,3,62,28,41,6,"Salt Lake City","UT"
"5608",41620,"Salt Lake City, UT",1185990,689888,583540,848,94,218,96,15.16666667,306,47,115,38,69,37,73,91,142,"Salt Lake City","UT"
"5609",41620,"Salt Lake City, UT",1185990,689888,583540,947,0,108,216,14.16666667,91,34,7,10,40,0,31,38,22,"Salt Lake City","UT"
"5610",41620,"Salt Lake City, UT",1185990,689888,583540,1344,31,91,364,13.5,158,82,3,12,61,0,57,65,36,"Salt Lake City","UT"
"5611",41620,"Salt Lake City, UT",1185990,689888,583540,1155,0,90,265,14,18,0,2,6,8,2,7,3,8,"Salt Lake City","UT"
"5612",41620,"Salt Lake City, UT",1185990,689888,583540,1032,8,36,244,13,82,3,0,31,47,1,27,25,30,"Salt Lake City","UT"
"5613",41620,"Salt Lake City, UT",1185990,689888,583540,1486,21,256,349,17.16666667,607,21,43,61,365,117,198,234,175,"Salt Lake City","UT"
"5614",41620,"Salt Lake City, UT",1185990,689888,583540,3600,585,1185,383,17.83333333,13084,725,3643,1711,3283,3722,3569,3090,6425,"Salt Lake City","UT"
"5615",41620,"Salt Lake City, UT",1185990,689888,583540,1167,11,151,125,14,1381,92,385,602,200,102,190,357,834,"Salt Lake City","UT"
"5616",41620,"Salt Lake City, UT",1185990,689888,583540,1228,0,119,229,15,106,0,9,20,77,0,18,59,29,"Salt Lake City","UT"
"5617",41620,"Salt Lake City, UT",1185990,689888,583540,1967,47,293,353,16.66666667,282,112,13,62,65,30,105,126,51,"Salt Lake City","UT"
"5618",41620,"Salt Lake City, UT",1185990,689888,583540,2576,8,159,714,12.33333333,80,0,4,21,55,0,40,29,11,"Salt Lake City","UT"
"5619",41620,"Salt Lake City, UT",1185990,689888,583540,1474,0,127,339,12.66666667,107,3,13,4,87,0,33,23,51,"Salt Lake City","UT"
"5620",41620,"Salt Lake City, UT",1185990,689888,583540,1231,23,92,314,14.83333333,368,16,92,34,225,1,98,139,131,"Salt Lake City","UT"
"5621",41620,"Salt Lake City, UT",1185990,689888,583540,1284,11,153,268,13.33333333,363,15,13,16,307,12,148,130,85,"Salt Lake City","UT"
"5622",41620,"Salt Lake City, UT",1185990,689888,583540,1283,103,208,228,17.83333333,599,70,52,28,384,65,186,207,206,"Salt Lake City","UT"
"5623",41620,"Salt Lake City, UT",1185990,689888,583540,1935,38,144,444,15.66666667,680,207,82,84,268,39,267,261,152,"Salt Lake City","UT"
"5624",41620,"Salt Lake City, UT",1185990,689888,583540,1284,0,165,293,14.83333333,488,25,67,16,301,79,182,198,108,"Salt Lake City","UT"
"5625",41620,"Salt Lake City, UT",1185990,689888,583540,1370,8,45,373,13.16666667,122,7,3,14,98,0,43,25,54,"Salt Lake City","UT"
"5626",41620,"Salt Lake City, UT",1185990,689888,583540,1181,7,122,368,12.16666667,104,0,3,19,82,0,42,44,18,"Salt Lake City","UT"
"5627",41620,"Salt Lake City, UT",1185990,689888,583540,1904,53,171,274,13.33333333,31,0,0,10,21,0,17,10,4,"Salt Lake City","UT"
"5628",41620,"Salt Lake City, UT",1185990,689888,583540,1529,25,117,307,13.83333333,1650,27,167,1377,79,0,190,684,776,"Salt Lake City","UT"
"5629",41620,"Salt Lake City, UT",1185990,689888,583540,2103,28,183,333,13.83333333,138,0,0,21,117,0,59,30,49,"Salt Lake City","UT"
"5630",41620,"Salt Lake City, UT",1185990,689888,583540,2400,13,268,492,15.83333333,269,63,50,72,82,2,77,123,69,"Salt Lake City","UT"
"5631",41620,"Salt Lake City, UT",1185990,689888,583540,1508,13,267,375,11.66666667,21461,73,56,80,21135,117,2502,5542,13417,"Salt Lake City","UT"
"5632",41620,"Salt Lake City, UT",1185990,689888,583540,1034,14,61,294,15.16666667,296,8,16,53,200,19,127,91,78,"Salt Lake City","UT"
"5633",41620,"Salt Lake City, UT",1185990,689888,583540,1744,9,125,490,14.16666667,375,23,122,93,110,27,102,116,157,"Salt Lake City","UT"
"5634",41620,"Salt Lake City, UT",1185990,689888,583540,1018,0,28,273,6.666666667,18,4,1,3,10,0,5,6,7,"Salt Lake City","UT"
"5635",41620,"Salt Lake City, UT",1185990,689888,583540,1269,9,55,338,14.5,210,20,3,41,83,63,81,67,62,"Salt Lake City","UT"
"5636",41620,"Salt Lake City, UT",1185990,689888,583540,1784,0,121,491,11.33333333,178,1,14,41,60,62,74,60,44,"Salt Lake City","UT"
"5637",41620,"Salt Lake City, UT",1185990,689888,583540,1405,5,64,281,12.5,59,0,0,9,50,0,19,16,24,"Salt Lake City","UT"
"5638",41620,"Salt Lake City, UT",1185990,689888,583540,1101,12,40,329,13.5,26,0,0,10,16,0,11,13,2,"Salt Lake City","UT"
"5639",41620,"Salt Lake City, UT",1185990,689888,583540,2964,29,395,413,14.66666667,10850,424,1385,5446,3428,167,2173,3513,5164,"Salt Lake City","UT"
"5640",41620,"Salt Lake City, UT",1185990,689888,583540,1820,0,126,413,16.5,2086,165,144,105,572,1100,1052,668,366,"Salt Lake City","UT"
"5641",41620,"Salt Lake City, UT",1185990,689888,583540,956,0,51,227,13.33333333,9,0,5,2,0,2,4,5,0,"Salt Lake City","UT"
"5642",41620,"Salt Lake City, UT",1185990,689888,583540,1964,17,80,376,14.83333333,190,25,22,36,107,0,54,48,88,"Salt Lake City","UT"
"5643",41620,"Salt Lake City, UT",1185990,689888,583540,2433,12,246,437,13.16666667,316,13,0,194,85,24,65,127,124,"Salt Lake City","UT"
"5644",41620,"Salt Lake City, UT",1185990,689888,583540,2159,7,59,512,12.5,43,0,0,25,15,3,13,21,9,"Salt Lake City","UT"
"5645",41620,"Salt Lake City, UT",1185990,689888,583540,1455,0,35,356,12.5,21,2,0,15,4,0,4,12,5,"Salt Lake City","UT"
"5646",41620,"Salt Lake City, UT",1185990,689888,583540,1797,0,64,447,12.33333333,17,0,1,7,9,0,12,3,2,"Salt Lake City","UT"
"5647",16620,"Charleston, WV",267408,125068,107005,2152,79,138,568,8.333333333,365,63,38,176,47,41,82,134,149,"Charleston","WV"
"5648",16620,"Charleston, WV",267408,125068,107005,1854,0,199,460,3.333333333,63,0,0,33,14,16,26,27,10,"Charleston","WV"
"5649",16620,"Charleston, WV",267408,125068,107005,385,91,140,30,3.333333333,69,0,0,50,19,0,6,9,54,"Charleston","WV"
"5650",16620,"Charleston, WV",267408,125068,107005,925,160,116,184,4.833333333,119,0,0,71,24,24,33,57,29,"Charleston","WV"
"5651",16620,"Charleston, WV",267408,125068,107005,2030,0,119,573,4.166666667,79,5,1,40,29,4,39,24,16,"Charleston","WV"
"5652",16620,"Charleston, WV",267408,125068,107005,1400,0,185,376,2.5,59,19,4,0,36,0,10,14,35,"Charleston","WV"
"5653",16620,"Charleston, WV",267408,125068,107005,1064,78,147,248,4.666666667,145,25,18,77,25,0,26,11,108,"Charleston","WV"
"5654",16620,"Charleston, WV",267408,125068,107005,1323,94,129,341,7.333333333,525,42,112,86,227,58,168,247,110,"Charleston","WV"
"5655",16620,"Charleston, WV",267408,125068,107005,1833,9,385,414,6,344,91,3,36,214,0,105,98,141,"Charleston","WV"
"5656",16620,"Charleston, WV",267408,125068,107005,2637,99,331,488,8.333333333,958,118,39,73,633,95,374,399,185,"Charleston","WV"
"5657",16620,"Charleston, WV",267408,125068,107005,1370,123,340,211,5.666666667,187,64,35,18,46,24,65,53,69,"Charleston","WV"
"5658",16620,"Charleston, WV",267408,125068,107005,720,22,122,187,5.5,336,30,3,208,95,0,42,32,262,"Charleston","WV"
"5659",16620,"Charleston, WV",267408,125068,107005,2578,72,256,607,7.666666667,1080,156,178,61,595,90,228,451,401,"Charleston","WV"
"5660",16620,"Charleston, WV",267408,125068,107005,1834,111,155,442,5.5,140,40,44,18,30,8,40,66,34,"Charleston","WV"
"5661",16620,"Charleston, WV",267408,125068,107005,1069,41,278,147,10.16666667,281,13,4,53,161,50,84,90,107,"Charleston","WV"
"5662",16620,"Charleston, WV",267408,125068,107005,534,65,160,106,12,3309,270,390,1047,1346,256,840,1120,1349,"Charleston","WV"
"5663",16620,"Charleston, WV",267408,125068,107005,409,82,82,54,9,850,0,38,313,499,0,113,224,513,"Charleston","WV"
"5664",16620,"Charleston, WV",267408,125068,107005,1665,95,343,155,10.66666667,304,42,5,11,223,23,96,122,86,"Charleston","WV"
"5665",16620,"Charleston, WV",267408,125068,107005,961,0,237,209,8.666666667,226,50,5,38,126,7,49,100,77,"Charleston","WV"
"5666",16620,"Charleston, WV",267408,125068,107005,644,27,116,99,7,495,89,9,352,34,11,155,215,125,"Charleston","WV"
"5667",16620,"Charleston, WV",267408,125068,107005,1190,152,385,192,7.833333333,264,24,10,87,55,88,66,125,73,"Charleston","WV"
"5668",16620,"Charleston, WV",267408,125068,107005,1227,60,190,326,6.166666667,83,0,25,27,31,0,16,31,36,"Charleston","WV"
"5669",16620,"Charleston, WV",267408,125068,107005,1052,81,343,79,11.16666667,1236,103,67,401,619,46,249,468,519,"Charleston","WV"
"5670",16620,"Charleston, WV",267408,125068,107005,657,0,89,127,6.5,36,2,0,5,29,0,6,10,20,"Charleston","WV"
"5671",16620,"Charleston, WV",267408,125068,107005,979,0,123,289,3.666666667,17,4,0,3,10,0,4,13,0,"Charleston","WV"
"5672",16620,"Charleston, WV",267408,125068,107005,572,22,106,134,2.333333333,2,0,0,2,0,0,2,0,0,"Charleston","WV"
"5673",16620,"Charleston, WV",267408,125068,107005,1894,38,199,488,5.5,220,29,6,47,119,19,49,86,85,"Charleston","WV"
"5674",16620,"Charleston, WV",267408,125068,107005,973,15,76,313,3.333333333,62,0,11,6,10,35,16,33,13,"Charleston","WV"
"5675",16620,"Charleston, WV",267408,125068,107005,1082,54,104,201,2.5,31,9,0,17,5,0,11,9,11,"Charleston","WV"
"5676",16620,"Charleston, WV",267408,125068,107005,844,52,88,194,1.333333333,3,0,0,0,3,0,1,0,2,"Charleston","WV"
"5677",16620,"Charleston, WV",267408,125068,107005,601,49,90,138,10.33333333,270,154,2,65,25,24,52,128,90,"Charleston","WV"
"5678",16620,"Charleston, WV",267408,125068,107005,1189,54,325,252,11.83333333,2498,41,398,185,1670,204,375,993,1130,"Charleston","WV"
"5679",16620,"Charleston, WV",267408,125068,107005,711,53,167,148,12.16666667,461,128,17,34,203,79,130,186,145,"Charleston","WV"
"5680",16620,"Charleston, WV",267408,125068,107005,1128,17,159,200,3.5,248,1,0,247,0,0,14,17,217,"Charleston","WV"
"5681",16620,"Charleston, WV",267408,125068,107005,803,59,160,172,12.16666667,292,31,123,94,34,10,26,100,166,"Charleston","WV"
"5682",16620,"Charleston, WV",267408,125068,107005,1772,131,299,337,3.833333333,551,22,11,459,59,0,61,34,456,"Charleston","WV"
"5683",16620,"Charleston, WV",267408,125068,107005,682,16,123,124,4.166666667,134,0,0,134,0,0,5,34,95,"Charleston","WV"
"5684",16620,"Charleston, WV",267408,125068,107005,979,17,140,233,5.333333333,421,0,0,7,372,42,82,133,206,"Charleston","WV"
"5685",16620,"Charleston, WV",267408,125068,107005,2476,14,309,616,4.333333333,202,5,43,117,33,4,45,96,61,"Charleston","WV"
"5686",16620,"Charleston, WV",267408,125068,107005,1244,9,160,313,7.5,1268,13,326,83,842,4,264,388,616,"Charleston","WV"
"5687",16620,"Charleston, WV",267408,125068,107005,1541,19,169,468,5.333333333,258,14,125,81,35,3,18,116,124,"Charleston","WV"
"5688",16620,"Charleston, WV",267408,125068,107005,2195,75,253,650,5.333333333,58,6,6,2,44,0,12,20,26,"Charleston","WV"
"5689",16620,"Charleston, WV",267408,125068,107005,1356,51,99,371,4.333333333,194,19,0,146,28,1,31,117,46,"Charleston","WV"
"5690",16620,"Charleston, WV",267408,125068,107005,1573,80,268,313,5,106,43,28,0,35,0,48,42,16,"Charleston","WV"
"5691",16620,"Charleston, WV",267408,125068,107005,2573,52,167,522,7.333333333,2956,1284,160,55,621,836,988,1561,407,"Charleston","WV"
"5692",16620,"Charleston, WV",267408,125068,107005,1259,44,215,208,7.5,604,60,55,40,371,78,223,266,115,"Charleston","WV"
"5693",16620,"Charleston, WV",267408,125068,107005,445,29,87,126,11.66666667,119,0,18,33,53,15,29,56,34,"Charleston","WV"
"5694",16620,"Charleston, WV",267408,125068,107005,1359,28,187,365,5.666666667,112,0,0,2,82,28,29,40,43,"Charleston","WV"
"5695",16620,"Charleston, WV",267408,125068,107005,1168,15,287,272,4.166666667,80,10,0,1,29,40,49,25,6,"Charleston","WV"
"5696",16620,"Charleston, WV",267408,125068,107005,768,8,172,115,5.333333333,429,0,0,282,147,0,33,86,310,"Charleston","WV"
"5697",16620,"Charleston, WV",267408,125068,107005,1456,74,214,293,4,41,0,2,27,12,0,11,17,13,"Charleston","WV"
"5698",16620,"Charleston, WV",267408,125068,107005,1652,135,221,259,5.833333333,244,17,7,38,153,29,50,138,56,"Charleston","WV"
"5699",16620,"Charleston, WV",267408,125068,107005,1072,30,113,263,4,275,0,0,239,36,0,16,51,208,"Charleston","WV"
"5700",16620,"Charleston, WV",267408,125068,107005,1003,5,103,265,4,39,0,0,39,0,0,15,16,8,"Charleston","WV"
"5701",16620,"Charleston, WV",267408,125068,107005,686,16,163,175,8.333333333,415,21,67,9,309,9,114,168,133,"Charleston","WV"
"5702",16620,"Charleston, WV",267408,125068,107005,1686,68,286,331,3,23,0,0,21,2,0,13,8,2,"Charleston","WV"
"5703",16620,"Charleston, WV",267408,125068,107005,986,9,56,304,3.5,46,0,0,29,17,0,13,19,14,"Charleston","WV"
"5704",16620,"Charleston, WV",267408,125068,107005,790,0,159,181,5.666666667,588,17,0,498,38,35,34,82,472,"Charleston","WV"
"5705",16620,"Charleston, WV",267408,125068,107005,1085,79,45,283,2.333333333,13,9,0,4,0,0,3,6,4,"Charleston","WV"
"5706",16620,"Charleston, WV",267408,125068,107005,680,48,72,128,2.166666667,35,4,0,31,0,0,1,12,22,"Charleston","WV"
"5707",16620,"Charleston, WV",267408,125068,107005,1178,29,100,263,5.833333333,87,6,11,2,61,7,13,35,39,"Charleston","WV"
"5708",16620,"Charleston, WV",267408,125068,107005,553,22,45,158,1.666666667,0,0,0,0,0,0,0,0,0,"Charleston","WV"
"5709",16620,"Charleston, WV",267408,125068,107005,660,28,55,114,6.833333333,177,73,9,11,44,40,70,84,23,"Charleston","WV"
"5710",16620,"Charleston, WV",267408,125068,107005,1363,46,213,260,5.666666667,500,2,2,130,347,19,111,237,152,"Charleston","WV"
"5711",16620,"Charleston, WV",267408,125068,107005,589,6,61,150,3.5,20,6,0,9,5,0,11,4,5,"Charleston","WV"
"5712",16620,"Charleston, WV",267408,125068,107005,1021,63,184,73,2.666666667,41,0,11,0,30,0,26,7,8,"Charleston","WV"
"5713",16620,"Charleston, WV",267408,125068,107005,1172,0,97,257,7,190,19,60,65,46,0,41,81,68,"Charleston","WV"
"5714",16620,"Charleston, WV",267408,125068,107005,547,7,160,78,3.5,45,0,0,45,0,0,2,5,38,"Charleston","WV"
"5715",16620,"Charleston, WV",267408,125068,107005,1656,102,181,317,3.666666667,123,47,0,1,74,1,36,58,29,"Charleston","WV"
"5716",16620,"Charleston, WV",267408,125068,107005,1502,81,230,292,5.333333333,98,47,4,9,19,19,32,47,19,"Charleston","WV"
"5717",16620,"Charleston, WV",267408,125068,107005,1181,74,303,218,4.833333333,209,29,1,46,127,6,35,84,90,"Charleston","WV"
"5718",16620,"Charleston, WV",267408,125068,107005,1178,39,111,345,3.333333333,107,8,0,12,83,4,24,44,39,"Charleston","WV"
"5719",16620,"Charleston, WV",267408,125068,107005,609,0,80,119,3.5,138,0,0,8,122,8,29,61,48,"Charleston","WV"
"5720",16620,"Charleston, WV",267408,125068,107005,839,0,133,183,3,10,0,4,2,4,0,1,7,2,"Charleston","WV"
"5721",16620,"Charleston, WV",267408,125068,107005,1013,0,178,227,6.333333333,7,0,1,5,1,0,4,0,3,"Charleston","WV"
"5722",16620,"Charleston, WV",267408,125068,107005,981,107,76,166,11,792,115,115,123,284,155,246,337,209,"Charleston","WV"
"5723",16620,"Charleston, WV",267408,125068,107005,965,0,139,271,3.666666667,64,0,3,31,30,0,17,23,24,"Charleston","WV"
"5724",16620,"Charleston, WV",267408,125068,107005,728,48,76,154,1.833333333,31,2,0,29,0,0,10,18,3,"Charleston","WV"
"5725",16620,"Charleston, WV",267408,125068,107005,1328,66,155,296,1.833333333,19,5,0,14,0,0,7,9,3,"Charleston","WV"
"5726",16620,"Charleston, WV",267408,125068,107005,587,58,85,75,7.333333333,795,97,93,42,557,6,230,282,283,"Charleston","WV"
"5727",16620,"Charleston, WV",267408,125068,107005,1845,13,327,379,3,128,40,0,0,85,3,31,69,28,"Charleston","WV"
"5728",16620,"Charleston, WV",267408,125068,107005,864,0,97,180,5.666666667,109,8,0,28,73,0,31,54,24,"Charleston","WV"
"5729",16620,"Charleston, WV",267408,125068,107005,1778,57,52,476,3.166666667,84,0,9,64,11,0,15,41,28,"Charleston","WV"
"5730",16620,"Charleston, WV",267408,125068,107005,898,97,247,139,12.5,1090,39,414,15,593,29,235,644,211,"Charleston","WV"
"5731",16620,"Charleston, WV",267408,125068,107005,695,0,27,284,4.666666667,29,7,0,4,18,0,16,10,3,"Charleston","WV"
"5732",16620,"Charleston, WV",267408,125068,107005,1575,47,227,457,8.666666667,448,103,15,54,210,66,123,170,155,"Charleston","WV"
"5733",16620,"Charleston, WV",267408,125068,107005,562,0,102,162,10.33333333,281,1,119,17,95,49,27,106,148,"Charleston","WV"
"5734",16620,"Charleston, WV",267408,125068,107005,881,18,130,218,9.166666667,189,0,0,13,176,0,42,42,105,"Charleston","WV"
"5735",16620,"Charleston, WV",267408,125068,107005,600,91,156,75,10.83333333,429,232,19,14,72,92,158,174,97,"Charleston","WV"
"5736",16620,"Charleston, WV",267408,125068,107005,1874,34,181,425,8,561,99,31,255,76,100,154,183,224,"Charleston","WV"
"5737",16620,"Charleston, WV",267408,125068,107005,3032,96,583,593,8.5,2617,1153,34,51,783,596,1189,1030,398,"Charleston","WV"
"5738",16620,"Charleston, WV",267408,125068,107005,1256,33,106,295,3,54,0,0,8,46,0,22,20,12,"Charleston","WV"
"5739",16620,"Charleston, WV",267408,125068,107005,1311,105,210,175,12.33333333,591,37,160,72,308,14,219,228,144,"Charleston","WV"
"5740",16620,"Charleston, WV",267408,125068,107005,1224,38,79,262,1.666666667,8,0,0,2,6,0,2,3,3,"Charleston","WV"
"5741",16620,"Charleston, WV",267408,125068,107005,728,54,66,118,2.833333333,23,10,0,3,10,0,9,12,2,"Charleston","WV"
"5742",16620,"Charleston, WV",267408,125068,107005,746,54,153,199,2.333333333,15,7,0,8,0,0,5,9,1,"Charleston","WV"
"5743",16620,"Charleston, WV",267408,125068,107005,1057,320,231,68,12.83333333,15734,1210,6160,640,5903,1821,2910,5907,6917,"Charleston","WV"
"5744",16620,"Charleston, WV",267408,125068,107005,1131,80,266,228,12.5,364,68,34,0,188,74,137,122,105,"Charleston","WV"
"5745",16620,"Charleston, WV",267408,125068,107005,1086,121,324,130,11.5,414,26,7,120,156,105,125,163,126,"Charleston","WV"
"5746",16620,"Charleston, WV",267408,125068,107005,1709,45,205,415,5.333333333,254,18,10,110,116,0,49,123,82,"Charleston","WV"
"5747",16620,"Charleston, WV",267408,125068,107005,1590,8,138,339,4.333333333,82,0,0,49,33,0,21,24,37,"Charleston","WV"
"5748",16620,"Charleston, WV",267408,125068,107005,979,10,252,117,7.666666667,1176,555,59,8,263,291,375,588,213,"Charleston","WV"
"5749",16620,"Charleston, WV",267408,125068,107005,1770,74,308,410,9,1107,151,102,127,632,95,263,322,522,"Charleston","WV"
"5750",16620,"Charleston, WV",267408,125068,107005,1268,18,59,391,5.666666667,373,22,68,220,43,20,72,140,161,"Charleston","WV"
"5751",16620,"Charleston, WV",267408,125068,107005,1276,63,160,254,6,585,37,14,36,359,139,141,252,192,"Charleston","WV"
"5752",16620,"Charleston, WV",267408,125068,107005,2347,27,90,669,6.833333333,425,76,24,155,85,85,142,196,87,"Charleston","WV"
"5753",16620,"Charleston, WV",267408,125068,107005,1182,21,86,337,3.5,86,6,0,1,62,17,26,31,29,"Charleston","WV"
"5754",16620,"Charleston, WV",267408,125068,107005,1225,16,68,352,1.333333333,5,1,0,0,4,0,0,2,3,"Charleston","WV"
"5755",16620,"Charleston, WV",267408,125068,107005,524,62,29,123,9,636,42,267,103,144,80,190,270,176,"Charleston","WV"
"5756",16620,"Charleston, WV",267408,125068,107005,1592,108,138,418,3.166666667,122,15,0,4,103,0,58,57,7,"Charleston","WV"
"5757",16620,"Charleston, WV",267408,125068,107005,942,9,84,346,3.166666667,1619,26,6,1539,42,6,68,187,1364,"Charleston","WV"
"5758",16620,"Charleston, WV",267408,125068,107005,846,0,44,270,2.833333333,28,0,9,19,0,0,3,19,6,"Charleston","WV"
"5759",16620,"Charleston, WV",267408,125068,107005,1146,50,136,344,3.666666667,52,9,4,27,12,0,9,14,29,"Charleston","WV"
"5760",16620,"Charleston, WV",267408,125068,107005,896,11,53,194,3.5,93,67,1,8,17,0,28,52,13,"Charleston","WV"
"5761",16620,"Charleston, WV",267408,125068,107005,1591,93,224,298,5.166666667,107,10,5,6,86,0,42,52,13,"Charleston","WV"
"5762",16620,"Charleston, WV",267408,125068,107005,821,0,49,286,2.666666667,35,0,0,21,14,0,4,8,23,"Charleston","WV"
"5763",16620,"Charleston, WV",267408,125068,107005,1001,115,98,89,7.666666667,176,64,2,95,15,0,33,70,73,"Charleston","WV"
"5764",16620,"Charleston, WV",267408,125068,107005,852,53,225,109,9.5,111,6,6,76,23,0,27,37,47,"Charleston","WV"
"5765",16620,"Charleston, WV",267408,125068,107005,827,11,161,182,10,332,24,0,139,161,8,26,65,241,"Charleston","WV"
"5766",16620,"Charleston, WV",267408,125068,107005,1025,35,131,212,4,21,0,0,0,0,21,12,8,1,"Charleston","WV"
"5767",16620,"Charleston, WV",267408,125068,107005,632,49,156,105,8,2387,463,105,1414,301,104,417,953,1017,"Charleston","WV"
"5768",16620,"Charleston, WV",267408,125068,107005,378,68,100,34,10.83333333,558,43,26,28,447,14,128,252,178,"Charleston","WV"
"5769",16620,"Charleston, WV",267408,125068,107005,1668,0,298,264,5.333333333,63,13,3,2,45,0,19,28,16,"Charleston","WV"
"5770",16620,"Charleston, WV",267408,125068,107005,769,37,208,132,8.333333333,768,89,76,324,268,11,155,249,364,"Charleston","WV"
"5771",16620,"Charleston, WV",267408,125068,107005,1099,312,159,119,6,61,3,24,34,0,0,13,26,22,"Charleston","WV"
"5772",16620,"Charleston, WV",267408,125068,107005,860,48,90,233,4.666666667,0,0,0,0,0,0,0,0,0,"Charleston","WV"
"5773",16620,"Charleston, WV",267408,125068,107005,802,41,114,170,3.333333333,6,0,1,0,5,0,1,4,1,"Charleston","WV"
"5774",16620,"Charleston, WV",267408,125068,107005,1135,0,72,309,5.833333333,54,0,0,0,54,0,11,28,15,"Charleston","WV"
"5775",16620,"Charleston, WV",267408,125068,107005,631,34,127,176,8.666666667,45,25,0,0,20,0,24,20,1,"Charleston","WV"
"5776",16620,"Charleston, WV",267408,125068,107005,1013,44,199,202,9.333333333,208,148,2,6,27,25,53,76,79,"Charleston","WV"
"5777",16620,"Charleston, WV",267408,125068,107005,1129,44,146,278,10.33333333,95,13,5,43,34,0,27,42,26,"Charleston","WV"
"5778",16620,"Charleston, WV",267408,125068,107005,919,85,268,56,13,2469,648,298,385,746,392,727,1104,638,"Charleston","WV"
"5779",16620,"Charleston, WV",267408,125068,107005,677,24,138,146,12,501,53,33,292,86,37,96,156,249,"Charleston","WV"
"5780",16620,"Charleston, WV",267408,125068,107005,526,0,82,165,4.333333333,3,0,0,3,0,0,0,2,1,"Charleston","WV"
"5781",16620,"Charleston, WV",267408,125068,107005,527,0,121,124,11.33333333,116,6,0,46,64,0,43,30,43,"Charleston","WV"
"5782",16620,"Charleston, WV",267408,125068,107005,879,104,269,119,13.16666667,974,78,132,106,570,88,257,482,235,"Charleston","WV"
"5783",16620,"Charleston, WV",267408,125068,107005,740,12,159,155,9.5,179,0,13,42,107,17,37,59,83,"Charleston","WV"
"5784",16620,"Charleston, WV",267408,125068,107005,981,72,231,159,7.833333333,9,0,1,0,8,0,2,5,2,"Charleston","WV"
"5785",16620,"Charleston, WV",267408,125068,107005,451,17,121,100,9,912,34,0,633,245,0,167,222,523,"Charleston","WV"
"5786",16620,"Charleston, WV",267408,125068,107005,1386,71,257,156,5.833333333,129,26,0,66,32,5,32,35,62,"Charleston","WV"
"5787",16620,"Charleston, WV",267408,125068,107005,714,19,134,174,8.666666667,543,84,54,76,290,39,215,175,153,"Charleston","WV"
"5788",16620,"Charleston, WV",267408,125068,107005,1080,12,84,308,6.5,434,171,41,184,0,38,128,149,157,"Charleston","WV"
"5789",16620,"Charleston, WV",267408,125068,107005,1266,48,170,373,5.5,100,6,0,55,39,0,18,28,54,"Charleston","WV"
"5790",16620,"Charleston, WV",267408,125068,107005,369,0,71,90,3.5,37,0,0,0,37,0,4,14,19,"Charleston","WV"
"5791",16620,"Charleston, WV",267408,125068,107005,1266,3,184,240,11,333,39,139,63,92,0,80,155,98,"Charleston","WV"
"5792",16620,"Charleston, WV",267408,125068,107005,1302,45,135,293,2.666666667,89,1,0,79,7,2,15,31,43,"Charleston","WV"
"5793",16620,"Charleston, WV",267408,125068,107005,1480,21,124,338,3.666666667,154,7,5,122,20,0,19,34,101,"Charleston","WV"
"5794",16620,"Charleston, WV",267408,125068,107005,381,46,106,31,3.166666667,4,1,2,1,0,0,3,1,0,"Charleston","WV"
"5795",16620,"Charleston, WV",267408,125068,107005,811,12,73,236,1.666666667,4,0,0,0,4,0,4,0,0,"Charleston","WV"
"5796",16620,"Charleston, WV",267408,125068,107005,983,33,207,186,1.833333333,27,0,0,24,0,3,6,9,12,"Charleston","WV"
"5797",16620,"Charleston, WV",267408,125068,107005,1080,54,163,179,8.333333333,1308,20,45,437,776,30,238,344,726,"Charleston","WV"
"5798",16620,"Charleston, WV",267408,125068,107005,1459,50,154,446,8.166666667,3035,869,176,371,413,1206,729,1574,732,"Charleston","WV"
"5799",16620,"Charleston, WV",267408,125068,107005,511,13,90,99,13.66666667,352,130,109,31,72,10,93,145,114,"Charleston","WV"
"5800",16620,"Charleston, WV",267408,125068,107005,510,15,122,114,7,383,0,1,318,62,2,31,103,249,"Charleston","WV"
"5801",16620,"Charleston, WV",267408,125068,107005,376,19,89,93,11.5,125,21,0,74,17,13,23,50,52,"Charleston","WV"
"5802",16620,"Charleston, WV",267408,125068,107005,856,46,242,94,11.5,182,0,3,80,65,34,53,70,59,"Charleston","WV"
"5803",16620,"Charleston, WV",267408,125068,107005,1361,119,245,119,8.5,604,82,22,15,300,185,221,243,140,"Charleston","WV"
"5804",16620,"Charleston, WV",267408,125068,107005,1194,65,42,389,8.166666667,75,24,6,23,12,10,24,31,20,"Charleston","WV"
"5805",16620,"Charleston, WV",267408,125068,107005,1208,0,88,481,7,400,45,209,50,93,3,49,147,204,"Charleston","WV"
"5806",16620,"Charleston, WV",267408,125068,107005,1390,0,92,312,2.5,14,0,11,3,0,0,0,2,12,"Charleston","WV"
"5807",16620,"Charleston, WV",267408,125068,107005,1839,37,285,476,5.333333333,69,17,0,14,26,12,19,28,22,"Charleston","WV"
"5808",16620,"Charleston, WV",267408,125068,107005,1305,16,245,270,7.333333333,57,0,0,5,52,0,7,22,28,"Charleston","WV"
"5809",16620,"Charleston, WV",267408,125068,107005,1114,49,226,241,10.16666667,404,28,27,230,116,3,57,131,216,"Charleston","WV"
"5810",16620,"Charleston, WV",267408,125068,107005,1525,0,392,317,4.666666667,101,0,0,22,21,58,60,31,10,"Charleston","WV"
"5811",16620,"Charleston, WV",267408,125068,107005,570,53,345,14,8.166666667,5671,0,5267,1,401,2,580,3213,1878,"Charleston","WV"
"5812",16620,"Charleston, WV",267408,125068,107005,361,100,94,22,9.833333333,3685,187,216,230,2872,180,432,1443,1810,"Charleston","WV"
"5813",16620,"Charleston, WV",267408,125068,107005,714,14,176,114,8,152,23,0,0,105,24,49,73,30,"Charleston","WV"
"5814",16620,"Charleston, WV",267408,125068,107005,482,163,141,36,8.166666667,258,2,64,2,190,0,42,90,126,"Charleston","WV"
"5815",16620,"Charleston, WV",267408,125068,107005,1383,140,116,394,7.166666667,203,6,21,60,51,65,71,66,66,"Charleston","WV"
"5816",16620,"Charleston, WV",267408,125068,107005,626,33,114,150,6,2279,55,918,94,1211,1,183,1514,582,"Charleston","WV"
"5817",16620,"Charleston, WV",267408,125068,107005,728,0,203,152,11.16666667,201,61,17,31,42,50,77,85,39,"Charleston","WV"
"5818",16620,"Charleston, WV",267408,125068,107005,2582,0,386,723,8.333333333,206,17,36,9,144,0,40,86,80,"Charleston","WV"
"5819",16620,"Charleston, WV",267408,125068,107005,452,27,60,126,2.333333333,17,0,2,14,1,0,8,9,0,"Charleston","WV"
"5820",16620,"Charleston, WV",267408,125068,107005,378,0,97,87,3.666666667,5,0,0,0,5,0,2,3,0,"Charleston","WV"
"5821",16620,"Charleston, WV",267408,125068,107005,2453,49,360,547,4.5,144,53,2,56,17,16,40,40,64,"Charleston","WV"
"5822",16620,"Charleston, WV",267408,125068,107005,1591,56,381,231,4.666666667,121,1,86,3,31,0,14,90,17,"Charleston","WV"
"5823",16620,"Charleston, WV",267408,125068,107005,1259,40,162,221,3.666666667,56,24,0,1,22,9,21,29,6,"Charleston","WV"
"5824",16620,"Charleston, WV",267408,125068,107005,717,97,232,77,5.5,9,0,0,0,9,0,1,7,1,"Charleston","WV"
"5825",16620,"Charleston, WV",267408,125068,107005,1093,84,220,249,7.833333333,273,0,139,0,77,57,106,124,43,"Charleston","WV"
"5826",16620,"Charleston, WV",267408,125068,107005,648,68,190,44,9,58,13,38,0,7,0,10,27,21,"Charleston","WV"
"5827",16620,"Charleston, WV",267408,125068,107005,972,48,130,266,9,684,0,349,51,142,142,133,217,334,"Charleston","WV"
"5828",16620,"Charleston, WV",267408,125068,107005,1498,0,294,352,6.166666667,427,23,44,77,275,8,214,102,111,"Charleston","WV"
"5829",16620,"Charleston, WV",267408,125068,107005,1475,60,189,341,8.333333333,5014,113,148,55,4491,207,560,1938,2516,"Charleston","WV"
"5830",16620,"Charleston, WV",267408,125068,107005,1820,16,225,318,3.666666667,684,0,0,676,8,0,27,43,614,"Charleston","WV"
"5831",16620,"Charleston, WV",267408,125068,107005,1225,14,101,291,2.666666667,65,0,0,64,1,0,5,11,49,"Charleston","WV"
"5832",16620,"Charleston, WV",267408,125068,107005,1040,46,265,255,6.666666667,59,6,15,26,7,5,17,26,16,"Charleston","WV"
"5833",16620,"Charleston, WV",267408,125068,107005,1496,15,197,432,4,116,4,1,0,95,16,31,26,59,"Charleston","WV"
"5834",16620,"Charleston, WV",267408,125068,107005,857,4,128,174,5.166666667,559,0,1,32,526,0,134,291,134,"Charleston","WV"
"5835",16620,"Charleston, WV",267408,125068,107005,1455,42,191,395,5.333333333,37,7,0,13,17,0,18,14,5,"Charleston","WV"
"5836",16620,"Charleston, WV",267408,125068,107005,1504,35,167,371,5.166666667,199,14,0,130,55,0,30,65,104,"Charleston","WV"
"5837",16620,"Charleston, WV",267408,125068,107005,530,0,93,113,3.666666667,75,15,0,56,0,4,16,15,44,"Charleston","WV"
"5838",16620,"Charleston, WV",267408,125068,107005,1129,43,146,332,6.166666667,307,18,2,104,146,37,51,97,159,"Charleston","WV"
"5839",16620,"Charleston, WV",267408,125068,107005,574,16,139,141,7.333333333,135,27,10,26,64,8,25,36,74,"Charleston","WV"
"5840",16620,"Charleston, WV",267408,125068,107005,1090,31,111,282,6.5,102,0,2,43,42,15,30,29,43,"Charleston","WV"
"5841",16620,"Charleston, WV",267408,125068,107005,946,7,125,261,8.666666667,361,194,20,1,114,32,119,170,72,"Charleston","WV"
"5842",16620,"Charleston, WV",267408,125068,107005,817,87,92,76,6.5,268,0,0,35,233,0,46,142,80,"Charleston","WV"
"5843",16620,"Charleston, WV",267408,125068,107005,623,6,141,96,7.666666667,429,153,37,23,114,102,164,184,81,"Charleston","WV"
"5844",16620,"Charleston, WV",267408,125068,107005,829,8,149,238,4.666666667,21,0,0,0,21,0,6,4,11,"Charleston","WV"
"5845",16620,"Charleston, WV",267408,125068,107005,803,19,60,244,6,27,12,0,5,10,0,8,12,7,"Charleston","WV"
"5846",16620,"Charleston, WV",267408,125068,107005,718,31,210,105,9.333333333,267,35,19,0,190,23,72,100,95,"Charleston","WV"
"5847",16620,"Charleston, WV",267408,125068,107005,1104,0,212,287,2.666666667,29,0,1,20,5,3,13,5,11,"Charleston","WV"
"5848",16620,"Charleston, WV",267408,125068,107005,764,21,187,174,1.666666667,29,0,0,25,4,0,4,5,20,"Charleston","WV"
"5849",16620,"Charleston, WV",267408,125068,107005,1368,66,358,185,4.833333333,84,0,30,28,14,12,16,32,36,"Charleston","WV"
"5850",16620,"Charleston, WV",267408,125068,107005,660,0,64,135,8.833333333,542,0,16,0,501,25,142,286,114,"Charleston","WV"
"5851",16620,"Charleston, WV",267408,125068,107005,575,8,106,179,10.5,127,15,14,2,92,4,28,67,32,"Charleston","WV"
"5852",16620,"Charleston, WV",267408,125068,107005,1510,0,307,333,5,41,0,36,0,2,3,11,17,13,"Charleston","WV"
"5853",16620,"Charleston, WV",267408,125068,107005,1329,8,330,322,6.5,702,84,22,35,560,1,233,172,297,"Charleston","WV"
"5854",16620,"Charleston, WV",267408,125068,107005,1597,15,206,486,6.5,118,12,25,22,51,8,28,34,56,"Charleston","WV"
"5855",16620,"Charleston, WV",267408,125068,107005,559,0,160,140,6.666666667,0,0,0,0,0,0,0,0,0,"Charleston","WV"
"5856",16620,"Charleston, WV",267408,125068,107005,1815,28,181,504,2.833333333,175,6,0,154,15,0,24,50,101,"Charleston","WV"
"5857",16620,"Charleston, WV",267408,125068,107005,787,8,67,66,12.16666667,2095,16,925,555,526,73,170,336,1589,"Charleston","WV"
"5858",16620,"Charleston, WV",267408,125068,107005,1644,50,272,405,3.333333333,65,4,0,43,18,0,10,31,24,"Charleston","WV"
"5859",16620,"Charleston, WV",267408,125068,107005,539,23,118,135,3.333333333,28,0,0,13,0,15,8,14,6,"Charleston","WV"
"5860",16620,"Charleston, WV",267408,125068,107005,1423,0,139,392,6,257,46,2,13,172,24,65,77,115,"Charleston","WV"
"5861",16620,"Charleston, WV",267408,125068,107005,1711,0,189,335,5.166666667,812,0,0,679,133,0,42,337,433,"Charleston","WV"
"5862",16620,"Charleston, WV",267408,125068,107005,520,66,119,84,9,2520,122,700,399,1228,71,388,956,1176,"Charleston","WV"
"5863",16620,"Charleston, WV",267408,125068,107005,1418,113,235,319,3.166666667,272,0,3,262,0,7,34,69,169,"Charleston","WV"
"5864",16620,"Charleston, WV",267408,125068,107005,861,18,103,205,2.333333333,0,0,0,0,0,0,0,0,0,"Charleston","WV"
"5865",16620,"Charleston, WV",267408,125068,107005,2113,0,299,590,5,103,6,2,9,86,0,48,29,26,"Charleston","WV"
"5866",16620,"Charleston, WV",267408,125068,107005,2189,59,381,453,8.5,1309,36,534,314,366,59,269,629,411,"Charleston","WV"
"5867",16620,"Charleston, WV",267408,125068,107005,1086,0,99,285,5.5,47,0,5,3,39,0,13,13,21,"Charleston","WV"
"5868",16620,"Charleston, WV",267408,125068,107005,1994,146,271,406,7.333333333,86,0,2,4,73,7,24,18,44,"Charleston","WV"
"5869",16620,"Charleston, WV",267408,125068,107005,800,171,228,128,12.16666667,1355,48,343,53,860,51,224,592,539,"Charleston","WV"
"5870",16620,"Charleston, WV",267408,125068,107005,778,25,162,194,7.166666667,25,8,6,0,11,0,6,9,10,"Charleston","WV"
"5871",16620,"Charleston, WV",267408,125068,107005,632,15,85,188,5.833333333,50,0,3,29,18,0,10,10,30,"Charleston","WV"
"5872",16620,"Charleston, WV",267408,125068,107005,1749,131,385,358,8.333333333,858,172,57,330,218,81,219,305,334,"Charleston","WV"
"5873",16620,"Charleston, WV",267408,125068,107005,783,0,141,202,8.333333333,939,93,351,210,146,139,196,441,302,"Charleston","WV"
"5874",16620,"Charleston, WV",267408,125068,107005,1116,97,271,173,11.83333333,352,122,23,87,103,17,102,149,101,"Charleston","WV"
"5875",16620,"Charleston, WV",267408,125068,107005,2614,125,457,409,6.833333333,432,0,36,123,272,1,82,162,188,"Charleston","WV"
"5876",16620,"Charleston, WV",267408,125068,107005,795,39,134,146,8.166666667,544,140,17,90,176,121,131,224,189,"Charleston","WV"
"5877",16620,"Charleston, WV",267408,125068,107005,569,100,149,52,11.33333333,1431,408,128,229,511,155,419,503,509,"Charleston","WV"
"5878",16620,"Charleston, WV",267408,125068,107005,527,16,152,82,9.5,930,87,0,627,207,9,117,193,620,"Charleston","WV"
"5879",16620,"Charleston, WV",267408,125068,107005,554,10,127,91,7.666666667,34,0,2,0,32,0,5,11,18,"Charleston","WV"
"5880",16620,"Charleston, WV",267408,125068,107005,592,112,100,34,12.33333333,151,12,0,62,57,20,19,85,47,"Charleston","WV"
"5881",16620,"Charleston, WV",267408,125068,107005,916,146,159,78,8.166666667,26,0,0,26,0,0,7,13,6,"Charleston","WV"
"5882",16620,"Charleston, WV",267408,125068,107005,1009,161,179,88,12.83333333,1437,259,84,206,784,104,507,502,428,"Charleston","WV"
"5883",16620,"Charleston, WV",267408,125068,107005,706,260,181,47,12.16666667,2407,268,175,311,1526,127,475,906,1026,"Charleston","WV"
"5884",16620,"Charleston, WV",267408,125068,107005,278,22,117,41,4.833333333,1474,11,155,35,1221,52,269,357,848,"Charleston","WV"
"5885",16620,"Charleston, WV",267408,125068,107005,528,53,113,113,9.166666667,2489,712,799,29,196,753,787,995,707,"Charleston","WV"
"5886",16620,"Charleston, WV",267408,125068,107005,1899,139,251,416,9.5,234,6,22,76,123,7,32,106,96,"Charleston","WV"
"5887",31540,"Madison, WI",647281,389187,345594,1433,7,54,476,4,402,0,19,321,18,44,99,210,93,"Madison","WI"
"5888",31540,"Madison, WI",647281,389187,345594,656,4,92,213,2.666666667,35,0,0,18,17,0,11,8,16,"Madison","WI"
"5889",31540,"Madison, WI",647281,389187,345594,765,0,71,276,5.666666667,99,13,0,27,30,29,34,38,27,"Madison","WI"
"5890",31540,"Madison, WI",647281,389187,345594,769,2,81,207,6,451,0,46,308,92,5,100,94,257,"Madison","WI"
"5891",31540,"Madison, WI",647281,389187,345594,1736,15,246,388,8.833333333,1605,459,285,18,728,115,386,638,581,"Madison","WI"
"5892",31540,"Madison, WI",647281,389187,345594,1266,13,115,386,4.5,120,0,18,61,5,36,44,16,60,"Madison","WI"
"5893",31540,"Madison, WI",647281,389187,345594,837,10,88,297,3.166666667,42,0,17,17,8,0,24,12,6,"Madison","WI"
"5894",31540,"Madison, WI",647281,389187,345594,1755,15,167,595,4.5,344,0,8,267,57,12,52,70,222,"Madison","WI"
"5895",31540,"Madison, WI",647281,389187,345594,1694,24,271,457,7,529,96,25,185,190,33,146,173,210,"Madison","WI"
"5896",31540,"Madison, WI",647281,389187,345594,1489,5,82,451,4.666666667,494,41,26,356,58,13,86,117,291,"Madison","WI"
"5897",31540,"Madison, WI",647281,389187,345594,2035,17,145,636,7.166666667,415,100,58,90,141,26,143,125,147,"Madison","WI"
"5898",31540,"Madison, WI",647281,389187,345594,962,4,52,353,4,54,0,24,2,21,7,21,13,20,"Madison","WI"
"5899",31540,"Madison, WI",647281,389187,345594,925,4,89,266,6.166666667,392,170,17,108,97,0,152,136,104,"Madison","WI"
"5900",31540,"Madison, WI",647281,389187,345594,1301,2,269,331,6.166666667,1355,267,14,919,19,136,281,317,757,"Madison","WI"
"5901",31540,"Madison, WI",647281,389187,345594,664,2,38,249,3.5,83,28,5,50,0,0,9,31,43,"Madison","WI"
"5902",31540,"Madison, WI",647281,389187,345594,1067,0,176,230,6.166666667,7,0,0,3,4,0,4,3,0,"Madison","WI"
"5903",31540,"Madison, WI",647281,389187,345594,926,67,26,243,2.666666667,43,0,4,28,2,9,10,9,24,"Madison","WI"
"5904",31540,"Madison, WI",647281,389187,345594,1251,20,73,480,4.833333333,186,0,11,53,41,81,77,61,48,"Madison","WI"
"5905",31540,"Madison, WI",647281,389187,345594,1113,104,90,285,7.5,451,74,76,9,255,37,190,167,94,"Madison","WI"
"5906",31540,"Madison, WI",647281,389187,345594,1392,3,94,472,6.333333333,400,115,12,149,39,85,159,144,97,"Madison","WI"
"5907",31540,"Madison, WI",647281,389187,345594,1889,4,219,639,4.166666667,96,2,3,49,10,32,40,33,23,"Madison","WI"
"5908",31540,"Madison, WI",647281,389187,345594,1399,13,108,488,2.666666667,352,0,2,317,3,30,64,127,161,"Madison","WI"
"5909",31540,"Madison, WI",647281,389187,345594,1160,0,176,281,12.83333333,21,0,0,11,10,0,3,10,8,"Madison","WI"
"5910",31540,"Madison, WI",647281,389187,345594,657,15,166,120,12.66666667,455,9,104,186,156,0,162,178,115,"Madison","WI"
"5911",31540,"Madison, WI",647281,389187,345594,1101,34,182,325,7.5,386,49,64,173,94,6,93,138,155,"Madison","WI"
"5912",31540,"Madison, WI",647281,389187,345594,953,0,132,253,4,34,0,0,34,0,0,1,19,14,"Madison","WI"
"5913",31540,"Madison, WI",647281,389187,345594,1493,14,65,475,5.333333333,235,7,35,85,108,0,109,72,54,"Madison","WI"
"5914",31540,"Madison, WI",647281,389187,345594,1390,162,383,266,8.5,2261,554,126,967,368,246,685,790,786,"Madison","WI"
"5915",31540,"Madison, WI",647281,389187,345594,1210,15,75,384,2,115,1,4,106,4,0,27,45,43,"Madison","WI"
"5916",31540,"Madison, WI",647281,389187,345594,1412,9,152,384,6.333333333,374,22,5,105,220,22,125,118,131,"Madison","WI"
"5917",31540,"Madison, WI",647281,389187,345594,841,3,148,200,5.666666667,63,25,0,10,14,14,24,22,17,"Madison","WI"
"5918",31540,"Madison, WI",647281,389187,345594,1113,7,67,354,2.5,74,1,2,61,10,0,18,38,18,"Madison","WI"
"5919",31540,"Madison, WI",647281,389187,345594,1370,15,72,431,3.5,55,7,5,33,1,9,24,21,10,"Madison","WI"
"5920",31540,"Madison, WI",647281,389187,345594,1274,12,213,331,8.166666667,258,22,38,68,114,16,109,68,81,"Madison","WI"
"5921",31540,"Madison, WI",647281,389187,345594,2910,8,116,876,3.333333333,113,0,7,63,43,0,40,45,28,"Madison","WI"
"5922",31540,"Madison, WI",647281,389187,345594,1294,15,62,410,5.166666667,285,0,22,166,97,0,72,96,117,"Madison","WI"
"5923",31540,"Madison, WI",647281,389187,345594,1187,1,96,381,2.5,383,0,8,371,2,2,58,104,221,"Madison","WI"
"5924",31540,"Madison, WI",647281,389187,345594,1496,62,263,333,8.5,3253,1134,819,753,318,229,1185,837,1231,"Madison","WI"
"5925",31540,"Madison, WI",647281,389187,345594,840,7,46,278,2.833333333,83,0,11,67,3,2,27,19,37,"Madison","WI"
"5926",31540,"Madison, WI",647281,389187,345594,684,10,25,231,2.833333333,95,9,1,75,1,9,26,48,21,"Madison","WI"
"5927",31540,"Madison, WI",647281,389187,345594,1519,7,64,430,4.333333333,348,19,14,249,61,5,109,100,139,"Madison","WI"
"5928",31540,"Madison, WI",647281,389187,345594,742,9,67,208,10,454,41,61,153,55,144,172,126,156,"Madison","WI"
"5929",31540,"Madison, WI",647281,389187,345594,2826,14,197,837,6,884,69,24,441,334,16,182,433,269,"Madison","WI"
"5930",31540,"Madison, WI",647281,389187,345594,1834,111,479,312,18.5,958,24,151,290,389,104,242,298,418,"Madison","WI"
"5931",31540,"Madison, WI",647281,389187,345594,2510,164,732,323,14.83333333,2763,107,1508,233,567,348,545,746,1472,"Madison","WI"
"5932",31540,"Madison, WI",647281,389187,345594,1104,26,185,184,12.16666667,1327,11,292,137,878,9,656,264,407,"Madison","WI"
"5933",31540,"Madison, WI",647281,389187,345594,2350,42,375,301,14.66666667,1246,16,522,213,451,44,199,511,536,"Madison","WI"
"5934",31540,"Madison, WI",647281,389187,345594,1005,65,106,120,16.66666667,151,55,6,26,64,0,55,51,45,"Madison","WI"
"5935",31540,"Madison, WI",647281,389187,345594,731,0,201,161,13.16666667,67,0,13,7,47,0,10,28,29,"Madison","WI"
"5936",31540,"Madison, WI",647281,389187,345594,2768,87,520,467,15.16666667,5068,1097,1514,77,2109,271,1197,1625,2246,"Madison","WI"
"5937",31540,"Madison, WI",647281,389187,345594,638,16,70,200,10,18,0,4,8,5,1,6,2,10,"Madison","WI"
"5938",31540,"Madison, WI",647281,389187,345594,608,16,64,209,12.33333333,98,10,1,28,16,43,44,33,21,"Madison","WI"
"5939",31540,"Madison, WI",647281,389187,345594,960,50,490,66,15.66666667,1793,15,600,63,1004,111,243,621,929,"Madison","WI"
"5940",31540,"Madison, WI",647281,389187,345594,2921,34,530,686,12,59,10,5,10,19,15,30,22,7,"Madison","WI"
"5941",31540,"Madison, WI",647281,389187,345594,1348,202,512,144,14.33333333,180,15,52,3,36,74,57,65,58,"Madison","WI"
"5942",31540,"Madison, WI",647281,389187,345594,1500,125,456,251,17.5,293,4,50,73,100,66,101,69,123,"Madison","WI"
"5943",31540,"Madison, WI",647281,389187,345594,1075,0,245,272,18.16666667,599,47,23,148,250,131,174,205,220,"Madison","WI"
"5944",31540,"Madison, WI",647281,389187,345594,1335,0,281,269,14.83333333,143,0,0,0,143,0,34,41,68,"Madison","WI"
"5945",31540,"Madison, WI",647281,389187,345594,1530,49,512,312,17.33333333,3172,110,49,745,1868,400,877,937,1358,"Madison","WI"
"5946",31540,"Madison, WI",647281,389187,345594,1335,91,315,256,18.66666667,1428,262,263,269,302,332,399,551,478,"Madison","WI"
"5947",31540,"Madison, WI",647281,389187,345594,1284,65,420,245,18.33333333,516,31,77,155,141,112,156,216,144,"Madison","WI"
"5948",31540,"Madison, WI",647281,389187,345594,960,69,313,154,13,1697,0,1625,0,61,11,108,578,1011,"Madison","WI"
"5949",31540,"Madison, WI",647281,389187,345594,1272,33,415,211,17.5,772,19,117,450,45,141,140,352,280,"Madison","WI"
"5950",31540,"Madison, WI",647281,389187,345594,1563,14,308,415,17.33333333,240,1,0,34,114,91,96,75,69,"Madison","WI"
"5951",31540,"Madison, WI",647281,389187,345594,2078,86,494,372,16.33333333,332,68,0,11,171,82,176,120,36,"Madison","WI"
"5952",31540,"Madison, WI",647281,389187,345594,1470,32,336,339,16,932,62,60,261,341,208,355,311,266,"Madison","WI"
"5953",31540,"Madison, WI",647281,389187,345594,1213,69,359,231,15.16666667,496,17,0,6,255,218,332,138,26,"Madison","WI"
"5954",31540,"Madison, WI",647281,389187,345594,1026,113,165,263,16.83333333,1856,42,126,1042,605,41,422,520,914,"Madison","WI"
"5955",31540,"Madison, WI",647281,389187,345594,1596,13,332,366,14.33333333,157,0,1,27,120,9,34,52,71,"Madison","WI"
"5956",31540,"Madison, WI",647281,389187,345594,1996,36,335,316,13.66666667,188,16,6,0,125,41,91,55,42,"Madison","WI"
"5957",31540,"Madison, WI",647281,389187,345594,1159,0,169,311,11.66666667,52,0,6,1,23,22,14,13,25,"Madison","WI"
"5958",31540,"Madison, WI",647281,389187,345594,1392,17,133,416,13.66666667,137,0,0,0,137,0,36,37,64,"Madison","WI"
"5959",31540,"Madison, WI",647281,389187,345594,1096,14,132,286,11.5,17,0,0,2,15,0,3,12,2,"Madison","WI"
"5960",31540,"Madison, WI",647281,389187,345594,1006,43,66,312,11.5,53,0,0,0,53,0,19,8,26,"Madison","WI"
"5961",31540,"Madison, WI",647281,389187,345594,1183,58,214,212,14.33333333,1737,335,6,135,1151,110,814,570,353,"Madison","WI"
"5962",31540,"Madison, WI",647281,389187,345594,919,16,161,218,14.83333333,533,0,20,255,215,43,163,182,188,"Madison","WI"
"5963",31540,"Madison, WI",647281,389187,345594,1614,45,250,347,13.83333333,978,121,28,449,139,241,378,339,261,"Madison","WI"
"5964",31540,"Madison, WI",647281,389187,345594,1270,0,35,424,12.5,77,0,2,0,75,0,9,21,47,"Madison","WI"
"5965",31540,"Madison, WI",647281,389187,345594,908,28,58,279,13.83333333,34,0,6,10,10,8,18,7,9,"Madison","WI"
"5966",31540,"Madison, WI",647281,389187,345594,849,53,167,130,13,3294,96,1731,954,423,90,308,637,2349,"Madison","WI"
"5967",31540,"Madison, WI",647281,389187,345594,866,36,94,238,12.5,36,0,24,0,12,0,14,13,9,"Madison","WI"
"5968",31540,"Madison, WI",647281,389187,345594,1834,57,298,374,10.83333333,27,0,10,0,15,2,8,13,6,"Madison","WI"
"5969",31540,"Madison, WI",647281,389187,345594,2358,128,319,442,14.5,255,16,33,17,189,0,77,89,89,"Madison","WI"
"5970",31540,"Madison, WI",647281,389187,345594,1634,30,265,352,12.5,98,29,8,11,39,11,39,35,24,"Madison","WI"
"5971",31540,"Madison, WI",647281,389187,345594,921,40,85,222,14.66666667,896,206,18,131,480,61,277,316,303,"Madison","WI"
"5972",31540,"Madison, WI",647281,389187,345594,791,34,104,165,14.66666667,503,219,4,0,280,0,160,167,176,"Madison","WI"
"5973",31540,"Madison, WI",647281,389187,345594,1265,50,240,349,14,1052,307,41,236,387,81,317,402,333,"Madison","WI"
"5974",31540,"Madison, WI",647281,389187,345594,1933,3,209,632,7.5,381,60,82,27,156,56,115,118,148,"Madison","WI"
"5975",31540,"Madison, WI",647281,389187,345594,1059,7,52,367,3.5,92,0,3,48,22,19,28,28,36,"Madison","WI"
"5976",31540,"Madison, WI",647281,389187,345594,3018,99,255,739,8.333333333,1027,251,49,139,476,112,406,299,322,"Madison","WI"
"5977",31540,"Madison, WI",647281,389187,345594,1398,16,399,261,14.16666667,2113,247,478,464,778,146,519,628,966,"Madison","WI"
"5978",31540,"Madison, WI",647281,389187,345594,1301,7,57,396,5.166666667,283,9,1,162,46,65,82,100,101,"Madison","WI"
"5979",31540,"Madison, WI",647281,389187,345594,1596,0,54,538,6.166666667,154,6,25,35,46,42,52,54,48,"Madison","WI"
"5980",31540,"Madison, WI",647281,389187,345594,1461,111,525,162,12,136,0,8,13,115,0,63,44,29,"Madison","WI"
"5981",31540,"Madison, WI",647281,389187,345594,768,103,218,147,13.5,6261,637,2574,1770,1193,87,865,1766,3630,"Madison","WI"
"5982",31540,"Madison, WI",647281,389187,345594,1574,4,85,510,4.333333333,109,27,15,49,18,0,35,46,28,"Madison","WI"
"5983",31540,"Madison, WI",647281,389187,345594,1315,77,47,313,15.83333333,395,0,3,13,379,0,116,74,205,"Madison","WI"
"5984",31540,"Madison, WI",647281,389187,345594,1110,0,228,279,15.16666667,181,85,0,67,25,4,53,41,87,"Madison","WI"
"5985",31540,"Madison, WI",647281,389187,345594,677,46,198,130,14.5,1198,74,15,25,1038,46,184,305,709,"Madison","WI"
"5986",31540,"Madison, WI",647281,389187,345594,2463,24,367,659,8,1652,594,55,421,497,85,678,426,548,"Madison","WI"
"5987",31540,"Madison, WI",647281,389187,345594,2351,21,191,607,14.16666667,482,24,52,59,261,86,211,151,120,"Madison","WI"
"5988",31540,"Madison, WI",647281,389187,345594,1561,11,82,481,5.666666667,695,64,44,454,69,64,169,212,314,"Madison","WI"
"5989",31540,"Madison, WI",647281,389187,345594,2142,5,131,739,4.333333333,343,26,6,210,67,34,97,103,143,"Madison","WI"
"5990",31540,"Madison, WI",647281,389187,345594,708,31,171,182,11.5,265,65,6,30,68,96,145,67,53,"Madison","WI"
"5991",31540,"Madison, WI",647281,389187,345594,1612,0,243,390,11.33333333,2217,23,66,8,2087,33,184,823,1210,"Madison","WI"
"5992",31540,"Madison, WI",647281,389187,345594,2120,33,435,496,15.5,227,18,9,10,108,82,94,69,64,"Madison","WI"
"5993",31540,"Madison, WI",647281,389187,345594,1508,18,121,455,13.5,38,0,6,5,19,8,11,16,11,"Madison","WI"
"5994",31540,"Madison, WI",647281,389187,345594,6936,123,1350,1803,13.33333333,13960,736,5015,2024,5153,1032,1946,3366,8648,"Madison","WI"
"5995",31540,"Madison, WI",647281,389187,345594,1128,6,75,310,3.333333333,351,2,12,306,26,5,50,88,213,"Madison","WI"
"5996",31540,"Madison, WI",647281,389187,345594,971,29,207,170,15.5,553,308,5,95,111,34,147,243,163,"Madison","WI"
"5997",31540,"Madison, WI",647281,389187,345594,1444,20,341,330,16.66666667,471,65,80,102,186,38,222,114,135,"Madison","WI"
"5998",31540,"Madison, WI",647281,389187,345594,891,26,219,224,15.83333333,1038,43,522,222,244,7,141,355,542,"Madison","WI"
"5999",31540,"Madison, WI",647281,389187,345594,1231,14,219,394,15.33333333,274,18,4,11,169,72,182,66,26,"Madison","WI"
"6000",31540,"Madison, WI",647281,389187,345594,810,16,158,245,15.5,218,69,4,11,81,53,89,77,52,"Madison","WI"
"6001",31540,"Madison, WI",647281,389187,345594,1228,0,260,297,14.83333333,98,0,13,5,40,40,44,26,28,"Madison","WI"
"6002",31540,"Madison, WI",647281,389187,345594,831,19,100,263,12.5,2128,34,1717,5,359,13,70,137,1921,"Madison","WI"
"6003",31540,"Madison, WI",647281,389187,345594,1992,33,436,506,15.66666667,471,13,33,6,340,79,132,129,210,"Madison","WI"
"6004",31540,"Madison, WI",647281,389187,345594,1465,152,170,298,14,663,13,57,7,517,69,114,200,349,"Madison","WI"
"6005",31540,"Madison, WI",647281,389187,345594,2427,21,287,708,12.33333333,406,30,12,4,311,49,139,124,143,"Madison","WI"
"6006",31540,"Madison, WI",647281,389187,345594,924,52,238,171,8.5,8913,185,2134,1376,5084,134,1496,2499,4918,"Madison","WI"
"6007",31540,"Madison, WI",647281,389187,345594,958,30,73,301,13.33333333,204,0,11,4,188,1,52,51,101,"Madison","WI"
"6008",31540,"Madison, WI",647281,389187,345594,1170,20,267,257,15,1365,0,361,240,764,0,202,239,924,"Madison","WI"
"6009",31540,"Madison, WI",647281,389187,345594,1347,8,224,307,13.83333333,460,371,6,0,53,30,275,134,51,"Madison","WI"
"6010",31540,"Madison, WI",647281,389187,345594,2016,79,420,257,13.5,210,14,0,11,101,84,116,72,22,"Madison","WI"
"6011",31540,"Madison, WI",647281,389187,345594,1463,0,128,482,13.83333333,186,0,1,0,110,75,63,60,63,"Madison","WI"
"6012",31540,"Madison, WI",647281,389187,345594,783,0,215,85,10.33333333,4,0,0,0,4,0,1,2,1,"Madison","WI"
"6013",31540,"Madison, WI",647281,389187,345594,1651,23,186,515,14.66666667,1562,108,522,693,227,12,90,265,1207,"Madison","WI"
"6014",31540,"Madison, WI",647281,389187,345594,572,0,22,211,12,37,16,0,4,17,0,12,19,6,"Madison","WI"
"6015",31540,"Madison, WI",647281,389187,345594,837,83,138,193,11.16666667,17,0,0,0,17,0,7,7,3,"Madison","WI"
"6016",31540,"Madison, WI",647281,389187,345594,1365,103,157,336,14.5,257,48,45,3,157,4,69,61,127,"Madison","WI"
"6017",31540,"Madison, WI",647281,389187,345594,419,0,27,151,12,64,0,0,2,62,0,7,15,42,"Madison","WI"
"6018",31540,"Madison, WI",647281,389187,345594,1530,49,209,403,12.16666667,20,0,0,10,10,0,8,7,5,"Madison","WI"
"6019",31540,"Madison, WI",647281,389187,345594,1175,0,248,372,11.5,198,14,139,10,35,0,45,49,104,"Madison","WI"
"6020",31540,"Madison, WI",647281,389187,345594,2440,37,389,407,15.33333333,574,335,43,13,169,14,213,228,133,"Madison","WI"
"6021",31540,"Madison, WI",647281,389187,345594,2289,75,307,400,14.16666667,221,0,17,0,188,16,52,123,46,"Madison","WI"
"6022",31540,"Madison, WI",647281,389187,345594,1501,67,255,292,11.83333333,1522,87,26,1282,73,54,131,408,983,"Madison","WI"
"6023",31540,"Madison, WI",647281,389187,345594,786,8,101,185,14.66666667,120,0,5,5,75,35,34,33,53,"Madison","WI"
"6024",31540,"Madison, WI",647281,389187,345594,1264,19,287,309,14.5,203,21,1,46,135,0,56,61,86,"Madison","WI"
"6025",31540,"Madison, WI",647281,389187,345594,1253,9,169,293,12.66666667,118,4,5,4,33,72,39,55,24,"Madison","WI"
"6026",31540,"Madison, WI",647281,389187,345594,1264,99,394,234,15.83333333,403,226,3,74,32,68,148,194,61,"Madison","WI"
"6027",31540,"Madison, WI",647281,389187,345594,1275,0,207,333,13.5,689,9,54,15,611,0,138,158,393,"Madison","WI"
"6028",31540,"Madison, WI",647281,389187,345594,1082,50,174,226,16.83333333,334,225,22,2,56,29,123,140,71,"Madison","WI"
"6029",31540,"Madison, WI",647281,389187,345594,1097,10,143,244,16.16666667,50,8,7,0,16,19,18,20,12,"Madison","WI"
"6030",31540,"Madison, WI",647281,389187,345594,1447,44,327,292,14.83333333,264,14,7,0,86,157,108,108,48,"Madison","WI"
"6031",31540,"Madison, WI",647281,389187,345594,2204,280,546,318,17.33333333,449,23,48,3,286,89,122,146,181,"Madison","WI"
"6032",31540,"Madison, WI",647281,389187,345594,718,0,109,181,16.16666667,90,22,1,2,63,2,30,23,37,"Madison","WI"
"6033",31540,"Madison, WI",647281,389187,345594,1577,10,161,273,15.66666667,788,11,2,16,657,102,229,243,316,"Madison","WI"
"6034",31540,"Madison, WI",647281,389187,345594,1058,8,189,258,16.83333333,230,0,6,7,103,114,87,86,57,"Madison","WI"
"6035",31540,"Madison, WI",647281,389187,345594,1135,84,397,143,16.33333333,810,35,0,0,721,54,130,255,425,"Madison","WI"
"6036",31540,"Madison, WI",647281,389187,345594,1657,22,262,349,14.83333333,3640,191,24,0,3360,65,575,1191,1874,"Madison","WI"
"6037",31540,"Madison, WI",647281,389187,345594,1988,56,168,390,15.66666667,426,90,15,7,57,257,244,126,56,"Madison","WI"
"6038",31540,"Madison, WI",647281,389187,345594,818,0,139,233,8.333333333,207,15,41,81,67,3,50,82,75,"Madison","WI"
"6039",31540,"Madison, WI",647281,389187,345594,963,9,141,267,9,336,100,12,27,97,100,164,95,77,"Madison","WI"
"6040",31540,"Madison, WI",647281,389187,345594,3162,58,316,833,11.83333333,67,0,15,24,7,21,12,31,24,"Madison","WI"
"6041",31540,"Madison, WI",647281,389187,345594,2080,211,203,381,12.5,286,32,11,8,190,45,107,115,64,"Madison","WI"
"6042",31540,"Madison, WI",647281,389187,345594,1321,15,209,396,12.16666667,170,9,0,8,146,7,26,64,80,"Madison","WI"
"6043",31540,"Madison, WI",647281,389187,345594,865,60,94,256,4.5,66,0,5,33,28,0,8,33,25,"Madison","WI"
"6044",31540,"Madison, WI",647281,389187,345594,1840,14,169,514,5,3989,3349,130,90,363,57,991,1845,1153,"Madison","WI"
"6045",31540,"Madison, WI",647281,389187,345594,6659,16,633,1802,8.5,2435,578,41,1054,455,307,611,795,1029,"Madison","WI"
"6046",31540,"Madison, WI",647281,389187,345594,3514,0,231,1070,6.5,788,17,2,145,197,427,425,156,207,"Madison","WI"
"6047",31540,"Madison, WI",647281,389187,345594,5245,75,524,1381,8,369,116,25,38,103,87,160,145,64,"Madison","WI"
"6048",31540,"Madison, WI",647281,389187,345594,2348,21,378,482,10.83333333,805,126,27,117,401,134,227,282,296,"Madison","WI"
"6049",31540,"Madison, WI",647281,389187,345594,2392,61,650,645,14.83333333,838,379,83,47,161,168,296,333,209,"Madison","WI"
"6050",31540,"Madison, WI",647281,389187,345594,840,237,147,131,7.833333333,1606,8,49,478,925,146,350,476,780,"Madison","WI"
"6051",31540,"Madison, WI",647281,389187,345594,809,0,124,224,5.333333333,1753,27,46,1312,331,37,259,492,1002,"Madison","WI"
"6052",31540,"Madison, WI",647281,389187,345594,3399,122,215,866,6.333333333,305,0,16,19,241,29,72,114,119,"Madison","WI"
"6053",31540,"Madison, WI",647281,389187,345594,2678,100,404,591,9.333333333,1144,124,414,87,390,129,362,307,475,"Madison","WI"
"6054",31540,"Madison, WI",647281,389187,345594,2394,4,155,740,5.833333333,524,22,4,268,217,13,98,207,219,"Madison","WI"
"6055",31540,"Madison, WI",647281,389187,345594,1220,0,55,393,3.666666667,232,0,15,203,14,0,24,59,149,"Madison","WI"
"6056",31540,"Madison, WI",647281,389187,345594,914,0,60,304,3,74,0,0,55,19,0,38,24,12,"Madison","WI"
"6057",31540,"Madison, WI",647281,389187,345594,651,12,125,181,11.83333333,410,28,52,18,270,42,151,103,156,"Madison","WI"
"6058",31540,"Madison, WI",647281,389187,345594,1393,35,215,305,6.666666667,1551,43,62,706,740,0,277,516,758,"Madison","WI"
"6059",31540,"Madison, WI",647281,389187,345594,938,0,108,278,7.5,49,0,3,4,42,0,28,16,5,"Madison","WI"
"6060",31540,"Madison, WI",647281,389187,345594,1011,0,45,277,9.166666667,175,15,9,3,141,7,63,58,54,"Madison","WI"
"6061",31540,"Madison, WI",647281,389187,345594,1925,3,161,603,7.333333333,480,29,235,12,112,92,132,105,243,"Madison","WI"
"6062",31540,"Madison, WI",647281,389187,345594,1638,0,87,500,10.66666667,614,114,62,313,79,46,194,179,241,"Madison","WI"
"6063",31540,"Madison, WI",647281,389187,345594,596,12,50,209,7.5,187,0,65,26,60,36,92,42,53,"Madison","WI"
"6064",31540,"Madison, WI",647281,389187,345594,1378,14,127,428,6.833333333,1223,31,83,884,184,41,213,574,436,"Madison","WI"
"6065",31540,"Madison, WI",647281,389187,345594,610,0,132,124,11,705,12,197,12,438,46,235,180,290,"Madison","WI"
"6066",31540,"Madison, WI",647281,389187,345594,1315,3,519,251,5.833333333,236,0,16,11,198,11,68,81,87,"Madison","WI"
"6067",31540,"Madison, WI",647281,389187,345594,566,20,55,142,4,62,0,1,10,51,0,23,30,9,"Madison","WI"
"6068",31540,"Madison, WI",647281,389187,345594,1026,0,143,220,9.166666667,246,55,56,21,58,56,110,64,72,"Madison","WI"
"6069",31540,"Madison, WI",647281,389187,345594,3535,48,391,894,8.333333333,818,205,198,125,189,101,327,246,245,"Madison","WI"
"6070",31540,"Madison, WI",647281,389187,345594,1436,3,130,423,6.833333333,606,71,67,364,58,46,148,190,268,"Madison","WI"
"6071",31540,"Madison, WI",647281,389187,345594,1856,240,162,414,7,227,16,5,48,158,0,73,74,80,"Madison","WI"
"6072",31540,"Madison, WI",647281,389187,345594,1759,0,182,475,5.666666667,2775,81,53,2280,188,173,704,862,1209,"Madison","WI"
"6073",31540,"Madison, WI",647281,389187,345594,2034,7,154,636,2.666666667,307,17,5,256,22,7,64,125,118,"Madison","WI"
"6074",31540,"Madison, WI",647281,389187,345594,533,10,59,147,13.66666667,1351,173,601,53,396,128,417,524,410,"Madison","WI"
"6075",31540,"Madison, WI",647281,389187,345594,2070,54,391,454,9.5,1399,128,76,220,690,285,433,401,565,"Madison","WI"
"6076",31540,"Madison, WI",647281,389187,345594,1888,44,379,463,15.66666667,2146,282,560,127,714,463,774,700,672,"Madison","WI"
"6077",31540,"Madison, WI",647281,389187,345594,1006,26,250,250,16.16666667,736,47,42,40,588,19,205,257,274,"Madison","WI"
"6078",31540,"Madison, WI",647281,389187,345594,1477,0,278,335,11.83333333,738,74,306,273,85,0,54,240,444,"Madison","WI"
"6079",31540,"Madison, WI",647281,389187,345594,4364,67,267,1172,7.833333333,1279,222,26,591,193,247,406,221,652,"Madison","WI"
"6080",31540,"Madison, WI",647281,389187,345594,2402,135,275,631,8.666666667,677,24,284,140,222,7,268,178,231,"Madison","WI"
"6081",31540,"Madison, WI",647281,389187,345594,1330,6,84,400,9.333333333,336,11,1,49,212,63,122,84,130,"Madison","WI"
"6082",31540,"Madison, WI",647281,389187,345594,2208,102,618,348,15.66666667,820,47,38,23,354,358,358,229,233,"Madison","WI"
"6083",31540,"Madison, WI",647281,389187,345594,2623,133,116,718,12.16666667,9895,327,1378,5161,2881,148,1579,2965,5351,"Madison","WI"
"6084",31540,"Madison, WI",647281,389187,345594,1245,0,101,371,15.16666667,365,29,15,180,50,91,117,121,127,"Madison","WI"
"6085",31540,"Madison, WI",647281,389187,345594,2926,272,712,210,13.83333333,10409,0,125,0,10271,13,803,2905,6701,"Madison","WI"
"6086",31540,"Madison, WI",647281,389187,345594,1043,3,151,260,14.66666667,922,82,42,8,642,148,336,278,308,"Madison","WI"
"6087",31540,"Madison, WI",647281,389187,345594,1106,3,157,285,13.83333333,1016,173,457,64,63,259,302,320,394,"Madison","WI"
"6088",31540,"Madison, WI",647281,389187,345594,1358,4,118,433,11.33333333,170,2,37,10,50,71,54,71,45,"Madison","WI"
"6089",31540,"Madison, WI",647281,389187,345594,1828,19,515,434,13.66666667,325,18,58,20,173,56,108,107,110,"Madison","WI"
"6090",31540,"Madison, WI",647281,389187,345594,1770,9,158,519,9.666666667,292,0,105,16,121,50,111,55,126,"Madison","WI"
"6091",31540,"Madison, WI",647281,389187,345594,1205,6,270,315,13.83333333,289,18,13,7,115,136,146,120,23,"Madison","WI"
"6092",31540,"Madison, WI",647281,389187,345594,905,18,48,285,6,40,0,5,1,34,0,5,10,25,"Madison","WI"
"6093",31540,"Madison, WI",647281,389187,345594,945,0,75,356,5.166666667,81,4,5,44,25,3,24,32,25,"Madison","WI"
"6094",31540,"Madison, WI",647281,389187,345594,3333,41,356,811,5.5,377,59,17,61,206,34,207,121,49,"Madison","WI"
"6095",31540,"Madison, WI",647281,389187,345594,1775,14,61,536,6,171,53,16,42,44,16,49,45,77,"Madison","WI"
"6096",31540,"Madison, WI",647281,389187,345594,993,10,64,295,3.5,108,67,18,12,10,1,42,34,32,"Madison","WI"
"6097",31540,"Madison, WI",647281,389187,345594,2272,19,146,726,4.5,479,1,47,325,44,62,145,145,189,"Madison","WI"
"6098",31540,"Madison, WI",647281,389187,345594,1261,4,76,394,3.5,184,0,1,126,9,48,63,56,65,"Madison","WI"
"6099",31540,"Madison, WI",647281,389187,345594,2296,13,305,645,14.16666667,408,56,88,54,88,122,174,123,111,"Madison","WI"
"6100",31540,"Madison, WI",647281,389187,345594,1167,0,266,304,11.33333333,875,187,14,127,407,140,306,263,306,"Madison","WI"
"6101",31540,"Madison, WI",647281,389187,345594,3035,17,259,954,7,397,8,176,11,172,30,162,78,157,"Madison","WI"
"6102",31540,"Madison, WI",647281,389187,345594,894,18,54,287,2.666666667,26,0,19,3,4,0,5,8,13,"Madison","WI"
"6103",31540,"Madison, WI",647281,389187,345594,1133,10,167,356,3.833333333,106,33,5,62,6,0,45,42,19,"Madison","WI"
"6104",31540,"Madison, WI",647281,389187,345594,1991,61,345,525,14.5,374,46,51,33,200,44,143,154,77,"Madison","WI"
"6105",31540,"Madison, WI",647281,389187,345594,1701,15,140,496,5.833333333,131,0,61,18,45,7,35,29,67,"Madison","WI"
"6106",31540,"Madison, WI",647281,389187,345594,658,0,72,241,6.666666667,1801,28,173,1055,253,292,321,460,1020,"Madison","WI"
"6107",31540,"Madison, WI",647281,389187,345594,2481,6,527,740,6,771,2,69,487,168,45,124,165,482,"Madison","WI"
"6108",31540,"Madison, WI",647281,389187,345594,2427,0,278,717,15.5,577,59,17,64,373,64,177,152,248,"Madison","WI"
"6109",31540,"Madison, WI",647281,389187,345594,2311,17,453,524,13.66666667,1015,6,17,401,547,44,202,323,490,"Madison","WI"
"6110",31540,"Madison, WI",647281,389187,345594,1524,14,305,283,13.5,292,0,41,16,198,37,64,85,143,"Madison","WI"
"6111",31540,"Madison, WI",647281,389187,345594,1715,0,64,480,9.666666667,123,0,2,17,104,0,34,32,57,"Madison","WI"
"6112",31540,"Madison, WI",647281,389187,345594,1016,0,135,234,14,509,124,3,0,360,22,129,163,217,"Madison","WI"
"6113",31540,"Madison, WI",647281,389187,345594,1766,0,92,408,6.166666667,117,39,1,18,35,24,48,36,33,"Madison","WI"
"6114",31540,"Madison, WI",647281,389187,345594,2271,0,263,594,9,500,36,24,230,174,36,115,141,244,"Madison","WI"
"6115",31540,"Madison, WI",647281,389187,345594,2273,70,121,620,8.166666667,1231,50,79,598,333,171,307,334,590,"Madison","WI"
"6116",31540,"Madison, WI",647281,389187,345594,2110,0,124,576,7.666666667,502,7,16,196,224,59,124,157,221,"Madison","WI"
"6117",31540,"Madison, WI",647281,389187,345594,3225,14,190,941,8.833333333,315,30,81,36,115,53,87,88,140,"Madison","WI"
"6118",31540,"Madison, WI",647281,389187,345594,2745,144,625,465,14.33333333,703,180,176,73,203,71,236,199,268,"Madison","WI"
"6119",31540,"Madison, WI",647281,389187,345594,743,0,98,151,14.16666667,309,24,9,81,195,0,78,83,148,"Madison","WI"
"6120",31540,"Madison, WI",647281,389187,345594,3052,76,796,786,8.166666667,6552,307,352,3225,2498,170,969,1922,3661,"Madison","WI"
"6121",31540,"Madison, WI",647281,389187,345594,1619,62,386,396,13.66666667,46,0,2,2,32,10,16,19,11,"Madison","WI"
"6122",31540,"Madison, WI",647281,389187,345594,1666,142,363,354,17,1822,519,98,889,253,63,395,358,1069,"Madison","WI"
"6123",31540,"Madison, WI",647281,389187,345594,2680,16,431,743,12,204,0,1,7,178,18,41,75,88,"Madison","WI"
"6124",31540,"Madison, WI",647281,389187,345594,1263,16,137,412,6.166666667,252,6,39,125,37,45,113,43,96,"Madison","WI"
"6125",31540,"Madison, WI",647281,389187,345594,1377,38,248,397,7.5,289,22,10,60,132,65,91,118,80,"Madison","WI"
"6126",31540,"Madison, WI",647281,389187,345594,1437,46,277,287,9,1280,185,142,96,529,328,464,497,319,"Madison","WI"
"6127",31540,"Madison, WI",647281,389187,345594,1487,25,186,322,8.666666667,1402,48,1147,12,130,65,230,504,668,"Madison","WI"
"6128",31540,"Madison, WI",647281,389187,345594,2105,3,105,652,6,594,46,31,324,96,97,185,173,236,"Madison","WI"
"6129",31540,"Madison, WI",647281,389187,345594,1139,17,114,285,4.666666667,349,13,23,136,172,5,109,105,135,"Madison","WI"
"6130",31540,"Madison, WI",647281,389187,345594,1046,8,145,290,4.333333333,265,29,29,196,11,0,64,80,121,"Madison","WI"
"6131",31540,"Madison, WI",647281,389187,345594,565,9,62,202,2.333333333,25,0,15,8,2,0,16,4,5,"Madison","WI"
"6132",31540,"Madison, WI",647281,389187,345594,1393,31,312,368,8.5,1159,421,77,207,194,260,410,431,318,"Madison","WI"
"6133",31540,"Madison, WI",647281,389187,345594,1521,54,121,420,6.666666667,290,58,36,88,71,37,101,76,113,"Madison","WI"
"6134",31540,"Madison, WI",647281,389187,345594,1428,14,128,444,5.666666667,130,24,26,19,23,38,58,49,23,"Madison","WI"
"6135",31540,"Madison, WI",647281,389187,345594,1850,33,150,575,4.333333333,261,13,25,179,31,13,51,110,100,"Madison","WI"
"6136",31540,"Madison, WI",647281,389187,345594,729,0,75,216,7.666666667,400,49,42,45,238,26,118,143,139,"Madison","WI"
"6137",31540,"Madison, WI",647281,389187,345594,853,13,70,306,5.166666667,490,3,38,235,20,194,115,183,192,"Madison","WI"
"6138",31540,"Madison, WI",647281,389187,345594,1539,357,289,14,16.66666667,357,0,254,1,49,53,85,90,182,"Madison","WI"
"6139",31540,"Madison, WI",647281,389187,345594,2321,54,647,440,11.5,58,21,2,2,33,0,15,13,30,"Madison","WI"
"6140",31540,"Madison, WI",647281,389187,345594,2627,456,365,175,15.16666667,1606,222,39,11,225,1109,1015,447,144,"Madison","WI"
"6141",31540,"Madison, WI",647281,389187,345594,1824,277,309,252,14.83333333,173,42,24,2,78,27,54,50,69,"Madison","WI"
"6142",31540,"Madison, WI",647281,389187,345594,2150,13,303,641,8.666666667,3464,565,775,786,1093,245,558,1039,1867,"Madison","WI"
"6143",31540,"Madison, WI",647281,389187,345594,1322,0,55,387,13,58,0,14,23,21,0,18,21,19,"Madison","WI"
"6144",31540,"Madison, WI",647281,389187,345594,1155,15,122,340,4.5,61,4,6,32,12,7,36,20,5,"Madison","WI"
"6145",31540,"Madison, WI",647281,389187,345594,943,44,191,255,7.166666667,408,23,66,195,82,42,133,130,145,"Madison","WI"
"6146",31540,"Madison, WI",647281,389187,345594,1025,14,146,214,6,747,23,136,62,520,6,202,232,313,"Madison","WI"
"6147",31540,"Madison, WI",647281,389187,345594,1267,8,92,406,4.833333333,156,11,5,68,67,5,50,51,55,"Madison","WI"
"6148",31540,"Madison, WI",647281,389187,345594,848,14,170,200,4.333333333,693,30,6,563,84,10,66,164,463,"Madison","WI"
"6149",31540,"Madison, WI",647281,389187,345594,1079,4,64,406,3.666666667,105,0,0,59,46,0,26,53,26,"Madison","WI"
"6150",31540,"Madison, WI",647281,389187,345594,1177,8,98,356,3.666666667,191,4,8,82,97,0,39,70,82,"Madison","WI"
"6151",31540,"Madison, WI",647281,389187,345594,792,6,121,212,6.5,179,35,0,65,55,24,59,69,51,"Madison","WI"
"6152",31540,"Madison, WI",647281,389187,345594,542,29,78,130,4.166666667,34,0,2,1,31,0,14,2,18,"Madison","WI"
"6153",31540,"Madison, WI",647281,389187,345594,1360,0,195,330,8.333333333,507,13,6,148,340,0,129,208,170,"Madison","WI"
"6154",31540,"Madison, WI",647281,389187,345594,1247,74,113,374,6.833333333,207,26,6,82,67,26,52,101,54,"Madison","WI"
"6155",31540,"Madison, WI",647281,389187,345594,1342,20,95,435,7.5,675,80,33,285,266,11,179,163,333,"Madison","WI"
"6156",31540,"Madison, WI",647281,389187,345594,1773,48,324,419,9.166666667,1116,175,31,301,535,74,367,315,434,"Madison","WI"
"6157",31540,"Madison, WI",647281,389187,345594,836,14,96,236,7.333333333,187,64,3,45,57,18,60,67,60,"Madison","WI"
"6158",31540,"Madison, WI",647281,389187,345594,2633,0,307,727,8.833333333,2763,488,596,459,816,404,692,643,1428,"Madison","WI"
"6159",31540,"Madison, WI",647281,389187,345594,4990,51,619,1233,8.666666667,930,75,187,155,384,129,307,286,337,"Madison","WI"
"6160",31540,"Madison, WI",647281,389187,345594,898,0,91,274,5,89,0,5,3,22,59,28,38,23,"Madison","WI"
"6161",31540,"Madison, WI",647281,389187,345594,3604,8,334,888,7.5,546,5,158,16,337,30,189,113,244,"Madison","WI"
"6162",31540,"Madison, WI",647281,389187,345594,2621,247,950,325,17,4249,757,2441,71,711,269,877,1128,2244,"Madison","WI"
"6163",31540,"Madison, WI",647281,389187,345594,1354,207,434,210,14.66666667,8464,1235,833,710,4820,866,2030,2600,3834,"Madison","WI"
"6164",31540,"Madison, WI",647281,389187,345594,858,0,171,306,11.66666667,289,227,28,1,30,3,92,141,56,"Madison","WI"
"6165",31540,"Madison, WI",647281,389187,345594,755,11,234,134,16.66666667,3920,2020,384,63,775,678,1872,1214,834,"Madison","WI"
"6166",31540,"Madison, WI",647281,389187,345594,1436,0,297,351,8.5,76,0,3,36,37,0,18,17,41,"Madison","WI"
"6167",31540,"Madison, WI",647281,389187,345594,3425,141,892,757,12.66666667,1026,316,21,13,394,282,429,413,184,"Madison","WI"
"6168",31540,"Madison, WI",647281,389187,345594,1100,4,148,301,8.5,408,76,72,75,179,6,149,137,122,"Madison","WI"
"6169",31540,"Madison, WI",647281,389187,345594,523,12,196,137,11.66666667,333,21,132,34,61,85,156,107,70,"Madison","WI"
"6170",31540,"Madison, WI",647281,389187,345594,1257,5,168,282,7,434,12,15,80,323,4,130,140,164,"Madison","WI"
"6171",31540,"Madison, WI",647281,389187,345594,1779,11,131,560,4.333333333,142,28,7,79,28,0,41,66,35,"Madison","WI"
"6172",31540,"Madison, WI",647281,389187,345594,679,40,169,124,10.33333333,111,24,8,0,72,7,40,32,39,"Madison","WI"
"6173",31540,"Madison, WI",647281,389187,345594,2220,61,165,614,4.166666667,1199,5,6,1016,166,6,142,503,554,"Madison","WI"
"6174",31540,"Madison, WI",647281,389187,345594,1345,16,170,484,12.33333333,217,6,4,2,100,105,102,79,36,"Madison","WI"
"6175",31540,"Madison, WI",647281,389187,345594,1386,94,519,197,11.16666667,837,14,82,2,714,25,162,320,355,"Madison","WI"
"6176",31540,"Madison, WI",647281,389187,345594,1276,0,81,435,13.16666667,73,0,10,17,46,0,14,33,26,"Madison","WI"
"6177",31540,"Madison, WI",647281,389187,345594,3439,0,356,1071,10.83333333,346,1,9,151,136,49,69,89,188,"Madison","WI"
"6178",31540,"Madison, WI",647281,389187,345594,2225,0,283,663,15,102,21,17,10,29,25,36,52,14,"Madison","WI"
"6179",31540,"Madison, WI",647281,389187,345594,1581,14,179,442,12.66666667,99,0,15,0,21,63,61,25,13,"Madison","WI"
"6180",31540,"Madison, WI",647281,389187,345594,4405,0,659,1240,11,242,0,12,22,208,0,65,75,102,"Madison","WI"
"6181",31540,"Madison, WI",647281,389187,345594,865,0,45,262,2.666666667,10610,0,10266,55,277,12,169,502,9939,"Madison","WI"
"6182",31540,"Madison, WI",647281,389187,345594,3076,0,259,891,12.66666667,450,4,68,53,313,12,116,101,233,"Madison","WI"
"6183",31540,"Madison, WI",647281,389187,345594,950,16,39,20,13.83333333,20230,67,3,0,19836,324,1566,4623,14041,"Madison","WI"
"6184",31540,"Madison, WI",647281,389187,345594,2394,298,187,102,19.33333333,420,59,86,0,167,108,180,169,71,"Madison","WI"
"6185",31540,"Madison, WI",647281,389187,345594,2767,0,0,0,16.5,93,0,0,1,42,50,37,22,34,"Madison","WI"
"6186",31540,"Madison, WI",647281,389187,345594,1835,476,173,20,17.5,933,234,73,13,70,543,575,266,92,"Madison","WI"
"6187",31540,"Madison, WI",647281,389187,345594,2001,491,187,110,18.33333333,813,221,65,0,101,426,488,233,92,"Madison","WI"
"6188",31540,"Madison, WI",647281,389187,345594,1477,149,572,202,18.33333333,1641,0,205,710,717,9,204,329,1108,"Madison","WI"
"6189",31540,"Madison, WI",647281,389187,345594,1207,0,0,0,15.33333333,1349,5,112,0,1162,70,199,277,873,"Madison","WI"
"6190",31540,"Madison, WI",647281,389187,345594,863,53,400,113,16.66666667,11100,99,7947,238,1482,1334,1638,2985,6477,"Madison","WI"
"6191",31540,"Madison, WI",647281,389187,345594,1236,8,28,92,8.333333333,574,123,106,143,151,51,225,179,170,"Madison","WI"
"6192",31540,"Madison, WI",647281,389187,345594,1760,24,58,480,10.83333333,202,94,1,63,44,0,39,60,103,"Madison","WI"
"6193",31540,"Madison, WI",647281,389187,345594,2083,414,139,101,14.66666667,81,17,8,0,0,56,48,27,6,"Madison","WI"
"6194",31540,"Madison, WI",647281,389187,345594,1900,208,518,178,15,8022,36,6083,234,832,837,1394,1271,5357,"Madison","WI"
"6195",31540,"Madison, WI",647281,389187,345594,1689,262,424,321,19.5,4463,607,1182,70,1161,1443,1628,1056,1779,"Madison","WI"
"6196",31540,"Madison, WI",647281,389187,345594,2270,133,372,277,13.5,932,24,30,7,865,6,211,187,534,"Madison","WI"
"6197",31540,"Madison, WI",647281,389187,345594,1852,231,528,263,16.5,2587,2,822,31,1196,536,372,663,1552,"Madison","WI"
"6198",31540,"Madison, WI",647281,389187,345594,2126,62,608,436,11.66666667,633,5,147,0,427,54,109,166,358,"Madison","WI"
"6199",31540,"Madison, WI",647281,389187,345594,1145,5,270,223,11.5,1562,224,76,84,1147,31,803,591,168,"Madison","WI"
"6200",31540,"Madison, WI",647281,389187,345594,2091,148,298,397,15.33333333,488,42,31,8,94,313,189,226,73,"Madison","WI"
"6201",31540,"Madison, WI",647281,389187,345594,2271,168,410,491,14,6228,2682,356,809,816,1565,2671,2227,1330,"Madison","WI"
"6202",31540,"Madison, WI",647281,389187,345594,2039,42,419,539,14,699,0,283,4,240,172,148,236,315,"Madison","WI"
"6203",31540,"Madison, WI",647281,389187,345594,1078,41,406,154,13.33333333,9942,20,5177,714,3792,239,1316,2141,6485,"Madison","WI"
"6204",31540,"Madison, WI",647281,389187,345594,2409,9,136,587,5,162,0,8,30,99,25,66,56,40,"Madison","WI"
"6205",31540,"Madison, WI",647281,389187,345594,2080,21,365,645,12.16666667,1120,69,118,775,105,53,118,260,742,"Madison","WI"
"6206",31540,"Madison, WI",647281,389187,345594,3881,200,400,907,14.16666667,698,0,41,12,374,271,228,307,163,"Madison","WI"
"6207",31540,"Madison, WI",647281,389187,345594,3161,85,487,695,10.33333333,827,70,11,11,422,313,393,219,215,"Madison","WI"
"6208",31540,"Madison, WI",647281,389187,345594,1685,119,310,442,11.66666667,118,24,12,19,63,0,37,46,35,"Madison","WI"
"6209",31540,"Madison, WI",647281,389187,345594,1655,13,138,495,13.5,299,75,17,43,67,97,108,107,84,"Madison","WI"
"6210",31540,"Madison, WI",647281,389187,345594,4516,14,169,1232,8.166666667,521,131,25,58,236,71,221,156,144,"Madison","WI"
"6211",31540,"Madison, WI",647281,389187,345594,1217,28,259,251,9.833333333,828,74,66,458,184,46,234,367,227,"Madison","WI"
"6212",31540,"Madison, WI",647281,389187,345594,691,2,53,201,4.166666667,100,4,12,60,23,1,34,33,33,"Madison","WI"
"6213",31540,"Madison, WI",647281,389187,345594,1064,23,144,276,8.166666667,250,21,0,56,173,0,76,76,98,"Madison","WI"
"6214",31540,"Madison, WI",647281,389187,345594,864,33,182,164,10.5,326,0,13,220,61,32,75,78,173,"Madison","WI"
"6215",31540,"Madison, WI",647281,389187,345594,759,0,128,208,8.833333333,47,0,2,2,30,13,27,13,7,"Madison","WI"
"6216",31540,"Madison, WI",647281,389187,345594,822,12,121,207,11.66666667,185,8,9,28,68,72,76,58,51,"Madison","WI"
"6217",31540,"Madison, WI",647281,389187,345594,959,0,132,239,7.5,100,4,0,62,24,10,35,30,35,"Madison","WI"
"6218",31540,"Madison, WI",647281,389187,345594,564,21,78,199,5.166666667,634,27,19,548,34,6,53,156,425,"Madison","WI"
"6219",31540,"Madison, WI",647281,389187,345594,2770,0,284,748,7.833333333,906,131,93,440,153,89,212,274,420,"Madison","WI"
"6220",31540,"Madison, WI",647281,389187,345594,671,4,29,219,3.833333333,111,5,4,72,4,26,41,32,38,"Madison","WI"
"6221",31540,"Madison, WI",647281,389187,345594,1781,11,90,618,4.5,236,4,5,67,126,34,61,98,77,"Madison","WI"
"6222",31540,"Madison, WI",647281,389187,345594,1985,11,176,588,4.666666667,1071,77,73,829,91,1,183,374,514,"Madison","WI"
"6223",31540,"Madison, WI",647281,389187,345594,2129,77,331,401,14.5,4312,44,149,24,3908,187,631,1489,2192,"Madison","WI"
"6224",31540,"Madison, WI",647281,389187,345594,0,0,0,0,1,0,0,0,0,0,0,0,0,0,"Madison","WI"
"6225",31540,"Madison, WI",647281,389187,345594,1229,43,290,242,15.66666667,409,116,79,7,58,149,168,159,82,"Madison","WI"
"6226",31540,"Madison, WI",647281,389187,345594,1627,84,362,415,16.16666667,673,17,180,46,371,59,184,197,292,"Madison","WI"
"6227",31540,"Madison, WI",647281,389187,345594,1182,10,85,383,10.66666667,79,0,2,2,75,0,15,17,47,"Madison","WI"
"6228",31540,"Madison, WI",647281,389187,345594,710,0,54,231,2.5,69,0,4,61,4,0,14,27,28,"Madison","WI"
"6229",31540,"Madison, WI",647281,389187,345594,858,16,52,262,3.333333333,35,3,8,19,5,0,9,18,8,"Madison","WI"
"6230",31540,"Madison, WI",647281,389187,345594,1171,22,83,409,4.833333333,129,4,6,71,29,19,47,37,45,"Madison","WI"
"6231",31540,"Madison, WI",647281,389187,345594,1384,9,125,392,10,336,27,6,23,142,138,141,112,83,"Madison","WI"
"6232",31540,"Madison, WI",647281,389187,345594,0,0,0,0,1,0,0,0,0,0,0,0,0,0,"Madison","WI"
"6233",31540,"Madison, WI",647281,389187,345594,1164,0,93,328,6.166666667,155,0,16,64,44,31,54,48,53,"Madison","WI"
"6234",31540,"Madison, WI",647281,389187,345594,836,40,240,138,15.66666667,96,0,37,3,55,1,17,43,36,"Madison","WI"
"6235",31540,"Madison, WI",647281,389187,345594,1272,0,319,221,15.83333333,183,8,10,5,117,43,81,52,50,"Madison","WI"
"6236",31540,"Madison, WI",647281,389187,345594,968,21,115,256,15,220,63,64,0,35,58,84,74,62,"Madison","WI"
"6237",31540,"Madison, WI",647281,389187,345594,722,9,47,220,4,280,0,0,253,20,7,23,38,219,"Madison","WI"
"6238",31540,"Madison, WI",647281,389187,345594,640,6,105,179,4.666666667,62,0,1,12,49,0,19,12,31,"Madison","WI"
"6239",31540,"Madison, WI",647281,389187,345594,1824,28,110,621,3.5,241,0,3,165,23,50,92,52,97,"Madison","WI"
"6240",31540,"Madison, WI",647281,389187,345594,2103,14,85,658,4.166666667,487,12,4,389,70,12,73,133,281,"Madison","WI"
"6241",31540,"Madison, WI",647281,389187,345594,2758,166,609,506,13.83333333,1116,154,30,23,489,420,514,380,222,"Madison","WI"
"6242",31540,"Madison, WI",647281,389187,345594,2353,0,104,717,4.333333333,586,0,13,430,83,60,165,230,191,"Madison","WI"
"6243",31540,"Madison, WI",647281,389187,345594,1314,0,131,353,11.33333333,44,0,0,20,24,0,16,20,8,"Madison","WI"
"6244",31540,"Madison, WI",647281,389187,345594,1280,184,286,230,14.83333333,448,46,52,26,208,116,185,139,124,"Madison","WI"
"6245",31540,"Madison, WI",647281,389187,345594,1592,12,338,526,10,1307,181,29,838,217,42,147,460,700,"Madison","WI"
"6246",31540,"Madison, WI",647281,389187,345594,2240,18,101,599,6.5,463,17,30,202,191,23,114,109,240,"Madison","WI"
"6247",31540,"Madison, WI",647281,389187,345594,1064,3,104,358,5.666666667,331,23,0,190,88,30,69,120,142,"Madison","WI"
"6248",31540,"Madison, WI",647281,389187,345594,426,29,43,179,5.5,105,0,4,55,30,16,28,58,19,"Madison","WI"
"6249",31540,"Madison, WI",647281,389187,345594,1648,33,211,464,7.666666667,420,62,70,97,152,39,185,128,107,"Madison","WI"
"6250",31540,"Madison, WI",647281,389187,345594,1898,30,295,525,7.833333333,607,77,86,88,283,73,213,217,177,"Madison","WI"
"6251",31540,"Madison, WI",647281,389187,345594,4540,14,479,1228,7.166666667,602,50,47,265,180,60,150,177,275,"Madison","WI"
"6252",31540,"Madison, WI",647281,389187,345594,2029,6,49,581,6,210,18,15,64,102,11,30,54,126,"Madison","WI"
"6253",31540,"Madison, WI",647281,389187,345594,1230,0,76,368,4.333333333,422,372,3,28,16,3,124,196,102,"Madison","WI"
"6254",31540,"Madison, WI",647281,389187,345594,857,4,34,292,6.166666667,433,17,44,95,266,11,101,131,201,"Madison","WI"
"6255",31540,"Madison, WI",647281,389187,345594,1173,53,267,265,15.16666667,246,7,62,0,146,31,87,50,109,"Madison","WI"
"6256",31540,"Madison, WI",647281,389187,345594,1201,0,254,242,10.66666667,296,40,53,37,91,75,155,93,48,"Madison","WI"
"6257",31540,"Madison, WI",647281,389187,345594,2875,2,134,980,4.166666667,205,0,9,72,95,29,81,83,41,"Madison","WI"
"6258",31540,"Madison, WI",647281,389187,345594,830,0,117,279,11.83333333,25,1,4,2,16,2,10,11,4,"Madison","WI"
"6259",31540,"Madison, WI",647281,389187,345594,2161,16,470,519,10.16666667,1366,177,408,417,304,60,249,372,745,"Madison","WI"
"6260",31540,"Madison, WI",647281,389187,345594,1771,0,317,415,7.5,860,20,565,56,212,7,103,222,535,"Madison","WI"
"6261",31540,"Madison, WI",647281,389187,345594,2200,10,213,659,8,383,5,20,139,182,37,121,136,126,"Madison","WI"
"6262",31540,"Madison, WI",647281,389187,345594,2974,16,350,871,14.16666667,1053,1,141,70,678,163,340,276,437,"Madison","WI"
"6263",31540,"Madison, WI",647281,389187,345594,1518,35,166,422,7.5,881,1,109,402,331,38,205,234,442,"Madison","WI"
"6264",31540,"Madison, WI",647281,389187,345594,433,27,68,101,5,199,0,3,152,3,41,38,98,63,"Madison","WI"
"6265",31540,"Madison, WI",647281,389187,345594,1832,47,88,563,8.5,260,21,0,9,174,56,110,78,72,"Madison","WI"
"6266",31540,"Madison, WI",647281,389187,345594,1098,106,291,143,9.5,29,0,22,0,4,3,10,7,12,"Madison","WI"
"6267",31540,"Madison, WI",647281,389187,345594,2143,80,578,452,14.33333333,141,8,10,13,68,42,48,74,19,"Madison","WI"
"6268",31540,"Madison, WI",647281,389187,345594,2823,0,420,661,11.16666667,148,26,0,35,85,2,42,67,39,"Madison","WI"
"6269",31540,"Madison, WI",647281,389187,345594,2739,0,314,807,12,111,0,19,16,67,9,28,46,37,"Madison","WI"
"6270",31540,"Madison, WI",647281,389187,345594,519,7,350,40,15.16666667,1586,549,152,30,750,105,513,604,469,"Madison","WI"
"6271",31540,"Madison, WI",647281,389187,345594,2497,313,418,267,7.333333333,3207,228,59,1550,1132,238,570,1154,1483,"Madison","WI"
"6272",31540,"Madison, WI",647281,389187,345594,635,0,215,163,9.666666667,911,132,33,469,179,98,218,379,314,"Madison","WI"
"6273",31540,"Madison, WI",647281,389187,345594,1400,64,57,358,4,55,0,14,23,9,9,22,17,16,"Madison","WI"
"6274",31540,"Madison, WI",647281,389187,345594,2123,13,210,598,5.166666667,688,13,0,123,491,61,204,257,227,"Madison","WI"
"6275",31540,"Madison, WI",647281,389187,345594,949,12,58,290,4.333333333,301,40,19,242,0,0,70,113,118,"Madison","WI"
"6276",31540,"Madison, WI",647281,389187,345594,1195,2,52,417,2.333333333,41,0,2,29,10,0,4,22,15,"Madison","WI"
"6277",31540,"Madison, WI",647281,389187,345594,1445,25,244,432,4.5,75,12,7,24,25,7,27,31,17,"Madison","WI"
"6278",31540,"Madison, WI",647281,389187,345594,3435,2,295,955,8.333333333,2229,727,96,339,475,592,1090,693,446,"Madison","WI"
"6279",31540,"Madison, WI",647281,389187,345594,2112,0,97,657,3.833333333,207,12,6,19,152,18,94,59,54,"Madison","WI"
"6280",31540,"Madison, WI",647281,389187,345594,2732,650,267,110,17.5,557,63,150,15,192,137,200,156,201,"Madison","WI"
"6281",31540,"Madison, WI",647281,389187,345594,1427,454,350,33,11.5,281,0,44,0,6,231,152,84,45,"Madison","WI"
"6282",31540,"Madison, WI",647281,389187,345594,1738,8,156,501,14.5,3642,291,78,1984,859,430,644,1148,1850,"Madison","WI"
"6283",31540,"Madison, WI",647281,389187,345594,811,168,164,17,11.33333333,50,0,6,0,2,42,36,11,3,"Madison","WI"
"6284",31540,"Madison, WI",647281,389187,345594,3302,5,150,1072,8.333333333,9489,1442,1615,3098,2839,495,1384,2690,5415,"Madison","WI"
"6285",31540,"Madison, WI",647281,389187,345594,800,0,150,240,13.66666667,79,2,0,2,51,24,19,44,16,"Madison","WI"
"6286",31540,"Madison, WI",647281,389187,345594,2209,22,216,572,9.166666667,1205,188,19,532,350,116,419,371,415,"Madison","WI"
"6287",31540,"Madison, WI",647281,389187,345594,2355,0,0,0,13,0,0,0,0,0,0,0,0,0,"Madison","WI"
"6288",31540,"Madison, WI",647281,389187,345594,813,0,15,252,4.5,50,0,4,8,38,0,5,15,30,"Madison","WI"
"6289",31540,"Madison, WI",647281,389187,345594,1506,78,262,345,10.33333333,7,0,0,2,5,0,2,1,4,"Madison","WI"
"6290",31540,"Madison, WI",647281,389187,345594,1615,45,298,401,11.33333333,2344,309,34,1336,522,143,531,789,1024,"Madison","WI"
"6291",31540,"Madison, WI",647281,389187,345594,1298,59,241,315,6.5,1206,49,8,30,1102,17,205,408,593,"Madison","WI"
"6292",31540,"Madison, WI",647281,389187,345594,1248,45,271,228,7.5,3464,119,121,1889,1159,176,598,1055,1811,"Madison","WI"
"6293",16940,"Cheyenne, WY",97692,45778,43912,1498,0,98,526,6.5,80,21,5,17,37,0,26,32,22,"Cheyenne","WY"
"6294",16940,"Cheyenne, WY",97692,45778,43912,1615,0,25,545,7.5,1088,0,1012,34,42,0,14,223,851,"Cheyenne","WY"
"6295",16940,"Cheyenne, WY",97692,45778,43912,1061,0,66,286,10,256,21,67,15,130,23,52,107,97,"Cheyenne","WY"
"6296",16940,"Cheyenne, WY",97692,45778,43912,1898,0,122,605,10.66666667,261,25,46,21,155,14,53,100,108,"Cheyenne","WY"
"6297",16940,"Cheyenne, WY",97692,45778,43912,1074,14,14,430,7.166666667,93,0,5,6,82,0,12,44,37,"Cheyenne","WY"
"6298",16940,"Cheyenne, WY",97692,45778,43912,1284,0,86,333,9.333333333,399,179,61,27,10,122,167,176,56,"Cheyenne","WY"
"6299",16940,"Cheyenne, WY",97692,45778,43912,1373,41,109,388,8.5,34,13,8,4,9,0,13,17,4,"Cheyenne","WY"
"6300",16940,"Cheyenne, WY",97692,45778,43912,693,8,29,275,5.166666667,70,0,1,34,25,10,30,18,22,"Cheyenne","WY"
"6301",16940,"Cheyenne, WY",97692,45778,43912,2170,188,615,424,11.33333333,740,43,264,77,225,131,236,246,258,"Cheyenne","WY"
"6302",16940,"Cheyenne, WY",97692,45778,43912,1288,15,115,319,6.5,15,0,0,5,10,0,4,8,3,"Cheyenne","WY"
"6303",16940,"Cheyenne, WY",97692,45778,43912,835,0,52,249,5,11,0,0,0,11,0,5,4,2,"Cheyenne","WY"
"6304",16940,"Cheyenne, WY",97692,45778,43912,2053,35,411,437,10.66666667,437,44,42,46,231,74,135,190,112,"Cheyenne","WY"
"6305",16940,"Cheyenne, WY",97692,45778,43912,587,45,186,134,9.833333333,4166,0,1391,17,2758,0,427,1012,2727,"Cheyenne","WY"
"6306",16940,"Cheyenne, WY",97692,45778,43912,621,0,7,167,4.833333333,35,0,3,0,32,0,4,21,10,"Cheyenne","WY"
"6307",16940,"Cheyenne, WY",97692,45778,43912,496,0,34,123,3.333333333,0,0,0,0,0,0,0,0,0,"Cheyenne","WY"
"6308",16940,"Cheyenne, WY",97692,45778,43912,1104,0,178,259,7.833333333,92,18,17,19,38,0,20,36,36,"Cheyenne","WY"
"6309",16940,"Cheyenne, WY",97692,45778,43912,2506,41,47,848,4.333333333,190,0,6,138,46,0,55,76,59,"Cheyenne","WY"
"6310",16940,"Cheyenne, WY",97692,45778,43912,579,22,100,146,8.5,182,104,1,75,2,0,30,80,72,"Cheyenne","WY"
"6311",16940,"Cheyenne, WY",97692,45778,43912,1611,324,143,257,11.83333333,11350,784,4266,798,4580,922,2066,3195,6089,"Cheyenne","WY"
"6312",16940,"Cheyenne, WY",97692,45778,43912,807,29,60,208,9.666666667,44,0,2,14,28,0,22,7,15,"Cheyenne","WY"
"6313",16940,"Cheyenne, WY",97692,45778,43912,1408,11,101,459,3.166666667,441,1,26,379,35,0,71,156,214,"Cheyenne","WY"
"6314",16940,"Cheyenne, WY",97692,45778,43912,1970,18,257,536,6.5,737,65,46,181,380,65,213,228,296,"Cheyenne","WY"
"6315",16940,"Cheyenne, WY",97692,45778,43912,1652,124,387,377,9,391,3,47,29,273,39,142,135,114,"Cheyenne","WY"
"6316",16940,"Cheyenne, WY",97692,45778,43912,2759,82,249,661,8.666666667,635,22,157,286,147,23,107,212,316,"Cheyenne","WY"
"6317",16940,"Cheyenne, WY",97692,45778,43912,995,8,43,397,5.666666667,1774,109,39,1028,227,371,351,672,751,"Cheyenne","WY"
"6318",16940,"Cheyenne, WY",97692,45778,43912,1373,13,287,144,7.166666667,2237,220,18,1033,916,50,547,670,1020,"Cheyenne","WY"
"6319",16940,"Cheyenne, WY",97692,45778,43912,1243,27,322,254,12.5,470,32,59,26,314,39,120,197,153,"Cheyenne","WY"
"6320",16940,"Cheyenne, WY",97692,45778,43912,1276,0,157,329,8.5,942,23,358,395,53,113,132,154,656,"Cheyenne","WY"
"6321",16940,"Cheyenne, WY",97692,45778,43912,2569,44,628,451,7.833333333,593,210,20,29,61,273,242,273,78,"Cheyenne","WY"
"6322",16940,"Cheyenne, WY",97692,45778,43912,1652,0,195,355,8.666666667,626,390,53,39,46,98,299,237,90,"Cheyenne","WY"
"6323",16940,"Cheyenne, WY",97692,45778,43912,1754,22,314,404,12,1121,243,419,71,382,6,231,602,288,"Cheyenne","WY"
"6324",16940,"Cheyenne, WY",97692,45778,43912,1165,0,155,382,11.83333333,455,65,12,35,102,241,211,181,63,"Cheyenne","WY"
"6325",16940,"Cheyenne, WY",97692,45778,43912,1703,98,238,447,8.5,75,8,14,5,48,0,21,39,15,"Cheyenne","WY"
"6326",16940,"Cheyenne, WY",97692,45778,43912,1193,0,196,369,11.83333333,589,34,20,141,318,76,214,236,139,"Cheyenne","WY"
"6327",16940,"Cheyenne, WY",97692,45778,43912,1127,91,295,260,13,1524,189,152,317,641,225,476,522,526,"Cheyenne","WY"
"6328",16940,"Cheyenne, WY",97692,45778,43912,578,6,97,171,6.833333333,63,0,3,12,3,45,43,16,4,"Cheyenne","WY"
"6329",16940,"Cheyenne, WY",97692,45778,43912,729,12,85,228,11.33333333,172,0,47,13,58,54,92,58,22,"Cheyenne","WY"
"6330",16940,"Cheyenne, WY",97692,45778,43912,535,11,86,142,8,121,0,10,10,43,58,35,43,43,"Cheyenne","WY"
"6331",16940,"Cheyenne, WY",97692,45778,43912,517,19,156,116,9.5,490,9,382,19,45,35,50,199,241,"Cheyenne","WY"
"6332",16940,"Cheyenne, WY",97692,45778,43912,928,0,131,289,9.5,25,0,0,5,11,9,8,13,4,"Cheyenne","WY"
"6333",16940,"Cheyenne, WY",97692,45778,43912,1104,20,147,292,11.83333333,317,22,102,10,183,0,91,118,108,"Cheyenne","WY"
"6334",16940,"Cheyenne, WY",97692,45778,43912,853,0,103,233,10.83333333,82,0,37,6,39,0,14,24,44,"Cheyenne","WY"
"6335",16940,"Cheyenne, WY",97692,45778,43912,2942,9,238,938,7.833333333,330,4,53,39,203,31,107,118,105,"Cheyenne","WY"
"6336",16940,"Cheyenne, WY",97692,45778,43912,1588,46,278,301,9.333333333,245,35,15,124,22,49,69,102,74,"Cheyenne","WY"
"6337",16940,"Cheyenne, WY",97692,45778,43912,1918,0,242,652,7.833333333,853,6,12,581,254,0,130,297,426,"Cheyenne","WY"
"6338",16940,"Cheyenne, WY",97692,45778,43912,1119,7,82,279,6.5,19,0,2,0,17,0,16,0,3,"Cheyenne","WY"
"6339",16940,"Cheyenne, WY",97692,45778,43912,1995,20,25,585,4,135,0,36,61,37,1,40,41,54,"Cheyenne","WY"
"6340",16940,"Cheyenne, WY",97692,45778,43912,4038,38,297,1062,6,2968,375,554,1689,298,52,411,1390,1167,"Cheyenne","WY"
"6341",16940,"Cheyenne, WY",97692,45778,43912,0,0,0,0,7.666666667,366,34,16,220,66,30,80,135,151,"Cheyenne","WY"
"6342",16940,"Cheyenne, WY",97692,45778,43912,2102,12,92,748,4.166666667,186,0,11,93,57,25,58,57,71,"Cheyenne","WY"
"6343",16940,"Cheyenne, WY",97692,45778,43912,1718,16,117,532,5.166666667,156,7,10,58,58,23,47,50,59,"Cheyenne","WY"
"6344",16940,"Cheyenne, WY",97692,45778,43912,2812,0,205,815,2.833333333,162,2,3,113,44,0,36,60,66,"Cheyenne","WY"
"6345",16940,"Cheyenne, WY",97692,45778,43912,1229,14,36,350,4.166666667,98,0,1,36,31,30,35,25,38,"Cheyenne","WY"
"6346",16940,"Cheyenne, WY",97692,45778,43912,1506,0,212,369,5.666666667,58,0,5,34,19,0,11,23,24,"Cheyenne","WY"
"6347",16940,"Cheyenne, WY",97692,45778,43912,925,19,10,331,2,43,0,0,39,4,0,17,19,7,"Cheyenne","WY"
"6348",16940,"Cheyenne, WY",97692,45778,43912,1511,9,104,441,6.666666667,69,0,2,66,1,0,10,51,8,"Cheyenne","WY"
"6349",16940,"Cheyenne, WY",97692,45778,43912,1237,54,276,340,11.16666667,514,246,32,47,101,88,153,262,99,"Cheyenne","WY"
"6350",16940,"Cheyenne, WY",97692,45778,43912,1339,15,63,485,8.333333333,47,0,11,14,22,0,16,25,6,"Cheyenne","WY"
"6351",16940,"Cheyenne, WY",97692,45778,43912,2021,88,245,395,8.833333333,4390,2088,136,28,998,1140,1755,1793,842,"Cheyenne","WY"
"6352",16940,"Cheyenne, WY",97692,45778,43912,1183,0,26,134,8.833333333,252,5,27,67,117,36,46,91,115,"Cheyenne","WY"
"6353",16940,"Cheyenne, WY",97692,45778,43912,2582,0,279,574,6,48,7,8,20,13,0,12,13,23,"Cheyenne","WY"
"6354",16940,"Cheyenne, WY",97692,45778,43912,656,26,280,122,12.66666667,529,147,56,5,226,95,178,213,138,"Cheyenne","WY"
"6355",16940,"Cheyenne, WY",97692,45778,43912,2357,15,379,610,9.333333333,182,44,72,7,36,23,57,73,52,"Cheyenne","WY"
"6356",16940,"Cheyenne, WY",97692,45778,43912,953,0,21,285,5.5,44,3,16,14,11,0,11,8,25,"Cheyenne","WY"
"6357",16940,"Cheyenne, WY",97692,45778,43912,606,17,73,123,5.833333333,60,0,6,3,9,42,22,25,13,"Cheyenne","WY"
"6358",16940,"Cheyenne, WY",97692,45778,43912,486,0,45,174,8,106,0,0,6,100,0,21,34,51,"Cheyenne","WY"
"6359",16940,"Cheyenne, WY",97692,45778,43912,1189,18,101,386,4.166666667,23,0,0,14,9,0,7,6,10,"Cheyenne","WY"
"6360",16940,"Cheyenne, WY",97692,45778,43912,774,0,73,178,4.666666667,85,4,6,66,9,0,20,31,34,"Cheyenne","WY"
"6361",16940,"Cheyenne, WY",97692,45778,43912,2670,50,387,562,9.666666667,387,27,74,86,146,54,113,148,126,"Cheyenne","WY"
